-- Generated by Craft v2.6.2999 on 7 mrt. 2018 09:07:42.

--
-- Disable foreign key checks and autocommit.
--

SET FOREIGN_KEY_CHECKS = 0;
SET SQL_MODE = "NO_AUTO_VALUE_ON_ZERO";
SET AUTOCOMMIT = 0;
SET NAMES utf8;


DROP TABLE IF EXISTS `craft_assetfiles`;


--
-- Schema for table `craft_assetfiles`
--
CREATE TABLE `craft_assetfiles` (
  `id` int(11) NOT NULL,
  `sourceId` int(11) DEFAULT NULL,
  `folderId` int(11) NOT NULL,
  `filename` varchar(255) COLLATE utf8_unicode_ci NOT NULL,
  `kind` varchar(50) COLLATE utf8_unicode_ci NOT NULL DEFAULT 'unknown',
  `width` int(11) unsigned DEFAULT NULL,
  `height` int(11) unsigned DEFAULT NULL,
  `size` bigint(20) unsigned DEFAULT NULL,
  `dateModified` datetime DEFAULT NULL,
  `dateCreated` datetime NOT NULL,
  `dateUpdated` datetime NOT NULL,
  `uid` char(36) COLLATE utf8_unicode_ci NOT NULL DEFAULT '0',
  PRIMARY KEY (`id`),
  UNIQUE KEY `craft_assetfiles_filename_folderId_unq_idx` (`filename`,`folderId`),
  KEY `craft_assetfiles_sourceId_fk` (`sourceId`),
  KEY `craft_assetfiles_folderId_fk` (`folderId`)
) ENGINE=InnoDB DEFAULT CHARSET=utf8 COLLATE=utf8_unicode_ci;

--
-- Data for table `craft_assetfiles`
--

INSERT INTO `craft_assetfiles` (`id`, `sourceId`, `folderId`, `filename`, `kind`, `width`, `height`, `size`, `dateModified`, `dateCreated`, `dateUpdated`, `uid`) VALUES
 ('18', '3', '3', 'Almere.png', 'image', '1000', '1000', '4007529', '2017-09-03 20:58:44', '2017-09-03 20:59:02', '2017-09-03 20:59:03', '4cd4ffe1-4517-4e72-80fc-71cd667ac600'),
 ('19', '3', '3', 'ghg.png', 'image', '1000', '1000', '4007529', '2017-09-03 20:58:47', '2017-09-03 20:59:03', '2017-09-03 20:59:03', '6cd23456-296e-4398-939e-ebc68fc174bc'),
 ('20', '3', '3', 'groenlinks.png', 'image', '1000', '1000', '4007529', '2017-09-03 20:58:49', '2017-09-03 20:59:03', '2017-09-03 20:59:03', '00525e42-3446-475e-9f83-102b5c09ca5b'),
 ('21', '3', '3', 'newskool.png', 'image', '1000', '1000', '4007529', '2017-09-03 20:58:52', '2017-09-03 20:59:03', '2017-09-03 20:59:03', 'c58b3672-4856-45bd-b9b5-46433884c570'),
 ('22', '3', '3', 'youshare.png', 'image', '1000', '1000', '4007529', '2017-09-03 20:58:54', '2017-09-03 20:59:04', '2017-09-03 20:59:04', '103a47ba-89d2-4253-9d68-5543bdd02189'),
 ('26', '4', '4', 'animation.png', 'image', '256', '256', '3636', '2017-09-03 20:59:20', '2017-09-03 20:59:24', '2017-09-03 20:59:24', '92cad226-d1f8-4b87-ae57-0ec4d8e0a2e2'),
 ('27', '4', '4', 'sounddesign.png', 'image', '256', '256', '7268', '2017-09-03 20:59:21', '2017-09-03 20:59:24', '2017-09-03 20:59:24', 'd2a938f8-fecb-4e39-9a55-3b0efa03d37d'),
 ('28', '4', '4', 'webdevelopment.png', 'image', '256', '256', '262892', '2017-09-03 20:59:21', '2017-09-03 20:59:25', '2017-09-03 20:59:25', '3a82d410-2c05-4939-b0ef-ba087392dc44'),
 ('69', '5', '5', 'R-favicon.png', 'image', '206', '206', '2956', '2017-09-06 13:41:45', '2017-09-06 13:41:45', '2017-09-06 13:41:45', '1cea95df-1745-4377-842b-8754d9930ab5'),
 ('80', '3', '3', 'benvanderwal.jpg', 'image', '1897', '912', '665668', '2017-09-11 10:09:12', '2017-09-06 22:58:23', '2017-09-11 10:09:17', '813bc726-a9a6-4529-b3a4-9de3bd85b1c7'),
 ('81', '3', '3', 'indruk.jpg', 'image', '1000', '700', '718838', '2017-09-06 22:58:49', '2017-09-06 22:58:49', '2017-09-06 22:58:49', 'dbbdbfac-4d68-450e-bc05-1291d7fa1b7d'),
 ('82', '3', '3', 'tilburg.jpg', 'image', '1000', '700', '547308', '2017-09-06 22:58:49', '2017-09-06 22:58:50', '2017-09-06 22:58:50', '6881b4ae-290d-4d0b-8d34-6084b490ddbb'),
 ('83', '3', '3', 'yes2web.jpg', 'image', '1000', '700', '105938', '2017-09-06 22:58:50', '2017-09-06 22:58:50', '2017-09-06 22:58:50', '4adbf9c8-fd7a-4bdc-b9fe-4d2a43b5f14e'),
 ('88', '3', '3', 'Screen-Shot-2017-09-07-at-01.06.16.png', 'image', '1686', '937', '6330340', '2017-09-06 23:06:41', '2017-09-06 23:06:41', '2017-09-06 23:06:41', '354f086d-9afd-405f-a94d-0e74a1f22b8a'),
 ('89', '3', '3', 'Screen-Shot-2017-09-07-at-01.08.07.png', 'image', '3330', '1870', '3767012', '2017-09-06 23:08:45', '2017-09-06 23:08:46', '2017-09-06 23:08:46', '28efaaf6-27c4-44c1-b0ff-f2c7fff68287'),
 ('93', '3', '3', 'jvdt.jpg', 'image', '1893', '1073', '139066', '2017-09-07 14:43:45', '2017-09-07 14:43:45', '2017-09-07 14:43:45', 'ec60a9a2-5713-4250-8299-9db39126305e'),
 ('104', '2', '2', 'photo.jpg', 'image', '1000', '1000', '630657', '2017-10-14 14:56:12', '2017-10-14 14:56:12', '2017-10-14 14:56:12', '4127ee81-eb69-41e1-ac2a-52155b1e632c'),
 ('108', '3', '3', 'Screen-Shot-2017-11-11-at-13.31.19.png', 'image', '2460', '1372', '13523751', '2017-11-11 12:35:57', '2017-11-11 12:35:58', '2017-11-11 12:35:58', 'aca23e11-8abc-460c-b51b-193eb2d79cfd'),
 ('113', '3', '3', 'Screen-Shot-2017-11-11-at-13.41.46.png', 'image', '2090', '1304', '10920439', '2017-11-11 12:42:35', '2017-11-11 12:42:35', '2017-11-11 12:42:35', '19d25f25-b509-4b2a-8b9c-cdf9b19446f3'),
 ('115', '3', '3', 'Screen-Shot-2017-11-11-at-13.44.01.png', 'image', '2070', '1222', '10135805', '2017-11-11 12:44:38', '2017-11-11 12:44:39', '2017-11-11 12:44:39', '8f308e2f-0782-48c5-aa81-b25ec10a01be'),
 ('117', '3', '3', 'Screen-Shot-2017-11-11-at-13.52.38.png', 'image', '2464', '1214', '11985806', '2017-11-11 12:57:02', '2017-11-11 12:57:03', '2017-11-11 12:57:03', '879dd154-ce57-4f13-b4a7-e0cea5d08faa'),
 ('119', '3', '3', 'Screen-Shot-2017-11-11-at-13.58.43.png', 'image', '2472', '1242', '12302059', '2017-11-11 12:59:14', '2017-11-11 12:59:14', '2017-11-11 12:59:14', 'c4dcf204-3e00-4f15-a80c-020bf59e7595'),
 ('122', '3', '3', 'Screen-Shot-2017-11-16-at-14.15.49.png', 'image', '1686', '836', '5647999', '2017-11-16 13:16:15', '2017-11-16 13:16:15', '2017-11-16 13:16:15', '5dbd009b-c78c-4eb6-be15-03fbb95edc6f'),
 ('124', '3', '3', 'ordevandedag.JPG', 'image', '1918', '953', '184499', '2017-12-04 10:11:58', '2017-12-04 10:11:58', '2017-12-04 10:11:58', '08882695-4d8f-43ad-bfa8-41e30e087edb');



DROP TABLE IF EXISTS `craft_assetfolders`;


--
-- Schema for table `craft_assetfolders`
--
CREATE TABLE `craft_assetfolders` (
  `id` int(11) NOT NULL AUTO_INCREMENT,
  `parentId` int(11) DEFAULT NULL,
  `sourceId` int(11) DEFAULT NULL,
  `name` varchar(255) COLLATE utf8_unicode_ci NOT NULL,
  `path` varchar(255) COLLATE utf8_unicode_ci DEFAULT NULL,
  `dateCreated` datetime NOT NULL,
  `dateUpdated` datetime NOT NULL,
  `uid` char(36) COLLATE utf8_unicode_ci NOT NULL DEFAULT '0',
  PRIMARY KEY (`id`),
  UNIQUE KEY `craft_assetfolders_name_parentId_sourceId_unq_idx` (`name`,`parentId`,`sourceId`),
  KEY `craft_assetfolders_parentId_fk` (`parentId`),
  KEY `craft_assetfolders_sourceId_fk` (`sourceId`)
) ENGINE=InnoDB AUTO_INCREMENT=6 DEFAULT CHARSET=utf8 COLLATE=utf8_unicode_ci;

--
-- Data for table `craft_assetfolders`
--

INSERT INTO `craft_assetfolders` (`id`, `parentId`, `sourceId`, `name`, `path`, `dateCreated`, `dateUpdated`, `uid`) VALUES
 ('2', NULL, '2', 'About', '', '2017-09-03 20:57:36', '2017-09-03 20:57:36', '0300e4c0-129f-47c3-9c1c-cc541196112a'),
 ('3', NULL, '3', 'portfolio', '', '2017-09-03 20:57:53', '2017-09-03 20:57:53', 'cd89b317-cd5c-4663-9655-bc1b0667ea23'),
 ('4', NULL, '4', 'skills', '', '2017-09-03 20:58:09', '2017-09-03 20:58:09', 'ac88c9ee-bfa2-4297-8f41-5b46bed69fe1'),
 ('5', NULL, '5', 'Homepage', '', '2017-09-06 13:38:36', '2017-09-06 13:38:36', '8176618b-1a4a-4fda-b4b5-3030b3708ced');



DROP TABLE IF EXISTS `craft_assetindexdata`;


--
-- Schema for table `craft_assetindexdata`
--
CREATE TABLE `craft_assetindexdata` (
  `id` int(11) NOT NULL AUTO_INCREMENT,
  `sessionId` varchar(36) COLLATE utf8_unicode_ci NOT NULL DEFAULT '',
  `sourceId` int(10) NOT NULL,
  `offset` int(10) NOT NULL,
  `uri` varchar(255) COLLATE utf8_unicode_ci DEFAULT NULL,
  `size` varchar(255) COLLATE utf8_unicode_ci DEFAULT NULL,
  `recordId` int(10) DEFAULT NULL,
  `dateCreated` datetime NOT NULL,
  `dateUpdated` datetime NOT NULL,
  `uid` char(36) COLLATE utf8_unicode_ci NOT NULL DEFAULT '0',
  PRIMARY KEY (`id`),
  UNIQUE KEY `craft_assetindexdata_sessionId_sourceId_offset_unq_idx` (`sessionId`,`sourceId`,`offset`),
  KEY `craft_assetindexdata_sourceId_fk` (`sourceId`)
) ENGINE=InnoDB DEFAULT CHARSET=utf8 COLLATE=utf8_unicode_ci;

DROP TABLE IF EXISTS `craft_assetsources`;


--
-- Schema for table `craft_assetsources`
--
CREATE TABLE `craft_assetsources` (
  `id` int(11) NOT NULL AUTO_INCREMENT,
  `name` varchar(255) COLLATE utf8_unicode_ci NOT NULL,
  `handle` varchar(255) COLLATE utf8_unicode_ci NOT NULL,
  `type` varchar(150) COLLATE utf8_unicode_ci NOT NULL,
  `settings` text COLLATE utf8_unicode_ci,
  `sortOrder` smallint(6) unsigned DEFAULT NULL,
  `fieldLayoutId` int(10) DEFAULT NULL,
  `dateCreated` datetime NOT NULL,
  `dateUpdated` datetime NOT NULL,
  `uid` char(36) COLLATE utf8_unicode_ci NOT NULL DEFAULT '0',
  PRIMARY KEY (`id`),
  UNIQUE KEY `craft_assetsources_name_unq_idx` (`name`),
  UNIQUE KEY `craft_assetsources_handle_unq_idx` (`handle`),
  KEY `craft_assetsources_fieldLayoutId_fk` (`fieldLayoutId`)
) ENGINE=InnoDB AUTO_INCREMENT=6 DEFAULT CHARSET=utf8 COLLATE=utf8_unicode_ci;

--
-- Data for table `craft_assetsources`
--

INSERT INTO `craft_assetsources` (`id`, `name`, `handle`, `type`, `settings`, `sortOrder`, `fieldLayoutId`, `dateCreated`, `dateUpdated`, `uid`) VALUES
 ('2', 'About', 'about', 'Local', '{\"path\":\"uploads\\/about\\/\",\"publicURLs\":\"1\",\"url\":\"\\/uploads\\/about\\/\"}', '1', '31', '2017-09-03 20:57:36', '2017-09-04 07:49:50', '2a49fc40-27c1-4256-a5f1-3c707ed0b634'),
 ('3', 'portfolio', 'portfolio', 'Local', '{\"path\":\"uploads\\/portfolio\\/\",\"publicURLs\":\"1\",\"url\":\"\\/uploads\\/portfolio\\/\"}', '2', '27', '2017-09-03 20:57:53', '2017-09-03 23:05:45', 'd32bf636-1311-41c0-b6fd-ee50a0e4cbd5'),
 ('4', 'skills', 'skills', 'Local', '{\"path\":\"uploads\\/skills\\/\",\"publicURLs\":\"\",\"url\":\"\"}', '3', '10', '2017-09-03 20:58:09', '2017-09-03 20:58:09', '7f88d316-e251-4e69-87dc-4c64c5cb4a1b'),
 ('5', 'Homepage', 'homepage', 'Local', '{\"path\":\"uploads\\/home\\/\",\"publicURLs\":\"1\",\"url\":\"\\/uploads\\/home\\/\"}', '4', '80', '2017-09-06 13:38:36', '2017-09-06 13:49:42', '2c15c230-8717-4ea2-a732-59167ab2063c');



DROP TABLE IF EXISTS `craft_assettransformindex`;


--
-- Schema for table `craft_assettransformindex`
--
CREATE TABLE `craft_assettransformindex` (
  `id` int(11) NOT NULL AUTO_INCREMENT,
  `fileId` int(11) NOT NULL,
  `filename` varchar(255) COLLATE utf8_unicode_ci DEFAULT NULL,
  `format` varchar(255) COLLATE utf8_unicode_ci DEFAULT NULL,
  `location` varchar(255) COLLATE utf8_unicode_ci NOT NULL,
  `sourceId` int(11) DEFAULT NULL,
  `fileExists` tinyint(1) DEFAULT NULL,
  `inProgress` tinyint(1) DEFAULT NULL,
  `dateIndexed` datetime DEFAULT NULL,
  `dateCreated` datetime NOT NULL,
  `dateUpdated` datetime NOT NULL,
  `uid` char(36) COLLATE utf8_unicode_ci NOT NULL DEFAULT '0',
  PRIMARY KEY (`id`),
  KEY `craft_assettransformindex_sourceId_fileId_location_idx` (`sourceId`,`fileId`,`location`)
) ENGINE=InnoDB DEFAULT CHARSET=utf8 COLLATE=utf8_unicode_ci;

DROP TABLE IF EXISTS `craft_assettransforms`;


--
-- Schema for table `craft_assettransforms`
--
CREATE TABLE `craft_assettransforms` (
  `id` int(11) NOT NULL AUTO_INCREMENT,
  `name` varchar(255) COLLATE utf8_unicode_ci NOT NULL,
  `handle` varchar(255) COLLATE utf8_unicode_ci NOT NULL,
  `mode` enum('stretch','fit','crop') COLLATE utf8_unicode_ci NOT NULL DEFAULT 'crop',
  `position` enum('top-left','top-center','top-right','center-left','center-center','center-right','bottom-left','bottom-center','bottom-right') COLLATE utf8_unicode_ci NOT NULL DEFAULT 'center-center',
  `height` int(10) DEFAULT NULL,
  `width` int(10) DEFAULT NULL,
  `format` varchar(255) COLLATE utf8_unicode_ci DEFAULT NULL,
  `quality` int(10) DEFAULT NULL,
  `dimensionChangeTime` datetime DEFAULT NULL,
  `dateCreated` datetime NOT NULL,
  `dateUpdated` datetime NOT NULL,
  `uid` char(36) COLLATE utf8_unicode_ci NOT NULL DEFAULT '0',
  PRIMARY KEY (`id`),
  UNIQUE KEY `craft_assettransforms_name_unq_idx` (`name`),
  UNIQUE KEY `craft_assettransforms_handle_unq_idx` (`handle`)
) ENGINE=InnoDB DEFAULT CHARSET=utf8 COLLATE=utf8_unicode_ci;

DROP TABLE IF EXISTS `craft_categories`;


--
-- Schema for table `craft_categories`
--
CREATE TABLE `craft_categories` (
  `id` int(11) NOT NULL,
  `groupId` int(11) NOT NULL,
  `dateCreated` datetime NOT NULL,
  `dateUpdated` datetime NOT NULL,
  `uid` char(36) COLLATE utf8_unicode_ci NOT NULL DEFAULT '0',
  PRIMARY KEY (`id`),
  KEY `craft_categories_groupId_fk` (`groupId`)
) ENGINE=InnoDB DEFAULT CHARSET=utf8 COLLATE=utf8_unicode_ci;

--
-- Data for table `craft_categories`
--

INSERT INTO `craft_categories` (`id`, `groupId`, `dateCreated`, `dateUpdated`, `uid`) VALUES
 ('30', '1', '2017-09-03 21:04:56', '2017-09-03 21:04:56', 'f9457e9e-d9b2-44d5-a0cf-3a9476a43c46'),
 ('31', '1', '2017-09-03 21:05:03', '2017-09-03 21:05:03', 'a38cccbb-55fb-4bc5-aea3-364c45771a5e'),
 ('32', '1', '2017-09-03 21:05:10', '2017-09-03 21:05:10', '99610fa8-82f1-42f8-a4fb-c08107fc4236'),
 ('45', '2', '2017-09-04 12:35:09', '2017-09-04 13:19:45', '8256e085-be15-4153-9c3c-721118e11fcf'),
 ('46', '2', '2017-09-04 12:35:18', '2017-09-04 13:19:49', '9b4b33d7-262f-43fe-9864-3a58f4d29d92'),
 ('47', '2', '2017-09-04 12:35:24', '2017-09-04 12:48:39', 'a67d89ff-4b49-4f51-8922-b190b3af749f'),
 ('48', '2', '2017-09-04 12:35:31', '2017-09-04 13:19:53', '15da804b-2b4c-481b-9706-2734e071ab66'),
 ('49', '2', '2017-09-04 12:35:40', '2017-09-04 13:19:57', '4a37634d-ae23-4f13-8b62-b94ebe24938c'),
 ('57', '3', '2017-09-05 07:47:56', '2017-09-05 07:47:56', '0f644818-c0a5-4035-b68b-653615604b63'),
 ('58', '3', '2017-09-05 07:48:08', '2017-09-05 07:48:08', '0ae1e1f9-600f-4c39-9f22-7657521f56d8'),
 ('59', '3', '2017-09-05 07:48:15', '2017-09-05 07:48:15', '091dec82-6535-41d0-b352-0a084b62c1e1');



DROP TABLE IF EXISTS `craft_categorygroups`;


--
-- Schema for table `craft_categorygroups`
--
CREATE TABLE `craft_categorygroups` (
  `id` int(11) NOT NULL AUTO_INCREMENT,
  `structureId` int(11) NOT NULL,
  `fieldLayoutId` int(11) DEFAULT NULL,
  `name` varchar(255) COLLATE utf8_unicode_ci NOT NULL,
  `handle` varchar(255) COLLATE utf8_unicode_ci NOT NULL,
  `hasUrls` tinyint(1) unsigned NOT NULL DEFAULT '1',
  `template` varchar(500) COLLATE utf8_unicode_ci DEFAULT NULL,
  `dateCreated` datetime NOT NULL,
  `dateUpdated` datetime NOT NULL,
  `uid` char(36) COLLATE utf8_unicode_ci NOT NULL DEFAULT '0',
  PRIMARY KEY (`id`),
  UNIQUE KEY `craft_categorygroups_name_unq_idx` (`name`),
  UNIQUE KEY `craft_categorygroups_handle_unq_idx` (`handle`),
  KEY `craft_categorygroups_structureId_fk` (`structureId`),
  KEY `craft_categorygroups_fieldLayoutId_fk` (`fieldLayoutId`)
) ENGINE=InnoDB AUTO_INCREMENT=5 DEFAULT CHARSET=utf8 COLLATE=utf8_unicode_ci;

--
-- Data for table `craft_categorygroups`
--

INSERT INTO `craft_categorygroups` (`id`, `structureId`, `fieldLayoutId`, `name`, `handle`, `hasUrls`, `template`, `dateCreated`, `dateUpdated`, `uid`) VALUES
 ('1', '1', '14', 'portfolioType', 'portfoliotype', '0', NULL, '2017-09-03 21:04:25', '2017-09-03 21:04:25', '3fe6dcfb-3ff7-40ef-8d85-33b4851e5fed'),
 ('2', '2', '60', 'skill category', 'skillCategory', '0', NULL, '2017-09-04 12:34:56', '2017-09-05 22:44:24', '0062c42f-2093-47fb-87be-1abcc13fb013'),
 ('3', '3', '57', 'header category', 'headerCategory', '0', NULL, '2017-09-05 07:47:41', '2017-09-05 07:47:41', 'a7e6355b-f785-4229-9738-c7db57feda52'),
 ('4', '4', '61', 'resume category', 'resumeCategory', '0', NULL, '2017-09-05 22:44:38', '2017-09-05 22:44:38', 'fef6701f-a2bb-4339-ae0c-b769f45b51d2');



DROP TABLE IF EXISTS `craft_categorygroups_i18n`;


--
-- Schema for table `craft_categorygroups_i18n`
--
CREATE TABLE `craft_categorygroups_i18n` (
  `id` int(11) NOT NULL AUTO_INCREMENT,
  `groupId` int(11) NOT NULL,
  `locale` char(12) COLLATE utf8_unicode_ci NOT NULL,
  `urlFormat` text COLLATE utf8_unicode_ci,
  `nestedUrlFormat` text COLLATE utf8_unicode_ci,
  `dateCreated` datetime NOT NULL,
  `dateUpdated` datetime NOT NULL,
  `uid` char(36) COLLATE utf8_unicode_ci NOT NULL DEFAULT '0',
  PRIMARY KEY (`id`),
  UNIQUE KEY `craft_categorygroups_i18n_groupId_locale_unq_idx` (`groupId`,`locale`),
  KEY `craft_categorygroups_i18n_locale_fk` (`locale`)
) ENGINE=InnoDB AUTO_INCREMENT=5 DEFAULT CHARSET=utf8 COLLATE=utf8_unicode_ci;

--
-- Data for table `craft_categorygroups_i18n`
--

INSERT INTO `craft_categorygroups_i18n` (`id`, `groupId`, `locale`, `urlFormat`, `nestedUrlFormat`, `dateCreated`, `dateUpdated`, `uid`) VALUES
 ('1', '1', 'nl', NULL, NULL, '2017-09-03 21:04:25', '2017-09-03 21:04:25', 'df13cd08-bde3-45f5-a2eb-546c5eca2587'),
 ('2', '2', 'nl', NULL, NULL, '2017-09-04 12:34:56', '2017-09-04 12:34:56', 'ab078997-265d-40b7-bd85-d8da34232698'),
 ('3', '3', 'nl', NULL, NULL, '2017-09-05 07:47:41', '2017-09-05 07:47:41', '2e492988-f499-4366-9a9d-b9360a8b7b0f'),
 ('4', '4', 'nl', NULL, NULL, '2017-09-05 22:44:38', '2017-09-05 22:44:38', '999f56b1-8219-432b-bee1-60da81051f98');



DROP TABLE IF EXISTS `craft_content`;


--
-- Schema for table `craft_content`
--
CREATE TABLE `craft_content` (
  `id` int(11) NOT NULL AUTO_INCREMENT,
  `elementId` int(11) NOT NULL,
  `locale` char(12) COLLATE utf8_unicode_ci NOT NULL,
  `title` varchar(255) COLLATE utf8_unicode_ci DEFAULT NULL,
  `field_body` text COLLATE utf8_unicode_ci,
  `field_portfolioSummary` text COLLATE utf8_unicode_ci,
  `field_personIntro` text COLLATE utf8_unicode_ci,
  `field_textInfo` text COLLATE utf8_unicode_ci,
  `field_facebook` text COLLATE utf8_unicode_ci,
  `field_twitter` text COLLATE utf8_unicode_ci,
  `field_youtube` text COLLATE utf8_unicode_ci,
  `field_linkedin` text COLLATE utf8_unicode_ci,
  `field_fullName` text COLLATE utf8_unicode_ci,
  `field_dateOfBirth` text COLLATE utf8_unicode_ci,
  `field_address` text COLLATE utf8_unicode_ci,
  `field_eMail` text COLLATE utf8_unicode_ci,
  `field_phone` text COLLATE utf8_unicode_ci,
  `field_nationality` text COLLATE utf8_unicode_ci,
  `field_resumeDownloadLink` text COLLATE utf8_unicode_ci,
  `field_ratePerHour` int(10) unsigned DEFAULT '0',
  `field_experienceInYears` int(10) unsigned DEFAULT '0',
  `field_projectsDone` int(10) unsigned DEFAULT '0',
  `field_skillpercentage` int(10) unsigned DEFAULT '0',
  `field_skillPosition` int(10) unsigned DEFAULT '0',
  `field_youtubeBackgroundVideo` text COLLATE utf8_unicode_ci,
  `field_homeTitle` text COLLATE utf8_unicode_ci,
  `field_headText` text COLLATE utf8_unicode_ci,
  `field_paragraphText` text COLLATE utf8_unicode_ci,
  `field_contactText` text COLLATE utf8_unicode_ci,
  `field_date` datetime DEFAULT NULL,
  `field_timelineTitle` text COLLATE utf8_unicode_ci,
  `field_timelineParagraph` text COLLATE utf8_unicode_ci,
  `field_datePosition` varchar(255) COLLATE utf8_unicode_ci DEFAULT NULL,
  `field_textPosition` varchar(255) COLLATE utf8_unicode_ci DEFAULT NULL,
  `field_timelineReset` varchar(255) COLLATE utf8_unicode_ci DEFAULT NULL,
  `field_dateInText` text COLLATE utf8_unicode_ci,
  `field_wowDelay` varchar(255) COLLATE utf8_unicode_ci DEFAULT '200ms',
  `field_wowDuration` varchar(255) COLLATE utf8_unicode_ci DEFAULT '.8s',
  `field_servicesTitle` text COLLATE utf8_unicode_ci,
  `field_servicesParagraph` text COLLATE utf8_unicode_ci,
  `field_fontawesome` text COLLATE utf8_unicode_ci,
  `field_portfolioUrl` text COLLATE utf8_unicode_ci,
  `field_portfolioAnimationYoutubeVideo` text COLLATE utf8_unicode_ci,
  `dateCreated` datetime NOT NULL,
  `dateUpdated` datetime NOT NULL,
  `uid` char(36) COLLATE utf8_unicode_ci NOT NULL DEFAULT '0',
  PRIMARY KEY (`id`),
  UNIQUE KEY `craft_content_elementId_locale_unq_idx` (`elementId`,`locale`),
  KEY `craft_content_title_idx` (`title`),
  KEY `craft_content_locale_fk` (`locale`)
) ENGINE=InnoDB AUTO_INCREMENT=125 DEFAULT CHARSET=utf8 COLLATE=utf8_unicode_ci;

--
-- Data for table `craft_content`
--

INSERT INTO `craft_content` (`id`, `elementId`, `locale`, `title`, `field_body`, `field_portfolioSummary`, `field_personIntro`, `field_textInfo`, `field_facebook`, `field_twitter`, `field_youtube`, `field_linkedin`, `field_fullName`, `field_dateOfBirth`, `field_address`, `field_eMail`, `field_phone`, `field_nationality`, `field_resumeDownloadLink`, `field_ratePerHour`, `field_experienceInYears`, `field_projectsDone`, `field_skillpercentage`, `field_skillPosition`, `field_youtubeBackgroundVideo`, `field_homeTitle`, `field_headText`, `field_paragraphText`, `field_contactText`, `field_date`, `field_timelineTitle`, `field_timelineParagraph`, `field_datePosition`, `field_textPosition`, `field_timelineReset`, `field_dateInText`, `field_wowDelay`, `field_wowDuration`, `field_servicesTitle`, `field_servicesParagraph`, `field_fontawesome`, `field_portfolioUrl`, `field_portfolioAnimationYoutubeVideo`, `dateCreated`, `dateUpdated`, `uid`) VALUES
 ('1', '1', 'nl', NULL, NULL, NULL, NULL, NULL, NULL, NULL, NULL, NULL, NULL, NULL, NULL, NULL, NULL, NULL, NULL, '0', '0', '0', '0', '0', NULL, NULL, NULL, NULL, NULL, NULL, NULL, NULL, NULL, NULL, NULL, NULL, NULL, NULL, NULL, NULL, NULL, NULL, NULL, '2017-08-25 21:30:00', '2017-08-25 21:30:00', '77b7072b-27c2-4dc2-8e2b-dfbd82e8a40d'),
 ('2', '2', 'nl', 'Homepage', '<p>It’s true, this site doesn’t have a whole lot of content yet, but don’t worry. Our web developers have just installed the CMS, and they’re setting things up for the content editors this very moment. Soon Localhost will be an oasis of fresh perspectives, sharp analyses, and astute opinions that will keep you coming back again and again.</p>', NULL, NULL, NULL, NULL, NULL, NULL, NULL, NULL, NULL, NULL, NULL, NULL, NULL, NULL, '0', '0', '0', '0', '0', NULL, NULL, NULL, NULL, NULL, NULL, NULL, NULL, NULL, NULL, NULL, NULL, NULL, NULL, NULL, NULL, NULL, NULL, NULL, '2017-08-25 21:30:03', '2017-09-06 13:41:49', 'cff4f6bd-f79b-4eac-b5b8-d421da434cc3'),
 ('18', '18', 'nl', 'Almere', NULL, NULL, NULL, NULL, NULL, NULL, NULL, NULL, NULL, NULL, NULL, NULL, NULL, NULL, NULL, '0', '0', '0', '0', '0', NULL, NULL, NULL, NULL, NULL, NULL, NULL, NULL, NULL, NULL, NULL, NULL, NULL, NULL, NULL, NULL, NULL, NULL, NULL, '2017-09-03 20:59:02', '2017-09-03 20:59:03', '6f12d13a-d458-4a61-b853-e3516f7fc320'),
 ('19', '19', 'nl', 'Ghg', NULL, NULL, NULL, NULL, NULL, NULL, NULL, NULL, NULL, NULL, NULL, NULL, NULL, NULL, NULL, '0', '0', '0', '0', '0', NULL, NULL, NULL, NULL, NULL, NULL, NULL, NULL, NULL, NULL, NULL, NULL, NULL, NULL, NULL, NULL, NULL, NULL, NULL, '2017-09-03 20:59:03', '2017-09-03 20:59:03', 'd06ec359-5f31-4941-af36-d4481d291242'),
 ('20', '20', 'nl', 'Groenlinks', NULL, NULL, NULL, NULL, NULL, NULL, NULL, NULL, NULL, NULL, NULL, NULL, NULL, NULL, NULL, '0', '0', '0', '0', '0', NULL, NULL, NULL, NULL, NULL, NULL, NULL, NULL, NULL, NULL, NULL, NULL, NULL, NULL, NULL, NULL, NULL, NULL, NULL, '2017-09-03 20:59:03', '2017-09-03 20:59:03', '006572a5-1e16-4b4e-9e11-e2eff24fe4bd'),
 ('21', '21', 'nl', 'Newskool', NULL, NULL, NULL, NULL, NULL, NULL, NULL, NULL, NULL, NULL, NULL, NULL, NULL, NULL, NULL, '0', '0', '0', '0', '0', NULL, NULL, NULL, NULL, NULL, NULL, NULL, NULL, NULL, NULL, NULL, NULL, NULL, NULL, NULL, NULL, NULL, NULL, NULL, '2017-09-03 20:59:03', '2017-09-03 20:59:03', '23bd9824-233a-498b-8941-a750de602758'),
 ('22', '22', 'nl', 'Youshare', NULL, NULL, NULL, NULL, NULL, NULL, NULL, NULL, NULL, NULL, NULL, NULL, NULL, NULL, NULL, '0', '0', '0', '0', '0', NULL, NULL, NULL, NULL, NULL, NULL, NULL, NULL, NULL, NULL, NULL, NULL, NULL, NULL, NULL, NULL, NULL, NULL, NULL, '2017-09-03 20:59:04', '2017-09-03 20:59:04', '6862e7da-a934-405d-bd16-8db99923275b'),
 ('26', '26', 'nl', 'Animation', NULL, NULL, NULL, NULL, NULL, NULL, NULL, NULL, NULL, NULL, NULL, NULL, NULL, NULL, NULL, '0', '0', '0', '0', '0', NULL, NULL, NULL, NULL, NULL, NULL, NULL, NULL, NULL, NULL, NULL, NULL, NULL, NULL, NULL, NULL, NULL, NULL, NULL, '2017-09-03 20:59:24', '2017-09-03 20:59:24', 'befdb37e-784e-44d9-9307-4dc9e0b2329a'),
 ('27', '27', 'nl', 'Sounddesign', NULL, NULL, NULL, NULL, NULL, NULL, NULL, NULL, NULL, NULL, NULL, NULL, NULL, NULL, NULL, '0', '0', '0', '0', '0', NULL, NULL, NULL, NULL, NULL, NULL, NULL, NULL, NULL, NULL, NULL, NULL, NULL, NULL, NULL, NULL, NULL, NULL, NULL, '2017-09-03 20:59:24', '2017-09-03 20:59:24', 'd1dd06ab-55d5-47b7-8b5c-f050cab021e5'),
 ('28', '28', 'nl', 'Webdevelopment', NULL, NULL, NULL, NULL, NULL, NULL, NULL, NULL, NULL, NULL, NULL, NULL, NULL, NULL, NULL, '0', '0', '0', '0', '0', NULL, NULL, NULL, NULL, NULL, NULL, NULL, NULL, NULL, NULL, NULL, NULL, NULL, NULL, NULL, NULL, NULL, NULL, NULL, '2017-09-03 20:59:24', '2017-09-03 20:59:25', 'b7413f7c-379a-4f75-a711-e8a45e4cadda'),
 ('30', '30', 'nl', 'Webdevelopment', NULL, NULL, NULL, NULL, NULL, NULL, NULL, NULL, NULL, NULL, NULL, NULL, NULL, NULL, NULL, '0', '0', '0', '0', '0', NULL, NULL, NULL, NULL, NULL, NULL, NULL, NULL, NULL, NULL, NULL, NULL, NULL, NULL, NULL, NULL, NULL, NULL, NULL, '2017-09-03 21:04:56', '2017-09-03 21:04:56', '9cfa971f-a066-43db-8885-016cf7fa4284'),
 ('31', '31', 'nl', 'Sounddesign', NULL, NULL, NULL, NULL, NULL, NULL, NULL, NULL, NULL, NULL, NULL, NULL, NULL, NULL, NULL, '0', '0', '0', '0', '0', NULL, NULL, NULL, NULL, NULL, NULL, NULL, NULL, NULL, NULL, NULL, NULL, NULL, NULL, NULL, NULL, NULL, NULL, NULL, '2017-09-03 21:05:03', '2017-09-03 21:05:03', 'fdb6e639-2288-4208-bf52-df77c9db0449'),
 ('32', '32', 'nl', 'Animation', NULL, NULL, NULL, NULL, NULL, NULL, NULL, NULL, NULL, NULL, NULL, NULL, NULL, NULL, NULL, '0', '0', '0', '0', '0', NULL, NULL, NULL, NULL, NULL, NULL, NULL, NULL, NULL, NULL, NULL, NULL, NULL, NULL, NULL, NULL, NULL, NULL, NULL, '2017-09-03 21:05:10', '2017-09-03 21:05:10', '238a1aed-597f-4bd1-bf9c-0fa61e308cf5'),
 ('33', '33', 'nl', 'Groothandelsgebouw', NULL, NULL, NULL, NULL, NULL, NULL, NULL, NULL, NULL, NULL, NULL, NULL, NULL, NULL, NULL, '0', '0', '0', '0', '0', NULL, NULL, NULL, NULL, NULL, NULL, NULL, NULL, NULL, NULL, NULL, NULL, NULL, NULL, NULL, NULL, NULL, NULL, NULL, '2017-09-03 21:11:30', '2017-09-03 21:11:30', '927cd385-f474-496d-9a5a-d6cca74635ed'),
 ('34', '34', 'nl', 'New', NULL, NULL, NULL, NULL, NULL, NULL, NULL, NULL, NULL, NULL, NULL, NULL, NULL, NULL, NULL, '0', '0', '0', '0', '0', NULL, NULL, NULL, NULL, NULL, NULL, NULL, NULL, NULL, NULL, NULL, NULL, NULL, NULL, NULL, NULL, NULL, NULL, NULL, '2017-09-03 21:11:32', '2017-09-03 21:11:32', '7096e4aa-2e81-41f4-a543-9dc893056134'),
 ('35', '35', 'nl', 'Animation', NULL, NULL, NULL, NULL, NULL, NULL, NULL, NULL, NULL, NULL, NULL, NULL, NULL, NULL, NULL, '0', '0', '0', '0', '0', NULL, NULL, NULL, NULL, NULL, NULL, NULL, NULL, NULL, NULL, NULL, NULL, NULL, NULL, NULL, NULL, NULL, NULL, NULL, '2017-09-03 21:11:35', '2017-09-03 21:11:35', '1d45ab02-c337-4d04-a0e1-136af9e424ca'),
 ('38', '38', 'nl', 'Remco Hoeneveld', NULL, NULL, 'Animator / Sounddesigner / Webdeveloper', ' My name is Remco Hoeneveld. I am 23 years old and I am studying at the University of Rotterdam. I am studying Media Technology. At an early age, I taught myself to make music and work with Ableton. In addition, I learned myself to make 2D animations and master After Effects.', 'https://www.facebook.com/rhoeneveld', 'https://twitter.com/remcohoeneveld', 'https://www.youtube.com/user/remcohoeneveld', 'https://www.linkedin.com/in/remcohoeneveld/', 'Remco Hoeneveld', '26 April 1994', 'Lumeystraat, 20B, Rotterdam', 'Remcohoeneveld@gmail.com', '+316-4118-5118', 'Dutch', 'https://www.dropbox.com/s/r1dgvtv89ja3b34/RemcoHoeneveldProfile.pdf?dl=0', '0', '0', '0', '0', '0', NULL, NULL, NULL, NULL, NULL, NULL, NULL, NULL, NULL, NULL, NULL, NULL, NULL, NULL, NULL, NULL, NULL, NULL, NULL, '2017-09-03 22:40:48', '2017-10-14 14:56:32', 'ecc4d81b-0c13-4b01-bc0b-25ca710a6453'),
 ('42', '42', 'nl', 'tag', NULL, NULL, NULL, NULL, NULL, NULL, NULL, NULL, NULL, NULL, NULL, NULL, NULL, NULL, NULL, '0', '0', '0', '0', '0', NULL, NULL, NULL, NULL, NULL, NULL, NULL, NULL, NULL, NULL, NULL, NULL, NULL, NULL, NULL, NULL, NULL, NULL, NULL, '2017-09-03 22:57:47', '2017-09-03 22:57:47', '66c8715e-45ca-4c21-959b-8a8aa63d6791'),
 ('43', '43', 'nl', 'Groothandelsgebouw', '<p>Me and <a href=\"http://jongensvandetekeningen.nl/#people\" target=\"_blank\" rel=\"noreferrer noopener\">Willem</a> created this Animation for Groothandelsgebouw. They wanted something they could display on their website for some extra information about their products. This Animation was made in a couple of days and we are very happy with the end result.</p>', 'I made this Animation together with JVDT [ Jongensvandetekeningen ]', NULL, NULL, NULL, NULL, NULL, NULL, NULL, NULL, NULL, NULL, NULL, NULL, NULL, '0', '0', '0', '0', '0', NULL, NULL, NULL, NULL, NULL, NULL, NULL, NULL, NULL, NULL, NULL, NULL, NULL, NULL, NULL, NULL, NULL, 'http://groothandelsgebouw.nl', 'nrn8hGF6mqE', '2017-09-03 22:57:51', '2017-09-11 11:59:38', 'aa5600fd-1942-4cd4-92c6-ca4a9257cd60'),
 ('44', '44', 'nl', ' statistic', NULL, NULL, NULL, NULL, NULL, NULL, NULL, NULL, NULL, NULL, NULL, NULL, NULL, NULL, NULL, '30', '3', '52', '0', '0', NULL, NULL, NULL, NULL, NULL, NULL, NULL, NULL, NULL, NULL, NULL, NULL, NULL, NULL, NULL, NULL, NULL, NULL, NULL, '2017-09-04 11:05:05', '2017-12-18 10:22:37', '06d73f3e-9d16-4b03-8783-46b2b182525b'),
 ('45', '45', 'nl', 'Adobe AE', NULL, NULL, NULL, NULL, NULL, NULL, NULL, NULL, NULL, NULL, NULL, NULL, NULL, NULL, NULL, '0', '0', '0', '60', '1', NULL, NULL, NULL, NULL, NULL, NULL, NULL, NULL, NULL, NULL, NULL, NULL, NULL, NULL, NULL, NULL, NULL, NULL, NULL, '2017-09-04 12:35:09', '2017-09-04 13:19:45', '6a65ade6-5592-4a8a-9a77-d4b01d05d9f1'),
 ('46', '46', 'nl', 'Drupal 8', NULL, NULL, NULL, NULL, NULL, NULL, NULL, NULL, NULL, NULL, NULL, NULL, NULL, NULL, NULL, '0', '0', '0', '50', '2', NULL, NULL, NULL, NULL, NULL, NULL, NULL, NULL, NULL, NULL, NULL, NULL, NULL, NULL, NULL, NULL, NULL, NULL, NULL, '2017-09-04 12:35:18', '2017-09-04 13:19:49', '7e5e6ab5-f9bf-4685-910b-109e32548998'),
 ('47', '47', 'nl', 'Drupal 7', NULL, NULL, NULL, NULL, NULL, NULL, NULL, NULL, NULL, NULL, NULL, NULL, NULL, NULL, NULL, '0', '0', '0', '40', '0', NULL, NULL, NULL, NULL, NULL, NULL, NULL, NULL, NULL, NULL, NULL, NULL, NULL, NULL, NULL, NULL, NULL, NULL, NULL, '2017-09-04 12:35:24', '2017-09-04 12:48:39', 'e77cc273-d8e5-4693-9e15-60c48ef0bfb4'),
 ('48', '48', 'nl', 'Craft CMS', NULL, NULL, NULL, NULL, NULL, NULL, NULL, NULL, NULL, NULL, NULL, NULL, NULL, NULL, NULL, '0', '0', '0', '50', '3', NULL, NULL, NULL, NULL, NULL, NULL, NULL, NULL, NULL, NULL, NULL, NULL, NULL, NULL, NULL, NULL, NULL, NULL, NULL, '2017-09-04 12:35:31', '2017-09-04 13:19:53', 'a337c2e2-af74-45d0-b099-3f5c3a7cb66d'),
 ('49', '49', 'nl', 'Ableton', NULL, NULL, NULL, NULL, NULL, NULL, NULL, NULL, NULL, NULL, NULL, NULL, NULL, NULL, NULL, '0', '0', '0', '90', '4', NULL, NULL, NULL, NULL, NULL, NULL, NULL, NULL, NULL, NULL, NULL, NULL, NULL, NULL, NULL, NULL, NULL, NULL, NULL, '2017-09-04 12:35:40', '2017-09-04 13:19:57', 'bc1ee528-e317-45df-8e3b-f64167f58d02'),
 ('50', '50', 'nl', 'My set of skills!', '<p>I create websites, animations and also compose sounddesign for film, web, media. Wanna see how I put these skills to use? Look at my #portfolio.</p>', NULL, NULL, NULL, NULL, NULL, NULL, NULL, NULL, NULL, NULL, NULL, NULL, NULL, NULL, '0', '0', '0', '0', '0', NULL, NULL, NULL, NULL, NULL, NULL, NULL, NULL, NULL, NULL, NULL, NULL, NULL, NULL, NULL, NULL, NULL, NULL, NULL, '2017-09-04 12:41:41', '2017-09-06 16:18:31', '75ff5653-6626-40fc-a2f9-a958d8ce3852'),
 ('53', '53', 'nl', 'hire me', NULL, NULL, NULL, NULL, NULL, NULL, NULL, NULL, NULL, NULL, NULL, NULL, NULL, NULL, NULL, '0', '0', '0', '0', '0', NULL, NULL, 'Wanna work toghether?', 'Lets make some awsome projects!', 'Contact me now!', NULL, NULL, NULL, NULL, NULL, NULL, NULL, NULL, NULL, NULL, NULL, NULL, NULL, NULL, '2017-09-04 13:25:56', '2017-09-05 22:49:58', '6108af3e-533c-4d9f-8890-8d49e6b67c9e'),
 ('54', '54', 'nl', 'contact', NULL, NULL, NULL, NULL, NULL, NULL, NULL, NULL, NULL, NULL, NULL, NULL, NULL, NULL, NULL, '0', '0', '0', '0', '0', NULL, NULL, NULL, NULL, NULL, NULL, NULL, NULL, NULL, NULL, NULL, NULL, NULL, NULL, NULL, NULL, NULL, NULL, NULL, '2017-09-04 13:26:11', '2017-09-04 13:26:11', '501f1865-f0fa-47dc-b506-ca613584d3f1'),
 ('55', '55', 'nl', 'footer', NULL, NULL, NULL, NULL, NULL, NULL, NULL, NULL, NULL, NULL, NULL, NULL, NULL, NULL, NULL, '0', '0', '0', '0', '0', NULL, NULL, NULL, NULL, NULL, NULL, NULL, NULL, NULL, NULL, NULL, NULL, NULL, NULL, NULL, NULL, NULL, NULL, NULL, '2017-09-04 13:26:28', '2017-09-04 13:26:28', '334e909d-3039-40a2-b6ec-3ff172c45ce6'),
 ('56', '56', 'nl', 'Remco Hoeneveld', NULL, NULL, NULL, NULL, NULL, NULL, NULL, NULL, NULL, NULL, NULL, NULL, NULL, NULL, NULL, '0', '0', '0', '0', '0', 'https://youtu.be/RpPYjePWPbs', 'Hi I\'m', NULL, NULL, NULL, NULL, NULL, NULL, NULL, NULL, NULL, NULL, NULL, NULL, NULL, NULL, NULL, NULL, NULL, '2017-09-04 15:33:57', '2017-09-12 11:50:37', '6cc80f96-0ff1-4009-bcbe-17d0204a0f59'),
 ('57', '57', 'nl', 'Animator', NULL, NULL, NULL, NULL, NULL, NULL, NULL, NULL, NULL, NULL, NULL, NULL, NULL, NULL, NULL, '0', '0', '0', '0', '0', NULL, NULL, NULL, NULL, NULL, NULL, NULL, NULL, NULL, NULL, NULL, NULL, NULL, NULL, NULL, NULL, NULL, NULL, NULL, '2017-09-05 07:47:56', '2017-09-05 07:47:56', 'a739b073-52fe-4132-a555-5e95128d745f'),
 ('58', '58', 'nl', 'Sounddesigner', NULL, NULL, NULL, NULL, NULL, NULL, NULL, NULL, NULL, NULL, NULL, NULL, NULL, NULL, NULL, '0', '0', '0', '0', '0', NULL, NULL, NULL, NULL, NULL, NULL, NULL, NULL, NULL, NULL, NULL, NULL, NULL, NULL, NULL, NULL, NULL, NULL, NULL, '2017-09-05 07:48:08', '2017-09-05 07:48:08', '98a0d4e0-f0eb-4c5d-873f-ad1ce5559317'),
 ('59', '59', 'nl', 'Webdeveloper', NULL, NULL, NULL, NULL, NULL, NULL, NULL, NULL, NULL, NULL, NULL, NULL, NULL, NULL, NULL, '0', '0', '0', '0', '0', NULL, NULL, NULL, NULL, NULL, NULL, NULL, NULL, NULL, NULL, NULL, NULL, NULL, NULL, NULL, NULL, NULL, NULL, NULL, '2017-09-05 07:48:15', '2017-09-05 07:48:15', 'c3c33bcb-d35b-4b51-94e8-1e7955c10b6e'),
 ('61', '61', 'nl', 'Thorbecke Secondary Education', NULL, NULL, NULL, NULL, NULL, NULL, NULL, NULL, NULL, NULL, NULL, NULL, NULL, NULL, NULL, '0', '0', '0', '0', '0', NULL, NULL, NULL, NULL, NULL, '2017-07-01 00:00:00', 'Thorbecke Secondary Education', 'Havo, Economics & Management', 'fadeInRight', 'fadeInLeft', '[\"timeline-reset\"]', '1994 - 2000', '200ms', '.2s', NULL, NULL, NULL, NULL, NULL, '2017-09-06 08:44:29', '2017-09-06 16:22:11', '6d893dd7-b76a-4180-902b-0df2ecd94516'),
 ('62', '62', 'nl', 'Mediatechnologie', NULL, NULL, NULL, NULL, NULL, NULL, NULL, NULL, NULL, NULL, NULL, NULL, NULL, NULL, NULL, '0', '0', '0', '0', '0', NULL, NULL, NULL, NULL, NULL, '2018-06-01 00:00:00', 'Mediatechnologie', 'Student Mediatechnology at the Rotterdam University of Applied Sciences', 'fadeInLeft', 'fadeInRight', '', '2013 - Present', '200ms', '.2s', NULL, NULL, NULL, NULL, NULL, '2017-09-06 08:46:54', '2017-09-06 16:22:04', '4bc63678-6814-41a2-8030-05852f399471'),
 ('63', '63', 'nl', 'Animator', NULL, NULL, NULL, NULL, NULL, NULL, NULL, NULL, NULL, NULL, NULL, NULL, NULL, NULL, NULL, '0', '0', '0', '0', '0', NULL, NULL, NULL, NULL, NULL, '2017-09-30 00:00:00', 'Animator', 'Freelance Animator at Remcohoeneveld.nl', 'fadeInRight', 'fadeInLeft', '', 'August 2014 - Present', '200ms', '.2s', NULL, NULL, NULL, NULL, NULL, '2017-09-06 08:48:26', '2017-09-06 16:06:40', '876f38ab-a5e8-4993-9b66-775fef30e66d'),
 ('64', '64', 'nl', 'websites', NULL, NULL, NULL, NULL, NULL, NULL, NULL, NULL, NULL, NULL, NULL, NULL, NULL, NULL, NULL, '0', '0', '0', '0', '0', NULL, NULL, NULL, NULL, NULL, NULL, NULL, NULL, NULL, NULL, '[]', NULL, '200ms', '.8s', 'Fully Responsive', 'I create full responsive websites for mobile and tablet devices.', 'fa-mobile', NULL, NULL, '2017-09-06 10:50:51', '2017-09-06 16:16:30', '1066d304-b785-4a3c-bdc2-431f35c0b487'),
 ('65', '65', 'nl', 'sounddesign', NULL, NULL, NULL, NULL, NULL, NULL, NULL, NULL, NULL, NULL, NULL, NULL, NULL, NULL, NULL, '0', '0', '0', '0', '0', NULL, NULL, NULL, NULL, NULL, NULL, NULL, NULL, NULL, NULL, '[]', NULL, '200ms', '.8s', 'Creating Sounds', 'I Create sounds for Animations, Movies & Applications', 'fa-music', NULL, NULL, '2017-09-06 10:51:20', '2017-09-06 22:48:25', 'c06d9ffa-745d-4505-80c9-b16926f9b241'),
 ('66', '66', 'nl', 'Animation', NULL, NULL, NULL, NULL, NULL, NULL, NULL, NULL, NULL, NULL, NULL, NULL, NULL, NULL, NULL, '0', '0', '0', '0', '0', NULL, NULL, NULL, NULL, NULL, NULL, NULL, NULL, NULL, NULL, '[]', NULL, '200ms', '.8s', 'Fresh animations', 'I create animations in collaboration with great visual artists.', 'fa-pencil', NULL, NULL, '2017-09-06 10:52:11', '2017-09-06 19:20:26', 'e1aa4c70-24cf-4909-889b-6ef4fd4cdb8c'),
 ('67', '67', 'nl', 'style', NULL, NULL, NULL, NULL, NULL, NULL, NULL, NULL, NULL, NULL, NULL, NULL, NULL, NULL, NULL, '0', '0', '0', '0', '0', NULL, NULL, NULL, NULL, NULL, NULL, NULL, NULL, NULL, NULL, '[]', NULL, '200ms', '.8s', NULL, NULL, NULL, NULL, NULL, '2017-09-06 11:12:07', '2017-09-06 11:12:07', '5d4c78b1-8601-4b84-a2ec-2142b8715af9'),
 ('68', '68', 'nl', 'epic', NULL, NULL, NULL, NULL, NULL, NULL, NULL, NULL, NULL, NULL, NULL, NULL, NULL, NULL, NULL, '0', '0', '0', '0', '0', NULL, NULL, NULL, NULL, NULL, NULL, NULL, NULL, NULL, NULL, '[]', NULL, '200ms', '.8s', NULL, NULL, NULL, NULL, NULL, '2017-09-06 11:12:08', '2017-09-06 11:12:08', '392d1262-be17-4775-8a55-d084deeac551'),
 ('69', '69', 'nl', 'R Favicon', NULL, NULL, NULL, NULL, NULL, NULL, NULL, NULL, NULL, NULL, NULL, NULL, NULL, NULL, NULL, '0', '0', '0', '0', '0', NULL, NULL, NULL, NULL, NULL, NULL, NULL, NULL, NULL, NULL, '[]', NULL, '200ms', '.8s', NULL, NULL, NULL, NULL, NULL, '2017-09-06 13:41:45', '2017-09-06 13:41:45', '5ec39945-cce3-4564-ba11-2516580a151c'),
 ('70', '70', 'nl', 'Rotterdam', NULL, NULL, NULL, NULL, NULL, NULL, NULL, NULL, NULL, NULL, NULL, NULL, NULL, NULL, NULL, '0', '0', '0', '0', '0', NULL, NULL, NULL, NULL, NULL, NULL, NULL, NULL, NULL, NULL, '[]', NULL, '200ms', '.8s', NULL, NULL, NULL, NULL, NULL, '2017-09-06 16:00:26', '2017-09-06 16:00:26', '92904890-3f89-4afe-ab4a-2e1bdec48226'),
 ('71', '71', 'nl', 'Jongensvandetekeningen', NULL, NULL, NULL, NULL, NULL, NULL, NULL, NULL, NULL, NULL, NULL, NULL, NULL, NULL, NULL, '0', '0', '0', '0', '0', NULL, NULL, NULL, NULL, NULL, NULL, NULL, NULL, NULL, NULL, '[]', NULL, '200ms', '.8s', NULL, NULL, NULL, NULL, NULL, '2017-09-06 16:00:33', '2017-09-06 16:00:33', '49c95736-cf52-49bd-9db7-c8c598ca8b74'),
 ('72', '72', 'nl', 'JVDT', NULL, NULL, NULL, NULL, NULL, NULL, NULL, NULL, NULL, NULL, NULL, NULL, NULL, NULL, NULL, '0', '0', '0', '0', '0', NULL, NULL, NULL, NULL, NULL, NULL, NULL, NULL, NULL, NULL, '[]', NULL, '200ms', '.8s', NULL, NULL, NULL, NULL, NULL, '2017-09-06 16:00:37', '2017-09-06 16:00:37', '01e5aa06-7767-43f2-82b3-d07ad827d59d'),
 ('73', '73', 'nl', 'Junior Drupal Developer', NULL, NULL, NULL, NULL, NULL, NULL, NULL, NULL, NULL, NULL, NULL, NULL, NULL, NULL, NULL, '0', '0', '0', '0', '0', NULL, NULL, NULL, NULL, NULL, '2017-01-01 00:00:00', 'Junior Drupal Developer', 'Junior Drupal Developer at Adfogroep', 'fadeInRight', 'fadeInLeft', '', 'January 2017 - Present', '200ms', '.8s', NULL, NULL, NULL, NULL, NULL, '2017-09-06 16:06:08', '2017-09-06 16:20:52', '04be5f1b-9642-4963-8238-d0c65cca58a3'),
 ('74', '74', 'nl', 'Sounddesigner', NULL, NULL, NULL, NULL, NULL, NULL, NULL, NULL, NULL, NULL, NULL, NULL, NULL, NULL, NULL, '0', '0', '0', '0', '0', NULL, NULL, NULL, NULL, NULL, '2017-08-01 00:00:00', 'Sounddesigner', 'Freelance Sounddesigner at Remcohoeneveld.nl', 'fadeInLeft', 'fadeInRight', '', 'August 2014 - Present', '200ms', '.8s', NULL, NULL, NULL, NULL, NULL, '2017-09-06 16:08:59', '2017-09-06 16:21:03', '20a92de6-2c77-46f7-ba3a-b2ac4554c25d'),
 ('75', '75', 'nl', 'Webdeveloper', NULL, NULL, NULL, NULL, NULL, NULL, NULL, NULL, NULL, NULL, NULL, NULL, NULL, NULL, NULL, '0', '0', '0', '0', '0', NULL, NULL, NULL, NULL, NULL, '2017-09-06 00:00:00', 'Webdeveloper', 'Freelance Webdeveloper at Remcohoeneveld.nl', 'fadeInLeft', 'fadeInRight', '', 'August 2014 - Present', '200ms', '.8s', NULL, NULL, NULL, NULL, NULL, '2017-09-06 16:11:52', '2017-09-06 16:11:52', '6597f2e3-68a7-4867-94b8-b8aa5a70a573'),
 ('76', '76', 'nl', 'Groenlinks', NULL, NULL, NULL, NULL, NULL, NULL, NULL, NULL, NULL, NULL, NULL, NULL, NULL, NULL, NULL, '0', '0', '0', '0', '0', NULL, NULL, NULL, NULL, NULL, NULL, NULL, NULL, NULL, NULL, '[]', NULL, '200ms', '.8s', NULL, NULL, NULL, NULL, NULL, '2017-09-06 19:18:09', '2017-09-06 19:18:09', 'b6cccf73-dd4d-4ab0-8df6-7ba38fa655bd'),
 ('77', '77', 'nl', 'Groenlinks', '<p>Me and <a href=\"http://jongensvandetekeningen.nl/#people\" target=\"_blank\" rel=\"noreferrer noopener\">Willem</a> created this Animation for Groenlinks. They wanted something they could display on their facebook for some extra information about the topic Economisme. Groenlinks was very happy with the end result.</p>', 'I made this Animation together with JVDT [ Jongensvandetekeningen ]', NULL, NULL, NULL, NULL, NULL, NULL, NULL, NULL, NULL, NULL, NULL, NULL, NULL, '0', '0', '0', '0', '0', NULL, NULL, NULL, NULL, NULL, NULL, NULL, NULL, NULL, NULL, '[]', NULL, '200ms', '.8s', NULL, NULL, NULL, 'https://groenlinks.nl/standpunten/economisme', 'WuGsc26GdAM', '2017-09-06 19:18:59', '2017-09-11 11:59:33', '42951006-c488-4119-8136-45ea8d0249ea'),
 ('78', '78', 'nl', 'Newskool', NULL, NULL, NULL, NULL, NULL, NULL, NULL, NULL, NULL, NULL, NULL, NULL, NULL, NULL, NULL, '0', '0', '0', '0', '0', NULL, NULL, NULL, NULL, NULL, NULL, NULL, NULL, NULL, NULL, '[]', NULL, '200ms', '.8s', NULL, NULL, NULL, NULL, NULL, '2017-09-06 19:23:36', '2017-09-06 19:23:36', 'ce2e9b30-53b4-453b-bf90-966567db8b0a'),
 ('79', '79', 'nl', 'Newskool', '<p>Me and <a href=\"http://jongensvandetekeningen.nl/#people\" target=\"_blank\" rel=\"noreferrer noopener\">Tomas</a> created this Animation for Newskool. They wanted something they could display on their website for some extra information about their work.</p>', 'I made this Animation together with JVDT [ Jongensvandetekeningen ]', NULL, NULL, NULL, NULL, NULL, NULL, NULL, NULL, NULL, NULL, NULL, NULL, NULL, '0', '0', '0', '0', '0', NULL, NULL, NULL, NULL, NULL, NULL, NULL, NULL, NULL, NULL, '[]', NULL, '200ms', '.8s', NULL, NULL, NULL, 'http://www.newskool.nl/', '4-gZZiO4qHw', '2017-09-06 19:24:38', '2017-09-11 11:59:27', '39dbb669-583c-426f-a1cb-d808f7544081'),
 ('80', '80', 'nl', 'Benvanderwal', NULL, NULL, NULL, NULL, NULL, NULL, NULL, NULL, NULL, NULL, NULL, NULL, NULL, NULL, NULL, '0', '0', '0', '0', '0', NULL, NULL, NULL, NULL, NULL, NULL, NULL, NULL, NULL, NULL, '[]', NULL, '200ms', '.8s', NULL, NULL, NULL, NULL, NULL, '2017-09-06 22:58:23', '2017-09-11 10:09:17', '74f005ec-a7bf-4a0d-b2ce-2573e52aeb5c'),
 ('81', '81', 'nl', 'Indruk', NULL, NULL, NULL, NULL, NULL, NULL, NULL, NULL, NULL, NULL, NULL, NULL, NULL, NULL, NULL, '0', '0', '0', '0', '0', NULL, NULL, NULL, NULL, NULL, NULL, NULL, NULL, NULL, NULL, '[]', NULL, '200ms', '.8s', NULL, NULL, NULL, NULL, NULL, '2017-09-06 22:58:49', '2017-09-06 22:58:49', '7846f655-e6b8-40a6-9295-ea59eacf5152'),
 ('82', '82', 'nl', 'Tilburg', NULL, NULL, NULL, NULL, NULL, NULL, NULL, NULL, NULL, NULL, NULL, NULL, NULL, NULL, NULL, '0', '0', '0', '0', '0', NULL, NULL, NULL, NULL, NULL, NULL, NULL, NULL, NULL, NULL, '[]', NULL, '200ms', '.8s', NULL, NULL, NULL, NULL, NULL, '2017-09-06 22:58:50', '2017-09-06 22:58:50', 'e7fd6afe-8960-4139-a2df-984e35350e8b'),
 ('83', '83', 'nl', 'Yes2Web', NULL, NULL, NULL, NULL, NULL, NULL, NULL, NULL, NULL, NULL, NULL, NULL, NULL, NULL, NULL, '0', '0', '0', '0', '0', NULL, NULL, NULL, NULL, NULL, NULL, NULL, NULL, NULL, NULL, '[]', NULL, '200ms', '.8s', NULL, NULL, NULL, NULL, NULL, '2017-09-06 22:58:50', '2017-09-06 22:58:50', '8029aae2-4fa5-4a19-b037-334638d58951'),
 ('84', '84', 'nl', 'Indruk', NULL, NULL, NULL, NULL, NULL, NULL, NULL, NULL, NULL, NULL, NULL, NULL, NULL, NULL, NULL, '0', '0', '0', '0', '0', NULL, NULL, NULL, NULL, NULL, NULL, NULL, NULL, NULL, NULL, '[]', NULL, '200ms', '.8s', NULL, NULL, NULL, NULL, NULL, '2017-09-06 23:04:51', '2017-09-06 23:04:51', '4febf275-bc8e-4f19-9dea-465d2f4342aa'),
 ('85', '85', 'nl', 'Webdevelopment', NULL, NULL, NULL, NULL, NULL, NULL, NULL, NULL, NULL, NULL, NULL, NULL, NULL, NULL, NULL, '0', '0', '0', '0', '0', NULL, NULL, NULL, NULL, NULL, NULL, NULL, NULL, NULL, NULL, '[]', NULL, '200ms', '.8s', NULL, NULL, NULL, NULL, NULL, '2017-09-06 23:04:55', '2017-09-06 23:04:55', '561861ba-4ce3-49ee-9cf8-521b289b90c3'),
 ('86', '86', 'nl', 'Frontend', NULL, NULL, NULL, NULL, NULL, NULL, NULL, NULL, NULL, NULL, NULL, NULL, NULL, NULL, NULL, '0', '0', '0', '0', '0', NULL, NULL, NULL, NULL, NULL, NULL, NULL, NULL, NULL, NULL, '[]', NULL, '200ms', '.8s', NULL, NULL, NULL, NULL, NULL, '2017-09-06 23:05:08', '2017-09-06 23:05:08', '81cb8f0a-1933-4914-beed-8fa4acb81d7a'),
 ('87', '87', 'nl', 'Indruk', '<p><a href=\"http://indr.uk\"></a>Creating the website for Indruk, Front end development with my collegue <a href=\"http://indr.uk\" target=\"_blank\" rel=\"noreferrer noopener\"></a>Tim Visser</p>', 'Creating a website with my partner in crime Tim Visser @Sacrome', NULL, NULL, NULL, NULL, NULL, NULL, NULL, NULL, NULL, NULL, NULL, NULL, NULL, '0', '0', '0', '0', '0', NULL, NULL, NULL, NULL, NULL, NULL, NULL, NULL, NULL, NULL, '[]', NULL, '200ms', '.8s', NULL, NULL, NULL, 'http://indr.uk​ ', '', '2017-09-06 23:05:16', '2017-09-11 11:59:22', '8d4e3ded-7e2c-408f-b5ce-3e65a0856ca6'),
 ('88', '88', 'nl', 'Screen Shot 2017 09 07 At 01 06 16', NULL, NULL, NULL, NULL, NULL, NULL, NULL, NULL, NULL, NULL, NULL, NULL, NULL, NULL, NULL, '0', '0', '0', '0', '0', NULL, NULL, NULL, NULL, NULL, NULL, NULL, NULL, NULL, NULL, '[]', NULL, '200ms', '.8s', NULL, NULL, NULL, NULL, NULL, '2017-09-06 23:06:41', '2017-09-06 23:06:41', 'b05ec0ff-71f6-4652-a953-9f46c55b219c'),
 ('89', '89', 'nl', 'Screen Shot 2017 09 07 At 01 08 07', NULL, NULL, NULL, NULL, NULL, NULL, NULL, NULL, NULL, NULL, NULL, NULL, NULL, NULL, NULL, '0', '0', '0', '0', '0', NULL, NULL, NULL, NULL, NULL, NULL, NULL, NULL, NULL, NULL, '[]', NULL, '200ms', '.8s', NULL, NULL, NULL, NULL, NULL, '2017-09-06 23:08:46', '2017-09-06 23:08:46', '668cf76d-4eab-4a44-8b45-419b70339058'),
 ('90', '90', 'nl', 'Youshare', NULL, NULL, NULL, NULL, NULL, NULL, NULL, NULL, NULL, NULL, NULL, NULL, NULL, NULL, NULL, '0', '0', '0', '0', '0', NULL, NULL, NULL, NULL, NULL, NULL, NULL, NULL, NULL, NULL, '[]', NULL, '200ms', '.8s', NULL, NULL, NULL, NULL, NULL, '2017-09-07 14:38:32', '2017-09-07 14:38:32', 'e5f43b83-c6ff-41b0-b070-6b58239c4325'),
 ('91', '91', 'nl', 'Youshare', '<p>A animation made for Youshare to explain what services they supply you with.</p>\r\n<p>A set of solid building blocks that form the basis for your ideal digital work environment. One the expertise and experience to realize the change with you in your organization.</p>', 'I made this Animation together with JVDT [ Jongensvandetekeningen ]', NULL, NULL, NULL, NULL, NULL, NULL, NULL, NULL, NULL, NULL, NULL, NULL, NULL, '0', '0', '0', '0', '0', NULL, NULL, NULL, NULL, NULL, NULL, NULL, NULL, NULL, NULL, '[]', NULL, '200ms', '.8s', NULL, NULL, NULL, 'https://www.youtube.com/watch?v=Xn_ZsuipQf8&t=2s', 'Xn_ZsuipQf8', '2017-09-07 14:38:52', '2017-09-11 11:59:17', 'a1fa0215-c03a-4f3a-99e7-4dba19003b05'),
 ('92', '92', 'nl', 'Showreel', NULL, NULL, NULL, NULL, NULL, NULL, NULL, NULL, NULL, NULL, NULL, NULL, NULL, NULL, NULL, '0', '0', '0', '0', '0', NULL, NULL, NULL, NULL, NULL, NULL, NULL, NULL, NULL, NULL, '[]', NULL, '200ms', '.8s', NULL, NULL, NULL, NULL, NULL, '2017-09-07 14:42:09', '2017-09-07 14:42:09', 'be51bf6e-4fb7-4858-991d-b37cbb401c63'),
 ('93', '93', 'nl', 'Jvdt', NULL, NULL, NULL, NULL, NULL, NULL, NULL, NULL, NULL, NULL, NULL, NULL, NULL, NULL, NULL, '0', '0', '0', '0', '0', NULL, NULL, NULL, NULL, NULL, NULL, NULL, NULL, NULL, NULL, '[]', NULL, '200ms', '.8s', NULL, NULL, NULL, NULL, NULL, '2017-09-07 14:43:45', '2017-09-07 14:43:45', '478481b7-24c1-4fb7-a61e-838f00b31bb1'),
 ('94', '94', 'nl', 'Showreel JVDT 2014', '<p>My first assignment for JVDT back in 2014, I was asked to create the Showreel for the company. They where very happy with the end result of this animation.</p>', 'Showreel made for JVDT. ', NULL, NULL, NULL, NULL, NULL, NULL, NULL, NULL, NULL, NULL, NULL, NULL, NULL, '0', '0', '0', '0', '0', NULL, NULL, NULL, NULL, NULL, NULL, NULL, NULL, NULL, NULL, '[]', NULL, '200ms', '.8s', NULL, NULL, NULL, 'http://jongensvandetekeningen.nl/', '7SqqGtnb6Fs', '2017-09-07 14:43:51', '2017-09-11 14:14:42', '80b0e3c4-228c-4b73-bf81-9e5453db9bf6'),
 ('95', '95', 'nl', 'Sounddesign', NULL, NULL, NULL, NULL, NULL, NULL, NULL, NULL, NULL, NULL, NULL, NULL, NULL, NULL, NULL, '0', '0', '0', '0', '0', NULL, NULL, NULL, NULL, NULL, NULL, NULL, NULL, NULL, NULL, '[]', NULL, '200ms', '.8s', NULL, NULL, NULL, NULL, NULL, '2017-09-07 14:46:46', '2017-09-07 14:46:46', '9e551181-7ab6-4f0a-948b-2f7db354a3db'),
 ('96', '96', 'nl', 'Music', NULL, NULL, NULL, NULL, NULL, NULL, NULL, NULL, NULL, NULL, NULL, NULL, NULL, NULL, NULL, '0', '0', '0', '0', '0', NULL, NULL, NULL, NULL, NULL, NULL, NULL, NULL, NULL, NULL, '[]', NULL, '200ms', '.8s', NULL, NULL, NULL, NULL, NULL, '2017-09-07 14:46:48', '2017-09-07 14:46:48', 'aef37bb9-568d-4e01-a240-89cbf8e54c17'),
 ('97', '97', 'nl', 'Yes2web', NULL, NULL, NULL, NULL, NULL, NULL, NULL, NULL, NULL, NULL, NULL, NULL, NULL, NULL, NULL, '0', '0', '0', '0', '0', NULL, NULL, NULL, NULL, NULL, NULL, NULL, NULL, NULL, NULL, '[]', NULL, '200ms', '.8s', NULL, NULL, NULL, NULL, NULL, '2017-09-07 14:46:51', '2017-09-07 14:46:51', '0eb3cd71-f9aa-4a2a-8dee-ee8f5d608e2e'),
 ('98', '98', 'nl', 'Yes2Web', '<p>Yes2Web now known as Burst Digital asked me to create music for their showreel back in 2011. This song was created by me in a matter of days. It was also one of my first sounddesign jobs.</p>', 'In collaboration with former Yes2Web employee Willem. ', NULL, NULL, NULL, NULL, NULL, NULL, NULL, NULL, NULL, NULL, NULL, NULL, NULL, '0', '0', '0', '0', '0', NULL, NULL, NULL, NULL, NULL, NULL, NULL, NULL, NULL, NULL, '[]', NULL, '200ms', '.8s', NULL, NULL, NULL, 'https://www.youtube.com/watch?v=_HaAjvLIMO0', '_HaAjvLIMO0', '2017-09-07 14:50:50', '2017-09-11 11:59:11', 'dd4a0a3d-d690-4c18-bd58-0218740ba745'),
 ('100', '100', 'nl', 'Benvanderwal', NULL, NULL, NULL, NULL, NULL, NULL, NULL, NULL, NULL, NULL, NULL, NULL, NULL, NULL, NULL, '0', '0', '0', '0', '0', NULL, NULL, NULL, NULL, NULL, NULL, NULL, NULL, NULL, NULL, '[]', NULL, '200ms', '.8s', NULL, NULL, NULL, NULL, NULL, '2017-09-11 10:10:45', '2017-09-11 10:10:45', '97ec84e4-202f-4d63-abbc-1741f9c5fec4'),
 ('101', '101', 'nl', 'Website', NULL, NULL, NULL, NULL, NULL, NULL, NULL, NULL, NULL, NULL, NULL, NULL, NULL, NULL, NULL, '0', '0', '0', '0', '0', NULL, NULL, NULL, NULL, NULL, NULL, NULL, NULL, NULL, NULL, '[]', NULL, '200ms', '.8s', NULL, NULL, NULL, NULL, NULL, '2017-09-11 10:10:53', '2017-09-11 10:10:53', '9f4a14c0-d240-4c59-b447-dfddb71778e3'),
 ('102', '102', 'nl', 'Art', NULL, NULL, NULL, NULL, NULL, NULL, NULL, NULL, NULL, NULL, NULL, NULL, NULL, NULL, NULL, '0', '0', '0', '0', '0', NULL, NULL, NULL, NULL, NULL, NULL, NULL, NULL, NULL, NULL, '[]', NULL, '200ms', '.8s', NULL, NULL, NULL, NULL, NULL, '2017-09-11 10:10:56', '2017-09-11 10:10:56', 'c5635cd2-6a6d-48ab-bba0-96b3d06b8d36'),
 ('103', '103', 'nl', 'Benvanderwal', '<p>Creating the website for the briljant artist benvanderwal. He wanted something to show of his impressive work. I made him this website. The website contains a installation of wordpress with a custom theme. Added some plugins to fulfill the clients needs.</p>', 'Creating a website for artist Benvanderwal to show off his amazing artwork.', NULL, NULL, NULL, NULL, NULL, NULL, NULL, NULL, NULL, NULL, NULL, NULL, NULL, '0', '0', '0', '0', '0', NULL, NULL, NULL, NULL, NULL, NULL, NULL, NULL, NULL, NULL, '[]', NULL, '200ms', '.8s', NULL, NULL, NULL, 'http://benvanderwal.nl/', '', '2017-09-11 10:11:01', '2017-09-11 11:59:05', '3f05d3cf-33be-43f8-99c0-824e182226b6'),
 ('104', '104', 'nl', 'Photo', NULL, NULL, NULL, NULL, NULL, NULL, NULL, NULL, NULL, NULL, NULL, NULL, NULL, NULL, NULL, '0', '0', '0', '0', '0', NULL, NULL, NULL, NULL, NULL, NULL, NULL, NULL, NULL, NULL, '[]', NULL, '200ms', '.8s', NULL, NULL, NULL, NULL, NULL, '2017-10-14 14:56:12', '2017-10-14 14:56:12', 'b264892d-41ba-4ad3-a6fe-5159a7e01bb2'),
 ('105', '105', 'nl', 'Nieuwe', NULL, NULL, NULL, NULL, NULL, NULL, NULL, NULL, NULL, NULL, NULL, NULL, NULL, NULL, NULL, '0', '0', '0', '0', '0', NULL, NULL, NULL, NULL, NULL, NULL, NULL, NULL, NULL, NULL, '[]', NULL, '200ms', '.8s', NULL, NULL, NULL, NULL, NULL, '2017-11-11 12:32:47', '2017-11-11 12:32:47', '87da8d11-a82f-47b3-b7ed-62319b30450f'),
 ('106', '106', 'nl', 'Werkwijze', NULL, NULL, NULL, NULL, NULL, NULL, NULL, NULL, NULL, NULL, NULL, NULL, NULL, NULL, NULL, '0', '0', '0', '0', '0', NULL, NULL, NULL, NULL, NULL, NULL, NULL, NULL, NULL, NULL, '[]', NULL, '200ms', '.8s', NULL, NULL, NULL, NULL, NULL, '2017-11-11 12:32:50', '2017-11-11 12:32:50', '2aeac2ab-8d28-438d-ad30-0edc53d6faed'),
 ('107', '107', 'nl', 'Axxicom', NULL, NULL, NULL, NULL, NULL, NULL, NULL, NULL, NULL, NULL, NULL, NULL, NULL, NULL, NULL, '0', '0', '0', '0', '0', NULL, NULL, NULL, NULL, NULL, NULL, NULL, NULL, NULL, NULL, '[]', NULL, '200ms', '.8s', NULL, NULL, NULL, NULL, NULL, '2017-11-11 12:32:56', '2017-11-11 12:32:56', '0ab08ff5-e3d6-4fa5-a9d9-8c8b690b89ac'),
 ('108', '108', 'nl', 'Screen Shot 2017 11 11 At 13 31 19', NULL, NULL, NULL, NULL, NULL, NULL, NULL, NULL, NULL, NULL, NULL, NULL, NULL, NULL, NULL, '0', '0', '0', '0', '0', NULL, NULL, NULL, NULL, NULL, NULL, NULL, NULL, NULL, NULL, '[]', NULL, '200ms', '.8s', NULL, NULL, NULL, NULL, NULL, '2017-11-11 12:35:58', '2017-11-11 12:35:58', '5bad64cc-7264-428f-9196-af7aa02f0b0e'),
 ('109', '109', 'nl', 'Axxicom', '<p>Me and <a href=\"http://jongensvandetekeningen.nl/#people\" target=\"_blank\" rel=\"noreferrer noopener\"></a><a href=\"http://www.jongensvandetekeningen.nl\" target=\"_blank\" rel=\"noreferrer noopener\">Jongensvandetekeningen</a> created this Animation for Axxicom. They wanted a animation in combination with video. This is what we delivered.</p>', 'I made this Animation together with JVDT [ Jongensvandetekeningen ]', NULL, NULL, NULL, NULL, NULL, NULL, NULL, NULL, NULL, NULL, NULL, NULL, NULL, '0', '0', '0', '0', '0', NULL, NULL, NULL, NULL, NULL, NULL, NULL, NULL, NULL, NULL, '[]', NULL, '200ms', '.8s', NULL, NULL, NULL, 'https://www.youtube.com/watch?v=TIULyEdBRCc', 'TIULyEdBRCc', '2017-11-11 12:36:22', '2017-11-11 12:36:22', 'e3da05de-68ab-4fe1-99b7-f711e0af8022'),
 ('110', '110', 'nl', 'Antonius', NULL, NULL, NULL, NULL, NULL, NULL, NULL, NULL, NULL, NULL, NULL, NULL, NULL, NULL, NULL, '0', '0', '0', '0', '0', NULL, NULL, NULL, NULL, NULL, NULL, NULL, NULL, NULL, NULL, '[]', NULL, '200ms', '.8s', NULL, NULL, NULL, NULL, NULL, '2017-11-11 12:40:38', '2017-11-11 12:40:38', 'e52c3f17-93ce-4042-8813-36147f5d96ce'),
 ('111', '111', 'nl', 'Ziekenhuis', NULL, NULL, NULL, NULL, NULL, NULL, NULL, NULL, NULL, NULL, NULL, NULL, NULL, NULL, NULL, '0', '0', '0', '0', '0', NULL, NULL, NULL, NULL, NULL, NULL, NULL, NULL, NULL, NULL, '[]', NULL, '200ms', '.8s', NULL, NULL, NULL, NULL, NULL, '2017-11-11 12:40:42', '2017-11-11 12:40:42', 'df1118b7-a63c-4e75-a936-aff7a2fed2fb'),
 ('112', '112', 'nl', 'Hospital', NULL, NULL, NULL, NULL, NULL, NULL, NULL, NULL, NULL, NULL, NULL, NULL, NULL, NULL, NULL, '0', '0', '0', '0', '0', NULL, NULL, NULL, NULL, NULL, NULL, NULL, NULL, NULL, NULL, '[]', NULL, '200ms', '.8s', NULL, NULL, NULL, NULL, NULL, '2017-11-11 12:40:46', '2017-11-11 12:40:46', '73c7fcb4-f4fd-4ce9-bd15-d6d0bf50e3b3'),
 ('113', '113', 'nl', 'Screen Shot 2017 11 11 At 13 41 46', NULL, NULL, NULL, NULL, NULL, NULL, NULL, NULL, NULL, NULL, NULL, NULL, NULL, NULL, NULL, '0', '0', '0', '0', '0', NULL, NULL, NULL, NULL, NULL, NULL, NULL, NULL, NULL, NULL, '[]', NULL, '200ms', '.8s', NULL, NULL, NULL, NULL, NULL, '2017-11-11 12:42:35', '2017-11-11 12:42:35', '9821b8c9-84b5-41ce-8b07-b89663531f86'),
 ('114', '114', 'nl', 'st antonius', '<p>Me and <a href=\"http://jongensvandetekeningen.nl/#people\" target=\"_blank\" rel=\"noreferrer noopener\"></a><a href=\"http://www.jongensvandetekeningen.nl/\" target=\"_blank\" rel=\"noreferrer noopener\">Jongensvandetekeningen</a> created this Animation for st antonius hospital. </p>', 'I made this Animation together with JVDT [ Jongensvandetekeningen ]', NULL, NULL, NULL, NULL, NULL, NULL, NULL, NULL, NULL, NULL, NULL, NULL, NULL, '0', '0', '0', '0', '0', NULL, NULL, NULL, NULL, NULL, NULL, NULL, NULL, NULL, NULL, '[]', NULL, '200ms', '.8s', NULL, NULL, NULL, 'https://www.youtube.com/watch?v=zEh1XqElMT8', 'zEh1XqElMT8', '2017-11-11 12:42:43', '2017-11-11 12:44:48', '9780ad37-a39e-462a-b85d-177c47a1de97'),
 ('115', '115', 'nl', 'Screen Shot 2017 11 11 At 13 44 01', NULL, NULL, NULL, NULL, NULL, NULL, NULL, NULL, NULL, NULL, NULL, NULL, NULL, NULL, NULL, '0', '0', '0', '0', '0', NULL, NULL, NULL, NULL, NULL, NULL, NULL, NULL, NULL, NULL, '[]', NULL, '200ms', '.8s', NULL, NULL, NULL, NULL, NULL, '2017-11-11 12:44:38', '2017-11-11 12:44:38', '36b3c8f9-7a1b-4a09-ae63-1519fb89f056'),
 ('116', '116', 'nl', 'Govertment', NULL, NULL, NULL, NULL, NULL, NULL, NULL, NULL, NULL, NULL, NULL, NULL, NULL, NULL, NULL, '0', '0', '0', '0', '0', NULL, NULL, NULL, NULL, NULL, NULL, NULL, NULL, NULL, NULL, '[]', NULL, '200ms', '.8s', NULL, NULL, NULL, NULL, NULL, '2017-11-11 12:56:40', '2017-11-11 12:56:40', '815f9490-5ddf-41ae-aa56-722b96525621'),
 ('117', '117', 'nl', 'Screen Shot 2017 11 11 At 13 52 38', NULL, NULL, NULL, NULL, NULL, NULL, NULL, NULL, NULL, NULL, NULL, NULL, NULL, NULL, NULL, '0', '0', '0', '0', '0', NULL, NULL, NULL, NULL, NULL, NULL, NULL, NULL, NULL, NULL, '[]', NULL, '200ms', '.8s', NULL, NULL, NULL, NULL, NULL, '2017-11-11 12:57:03', '2017-11-11 12:57:03', '71516a79-34ac-4238-a042-aee75a9ebcca'),
 ('118', '118', 'nl', 'ministerie ez', '<p>Me and <a href=\"http://jongensvandetekeningen.nl/#people\" target=\"_blank\" rel=\"noreferrer noopener\">Willem</a> created this Animation for the ministry of economic affairs. They wanted a animation explaining their platform (MijnOverheid) for entrepreneurs.</p>', 'I made this Animation together with JVDT [ Jongensvandetekeningen ]', NULL, NULL, NULL, NULL, NULL, NULL, NULL, NULL, NULL, NULL, NULL, NULL, NULL, '0', '0', '0', '0', '0', NULL, NULL, NULL, NULL, NULL, NULL, NULL, NULL, NULL, NULL, '[]', NULL, '200ms', '.8s', NULL, NULL, NULL, 'https://www.youtube.com/watch?v=b5Yrs1a4XYo', 'b5Yrs1a4XYo', '2017-11-11 12:57:21', '2017-11-11 12:59:17', 'cb55a2c0-4e60-4587-a829-e2a0ba4a266c'),
 ('119', '119', 'nl', 'Screen Shot 2017 11 11 At 13 58 43', NULL, NULL, NULL, NULL, NULL, NULL, NULL, NULL, NULL, NULL, NULL, NULL, NULL, NULL, NULL, '0', '0', '0', '0', '0', NULL, NULL, NULL, NULL, NULL, NULL, NULL, NULL, NULL, NULL, '[]', NULL, '200ms', '.8s', NULL, NULL, NULL, NULL, NULL, '2017-11-11 12:59:14', '2017-11-11 12:59:14', 'a6289183-1657-4f9d-8f5c-30ef24329381'),
 ('120', '120', 'nl', 'Humanitas', NULL, NULL, NULL, NULL, NULL, NULL, NULL, NULL, NULL, NULL, NULL, NULL, NULL, NULL, NULL, '0', '0', '0', '0', '0', NULL, NULL, NULL, NULL, NULL, NULL, NULL, NULL, NULL, NULL, '[]', NULL, '200ms', '.8s', NULL, NULL, NULL, NULL, NULL, '2017-11-16 13:14:42', '2017-11-16 13:14:42', 'e40b69c6-3214-492c-bea5-1c64e08635f6'),
 ('121', '121', 'nl', 'Animatie', NULL, NULL, NULL, NULL, NULL, NULL, NULL, NULL, NULL, NULL, NULL, NULL, NULL, NULL, NULL, '0', '0', '0', '0', '0', NULL, NULL, NULL, NULL, NULL, NULL, NULL, NULL, NULL, NULL, '[]', NULL, '200ms', '.8s', NULL, NULL, NULL, NULL, NULL, '2017-11-16 13:14:45', '2017-11-16 13:14:45', 'f4816377-0a8b-4c44-8c43-43539f72794a'),
 ('122', '122', 'nl', 'Screen Shot 2017 11 16 At 14 15 49', NULL, NULL, NULL, NULL, NULL, NULL, NULL, NULL, NULL, NULL, NULL, NULL, NULL, NULL, NULL, '0', '0', '0', '0', '0', NULL, NULL, NULL, NULL, NULL, NULL, NULL, NULL, NULL, NULL, '[]', NULL, '200ms', '.8s', NULL, NULL, NULL, NULL, NULL, '2017-11-16 13:16:15', '2017-11-16 13:16:15', '00aeb39f-05ec-4581-811b-6a08b75cb43b'),
 ('123', '123', 'nl', 'Kinderopvang humanitas', '<p>Together with visualiser Arno van Doesburg I created this animation for Humanitas explaining recycling to children. </p>', 'Kinderopvang Humanitas animation own assigment', NULL, NULL, NULL, NULL, NULL, NULL, NULL, NULL, NULL, NULL, NULL, NULL, NULL, '0', '0', '0', '0', '0', NULL, NULL, NULL, NULL, NULL, NULL, NULL, NULL, NULL, NULL, '[]', NULL, '200ms', '.8s', NULL, NULL, NULL, 'https://www.youtube.com/watch?v=LFUtVlQ02yo', 'LFUtVlQ02yo', '2017-11-16 13:16:50', '2017-11-16 13:16:50', '36d0929d-5256-476c-b7ab-f00e9757abc5'),
 ('124', '124', 'nl', 'Ordevandedag', NULL, NULL, NULL, NULL, NULL, NULL, NULL, NULL, NULL, NULL, NULL, NULL, NULL, NULL, NULL, '0', '0', '0', '0', '0', NULL, NULL, NULL, NULL, NULL, NULL, NULL, NULL, NULL, NULL, '[]', NULL, '200ms', '.8s', NULL, NULL, NULL, NULL, NULL, '2017-12-04 10:11:58', '2017-12-04 10:12:08', 'a155445b-b740-40ee-a96f-9f8c63c7c92d');



DROP TABLE IF EXISTS `craft_deprecationerrors`;


--
-- Schema for table `craft_deprecationerrors`
--
CREATE TABLE `craft_deprecationerrors` (
  `id` int(11) NOT NULL AUTO_INCREMENT,
  `key` varchar(255) COLLATE utf8_unicode_ci NOT NULL,
  `fingerprint` varchar(255) COLLATE utf8_unicode_ci NOT NULL,
  `lastOccurrence` datetime NOT NULL,
  `file` varchar(255) COLLATE utf8_unicode_ci NOT NULL,
  `line` smallint(6) unsigned NOT NULL,
  `class` varchar(255) COLLATE utf8_unicode_ci DEFAULT NULL,
  `method` varchar(255) COLLATE utf8_unicode_ci DEFAULT NULL,
  `template` varchar(255) COLLATE utf8_unicode_ci DEFAULT NULL,
  `templateLine` smallint(6) unsigned DEFAULT NULL,
  `message` varchar(255) COLLATE utf8_unicode_ci DEFAULT NULL,
  `traces` text COLLATE utf8_unicode_ci,
  `dateCreated` datetime NOT NULL,
  `dateUpdated` datetime NOT NULL,
  `uid` char(36) COLLATE utf8_unicode_ci NOT NULL DEFAULT '0',
  PRIMARY KEY (`id`),
  UNIQUE KEY `craft_deprecationerrors_key_fingerprint_unq_idx` (`key`,`fingerprint`)
) ENGINE=InnoDB DEFAULT CHARSET=utf8 COLLATE=utf8_unicode_ci;

DROP TABLE IF EXISTS `craft_elementindexsettings`;


--
-- Schema for table `craft_elementindexsettings`
--
CREATE TABLE `craft_elementindexsettings` (
  `id` int(11) NOT NULL AUTO_INCREMENT,
  `type` varchar(150) COLLATE utf8_unicode_ci NOT NULL,
  `settings` text COLLATE utf8_unicode_ci,
  `dateCreated` datetime NOT NULL,
  `dateUpdated` datetime NOT NULL,
  `uid` char(36) COLLATE utf8_unicode_ci NOT NULL DEFAULT '0',
  PRIMARY KEY (`id`),
  UNIQUE KEY `craft_elementindexsettings_type_unq_idx` (`type`)
) ENGINE=InnoDB DEFAULT CHARSET=utf8 COLLATE=utf8_unicode_ci;

DROP TABLE IF EXISTS `craft_elements`;


--
-- Schema for table `craft_elements`
--
CREATE TABLE `craft_elements` (
  `id` int(11) NOT NULL AUTO_INCREMENT,
  `type` varchar(150) COLLATE utf8_unicode_ci NOT NULL,
  `enabled` tinyint(1) unsigned NOT NULL DEFAULT '1',
  `archived` tinyint(1) unsigned NOT NULL DEFAULT '0',
  `dateCreated` datetime NOT NULL,
  `dateUpdated` datetime NOT NULL,
  `uid` char(36) COLLATE utf8_unicode_ci NOT NULL DEFAULT '0',
  PRIMARY KEY (`id`),
  KEY `craft_elements_type_idx` (`type`),
  KEY `craft_elements_enabled_idx` (`enabled`),
  KEY `craft_elements_archived_dateCreated_idx` (`archived`,`dateCreated`)
) ENGINE=InnoDB AUTO_INCREMENT=125 DEFAULT CHARSET=utf8 COLLATE=utf8_unicode_ci;

--
-- Data for table `craft_elements`
--

INSERT INTO `craft_elements` (`id`, `type`, `enabled`, `archived`, `dateCreated`, `dateUpdated`, `uid`) VALUES
 ('1', 'User', '1', '0', '2017-08-25 21:30:00', '2017-08-25 21:30:00', '370cb955-752d-43ac-bcfe-5c41c1d8434f'),
 ('2', 'Entry', '0', '0', '2017-08-25 21:30:03', '2017-09-06 13:41:49', '5ecefde5-b525-4030-9179-9e8f961e428d'),
 ('18', 'Asset', '1', '0', '2017-09-03 20:59:02', '2017-09-03 20:59:03', '62f9fa5d-525c-4d54-a3d8-7c3866d334e6'),
 ('19', 'Asset', '1', '0', '2017-09-03 20:59:03', '2017-09-03 20:59:03', 'edd55cc3-f2b9-47db-acca-b38aed0de253'),
 ('20', 'Asset', '1', '0', '2017-09-03 20:59:03', '2017-09-03 20:59:03', '2dba5632-ab48-4aeb-b097-70ac65b9303e'),
 ('21', 'Asset', '1', '0', '2017-09-03 20:59:03', '2017-09-03 20:59:03', '1075207d-ed5b-4bd3-a6ad-ad4d4035d12a'),
 ('22', 'Asset', '1', '0', '2017-09-03 20:59:04', '2017-09-03 20:59:04', 'd940b310-bddf-4563-8023-0e49d8239006'),
 ('26', 'Asset', '1', '0', '2017-09-03 20:59:24', '2017-09-03 20:59:24', '4f3bcb66-0de1-4c63-9f6a-fb08fbc1e405'),
 ('27', 'Asset', '1', '0', '2017-09-03 20:59:24', '2017-09-03 20:59:24', '91eed21c-2fa7-4314-988d-9e75f356139d'),
 ('28', 'Asset', '1', '0', '2017-09-03 20:59:24', '2017-09-03 20:59:25', '6c2d3244-eccb-441f-a4b3-783a53cf996e'),
 ('30', 'Category', '1', '0', '2017-09-03 21:04:56', '2017-09-03 21:04:56', '4940ba03-f5aa-47f0-818e-06ad5f45f630'),
 ('31', 'Category', '1', '0', '2017-09-03 21:05:03', '2017-09-03 21:05:03', '3b27d980-20f8-467c-8087-e23ecefc41f1'),
 ('32', 'Category', '1', '0', '2017-09-03 21:05:10', '2017-09-03 21:05:10', '8ba9bcee-f8d7-4439-a84b-5802674b5aa3'),
 ('33', 'Tag', '1', '0', '2017-09-03 21:11:30', '2017-09-03 21:11:30', 'c0eca9f8-3af7-4b6d-9179-063aff0ad26a'),
 ('34', 'Tag', '1', '0', '2017-09-03 21:11:32', '2017-09-03 21:11:32', 'cc18da7a-635c-4bc8-92ee-ab3183b1725d'),
 ('35', 'Tag', '1', '0', '2017-09-03 21:11:35', '2017-09-03 21:11:35', '83aa7bda-e678-4395-bff9-fdf005c13f8c'),
 ('38', 'Entry', '1', '0', '2017-09-03 22:40:48', '2017-10-14 14:56:32', '4558fec2-55f3-4c52-9353-14bd2645070e'),
 ('42', 'Tag', '1', '0', '2017-09-03 22:57:47', '2017-09-03 22:57:47', '5a567d48-ca26-4eaa-a5a3-5fdbc376ea14'),
 ('43', 'Entry', '1', '0', '2017-09-03 22:57:51', '2017-09-11 11:59:38', '01e8b8f9-4cf3-449e-8af4-9ac08d202881'),
 ('44', 'Entry', '1', '0', '2017-09-04 11:05:05', '2017-12-18 10:22:37', 'a0b5a6b0-3aab-428c-ab0d-6b1464c8e925'),
 ('45', 'Category', '1', '0', '2017-09-04 12:35:09', '2017-09-04 13:19:45', '6be69b62-1702-45e5-8dbd-a57706273e91'),
 ('46', 'Category', '1', '0', '2017-09-04 12:35:18', '2017-09-04 13:19:49', 'b7023540-647f-4561-9951-63a0e076866e'),
 ('47', 'Category', '1', '0', '2017-09-04 12:35:24', '2017-09-04 12:48:39', '099638ab-cb9e-4371-a93d-4be1131cac74'),
 ('48', 'Category', '1', '0', '2017-09-04 12:35:31', '2017-09-04 13:19:53', '905a60e5-a14d-4039-9617-8dc26701e7a8'),
 ('49', 'Category', '1', '0', '2017-09-04 12:35:40', '2017-09-04 13:19:57', 'fe573d9a-cb94-413c-b9dc-64c66396ee4a'),
 ('50', 'Entry', '1', '0', '2017-09-04 12:41:41', '2017-09-06 16:18:31', '0110c3f2-e4eb-4754-ac29-0ceed8f47554'),
 ('53', 'Entry', '1', '0', '2017-09-04 13:25:56', '2017-09-05 22:49:58', 'b56c630d-4039-4971-a072-35fb1f14348d'),
 ('54', 'Entry', '1', '0', '2017-09-04 13:26:11', '2017-09-04 13:26:11', '9446ce9e-3d83-41f4-ac9e-af0263e0ef1d'),
 ('55', 'Entry', '1', '0', '2017-09-04 13:26:28', '2017-09-04 13:26:28', '90baa662-971e-409a-8113-0c978c796dcb'),
 ('56', 'Entry', '1', '0', '2017-09-04 15:33:57', '2017-09-12 11:50:37', 'abfccbfd-ac64-43ed-a4a7-71e2d3dc42ee'),
 ('57', 'Category', '1', '0', '2017-09-05 07:47:56', '2017-09-05 07:47:56', '63e8c1bc-2238-448d-86e8-f76b74011e1d'),
 ('58', 'Category', '1', '0', '2017-09-05 07:48:08', '2017-09-05 07:48:08', '82875e88-cae1-48af-a5c0-556c0c6e0cae'),
 ('59', 'Category', '1', '0', '2017-09-05 07:48:15', '2017-09-05 07:48:15', 'c10f5a39-8bc3-462d-a862-e39b0c2e2fd7'),
 ('61', 'Entry', '1', '0', '2017-09-06 08:44:29', '2017-09-06 16:22:11', '70bb5e32-98cb-43dc-95ff-4f448d0ec88f'),
 ('62', 'Entry', '1', '0', '2017-09-06 08:46:54', '2017-09-06 16:22:04', '03739dcb-6d73-4555-a1da-329455b6423b'),
 ('63', 'Entry', '1', '0', '2017-09-06 08:48:26', '2017-09-06 16:06:40', 'ada87e57-ee2a-414e-84fd-ca28e479ec19'),
 ('64', 'Entry', '1', '0', '2017-09-06 10:50:51', '2017-09-06 16:16:30', '98cc8691-501d-4015-b548-874192f21c63'),
 ('65', 'Entry', '1', '0', '2017-09-06 10:51:20', '2017-09-06 22:48:25', 'dfa05e33-e332-4690-87d9-775710984b58'),
 ('66', 'Entry', '1', '0', '2017-09-06 10:52:11', '2017-09-06 19:20:26', 'bb07dbca-83a3-4382-91a0-7a8d19773be0'),
 ('67', 'Tag', '1', '0', '2017-09-06 11:12:07', '2017-09-06 11:12:07', 'b2c6a895-d207-44fa-bb31-d94beb54910c'),
 ('68', 'Tag', '1', '0', '2017-09-06 11:12:08', '2017-09-06 11:12:08', 'a00d1094-fae3-42b6-a3bc-465046d7d057'),
 ('69', 'Asset', '1', '0', '2017-09-06 13:41:45', '2017-09-06 13:41:45', 'cfebec6f-6211-4e6e-8d02-64ae031b13df'),
 ('70', 'Tag', '1', '0', '2017-09-06 16:00:26', '2017-09-06 16:00:26', '93050a14-01fd-45a2-9954-d4836df2a4f5'),
 ('71', 'Tag', '1', '0', '2017-09-06 16:00:33', '2017-09-06 16:00:33', '37c49a74-bfba-4022-bb19-04accb9cf85e'),
 ('72', 'Tag', '1', '0', '2017-09-06 16:00:37', '2017-09-06 16:00:37', '7e5615e9-545e-4549-9fdd-6ffd3fb37c51'),
 ('73', 'Entry', '1', '0', '2017-09-06 16:06:08', '2017-09-06 16:20:52', '2239db27-8aea-45bd-83b8-93295b8e490b'),
 ('74', 'Entry', '1', '0', '2017-09-06 16:08:59', '2017-09-06 16:21:03', 'af9da65f-de99-48a9-b030-7fbf71578496'),
 ('75', 'Entry', '1', '0', '2017-09-06 16:11:52', '2017-09-06 16:11:52', '4704aef3-4c27-43c7-8ea5-53c70a431f97'),
 ('76', 'Tag', '1', '0', '2017-09-06 19:18:09', '2017-09-06 19:18:09', '1563dd46-8081-4ae5-8f0f-3cccfe2d048a'),
 ('77', 'Entry', '1', '0', '2017-09-06 19:18:59', '2017-09-11 11:59:33', 'd349f8f3-d21b-400e-bb7a-2a1ea11c5138'),
 ('78', 'Tag', '1', '0', '2017-09-06 19:23:36', '2017-09-06 19:23:36', '4fe3c66d-f1a6-481b-94d4-543429343f3f'),
 ('79', 'Entry', '1', '0', '2017-09-06 19:24:38', '2017-09-11 11:59:27', '9796d5db-973c-4535-a1dc-cb8bbae04337'),
 ('80', 'Asset', '1', '0', '2017-09-06 22:58:23', '2017-09-11 10:09:17', 'b2b02cf8-5f5d-4684-a596-30647444a534'),
 ('81', 'Asset', '1', '0', '2017-09-06 22:58:49', '2017-09-06 22:58:49', '6edcad61-d187-48c2-a263-e961937ea104'),
 ('82', 'Asset', '1', '0', '2017-09-06 22:58:49', '2017-09-06 22:58:49', 'b53231ef-bf67-421d-874d-a64d9baf137c'),
 ('83', 'Asset', '1', '0', '2017-09-06 22:58:50', '2017-09-06 22:58:50', '3e3c4360-c418-4de7-a40d-3cf0b1906e09'),
 ('84', 'Tag', '1', '0', '2017-09-06 23:04:51', '2017-09-06 23:04:51', '67795f58-74b5-4ea4-8778-47fed18e5151'),
 ('85', 'Tag', '1', '0', '2017-09-06 23:04:55', '2017-09-06 23:04:55', '44f7df58-8c8b-475e-8c35-3a8d6675216d'),
 ('86', 'Tag', '1', '0', '2017-09-06 23:05:08', '2017-09-06 23:05:08', '42fc6e88-df62-41f2-81a6-2923a8b1de54'),
 ('87', 'Entry', '1', '0', '2017-09-06 23:05:16', '2017-09-11 11:59:22', '559aca02-b55c-4885-a315-62cab04e14a5'),
 ('88', 'Asset', '1', '0', '2017-09-06 23:06:41', '2017-09-06 23:06:41', '56311268-489a-4e36-9e3d-2434e07dddf9'),
 ('89', 'Asset', '1', '0', '2017-09-06 23:08:46', '2017-09-06 23:08:46', '9dcd39a9-aea9-4e77-a0b1-35f160ec5a91'),
 ('90', 'Tag', '1', '0', '2017-09-07 14:38:32', '2017-09-07 14:38:32', '1c9a411c-9ff8-4fa9-9162-0ba7dbb326e3'),
 ('91', 'Entry', '1', '0', '2017-09-07 14:38:52', '2017-09-11 11:59:17', '8e574289-8c28-4315-a509-658847fef8ce'),
 ('92', 'Tag', '1', '0', '2017-09-07 14:42:09', '2017-09-07 14:42:09', '0ea47b7a-1719-45e1-9f0f-2d017dcd00ca'),
 ('93', 'Asset', '1', '0', '2017-09-07 14:43:45', '2017-09-07 14:43:45', 'f5b48229-903a-44e2-be7b-44a76e2fa337'),
 ('94', 'Entry', '1', '0', '2017-09-07 14:43:51', '2017-09-11 14:14:42', '1449d0a5-b079-414f-bc91-3ddc15b1a4f0'),
 ('95', 'Tag', '1', '0', '2017-09-07 14:46:46', '2017-09-07 14:46:46', 'd28e29e9-e719-4406-a936-a2e8a5b08315'),
 ('96', 'Tag', '1', '0', '2017-09-07 14:46:48', '2017-09-07 14:46:48', '9daa25d6-b037-4d31-9252-ed3256274356'),
 ('97', 'Tag', '1', '0', '2017-09-07 14:46:51', '2017-09-07 14:46:51', 'ca0ad4e2-b542-4b98-96b6-60be18d88b63'),
 ('98', 'Entry', '1', '0', '2017-09-07 14:50:50', '2017-09-11 11:59:11', 'abc14416-4334-45f4-a6cc-76e5ebc1721d'),
 ('100', 'Tag', '1', '0', '2017-09-11 10:10:45', '2017-09-11 10:10:45', '27019040-06c9-47ca-bbfe-a3831cb1d2b4'),
 ('101', 'Tag', '1', '0', '2017-09-11 10:10:53', '2017-09-11 10:10:53', '3841a038-9919-43c0-95c4-dabbd9bed6c0'),
 ('102', 'Tag', '1', '0', '2017-09-11 10:10:56', '2017-09-11 10:10:56', '1e849ae8-a543-4bdd-8843-42cb51545e5e'),
 ('103', 'Entry', '1', '0', '2017-09-11 10:11:01', '2017-09-11 11:59:05', '4b698a05-0ea0-4382-954c-8778d2edf495'),
 ('104', 'Asset', '1', '0', '2017-10-14 14:56:12', '2017-10-14 14:56:12', '376fda79-571a-46b1-a0f0-40e0c9c50b37'),
 ('105', 'Tag', '1', '0', '2017-11-11 12:32:47', '2017-11-11 12:32:47', '5f739c62-bf62-4dc0-a492-3c4f2c912a08'),
 ('106', 'Tag', '1', '0', '2017-11-11 12:32:50', '2017-11-11 12:32:50', 'db09e52d-6458-4693-bdf5-33ab9813a5f6'),
 ('107', 'Tag', '1', '0', '2017-11-11 12:32:56', '2017-11-11 12:32:56', '8ec34b92-9624-4625-b56b-e59d5a96905d'),
 ('108', 'Asset', '1', '0', '2017-11-11 12:35:58', '2017-11-11 12:35:58', '4586789f-a2b3-4bf2-8360-2d07b19617bf'),
 ('109', 'Entry', '1', '0', '2017-11-11 12:36:22', '2017-11-11 12:36:22', '80f59b3c-5851-47a0-ab54-5f5c46c64c17'),
 ('110', 'Tag', '1', '0', '2017-11-11 12:40:38', '2017-11-11 12:40:38', '9a29b0b3-0095-4839-ad01-bec0e98ee974'),
 ('111', 'Tag', '1', '0', '2017-11-11 12:40:42', '2017-11-11 12:40:42', '1d2d8e1d-e13a-40e1-9cfd-20c996028522'),
 ('112', 'Tag', '1', '0', '2017-11-11 12:40:46', '2017-11-11 12:40:46', 'a893b432-0b0f-4e22-88e1-4767d11ef4f1'),
 ('113', 'Asset', '1', '0', '2017-11-11 12:42:35', '2017-11-11 12:42:35', 'b55bb61b-8a5d-4593-850f-9a2e2fa593eb'),
 ('114', 'Entry', '1', '0', '2017-11-11 12:42:43', '2017-11-11 12:44:48', '54daf3d0-58e2-4620-90f5-51c107e5940f'),
 ('115', 'Asset', '1', '0', '2017-11-11 12:44:38', '2017-11-11 12:44:38', '87a915bc-8b5f-4cfd-a73d-27f48ae03a90'),
 ('116', 'Tag', '1', '0', '2017-11-11 12:56:40', '2017-11-11 12:56:40', '1ca9ca61-460d-4681-8b01-9da988f83211'),
 ('117', 'Asset', '1', '0', '2017-11-11 12:57:03', '2017-11-11 12:57:03', '248229d7-b000-4ecc-9de3-22eba7c2727c'),
 ('118', 'Entry', '1', '0', '2017-11-11 12:57:21', '2017-11-11 12:59:17', 'c005a6a9-622f-40d1-af5d-9f360d8f4093'),
 ('119', 'Asset', '1', '0', '2017-11-11 12:59:14', '2017-11-11 12:59:14', '4a3da5a4-f2d4-4017-9343-34cf6301bf5c'),
 ('120', 'Tag', '1', '0', '2017-11-16 13:14:42', '2017-11-16 13:14:42', '1f5f02f9-a1a8-40a2-89b7-bba1ead8c2aa'),
 ('121', 'Tag', '1', '0', '2017-11-16 13:14:45', '2017-11-16 13:14:45', '7d699d3b-53f8-4f9f-bd3a-452baaa10870'),
 ('122', 'Asset', '1', '0', '2017-11-16 13:16:15', '2017-11-16 13:16:15', 'a3f319c7-34c3-4903-a788-623be8b998e7'),
 ('123', 'Entry', '1', '0', '2017-11-16 13:16:50', '2017-11-16 13:16:50', '97241740-f411-4a23-8a32-5653333e2b23'),
 ('124', 'Asset', '1', '0', '2017-12-04 10:11:58', '2017-12-04 10:12:08', 'ec0f15ff-4275-4af0-befe-90d0abaecdb2');



DROP TABLE IF EXISTS `craft_elements_i18n`;


--
-- Schema for table `craft_elements_i18n`
--
CREATE TABLE `craft_elements_i18n` (
  `id` int(11) NOT NULL AUTO_INCREMENT,
  `elementId` int(11) NOT NULL,
  `locale` char(12) COLLATE utf8_unicode_ci NOT NULL,
  `slug` varchar(255) COLLATE utf8_unicode_ci DEFAULT NULL,
  `uri` varchar(255) COLLATE utf8_unicode_ci DEFAULT NULL,
  `enabled` tinyint(1) unsigned NOT NULL DEFAULT '1',
  `dateCreated` datetime NOT NULL,
  `dateUpdated` datetime NOT NULL,
  `uid` char(36) COLLATE utf8_unicode_ci NOT NULL DEFAULT '0',
  PRIMARY KEY (`id`),
  UNIQUE KEY `craft_elements_i18n_elementId_locale_unq_idx` (`elementId`,`locale`),
  UNIQUE KEY `craft_elements_i18n_uri_locale_unq_idx` (`uri`,`locale`),
  KEY `craft_elements_i18n_slug_locale_idx` (`slug`,`locale`),
  KEY `craft_elements_i18n_enabled_idx` (`enabled`),
  KEY `craft_elements_i18n_locale_fk` (`locale`)
) ENGINE=InnoDB AUTO_INCREMENT=125 DEFAULT CHARSET=utf8 COLLATE=utf8_unicode_ci;

--
-- Data for table `craft_elements_i18n`
--

INSERT INTO `craft_elements_i18n` (`id`, `elementId`, `locale`, `slug`, `uri`, `enabled`, `dateCreated`, `dateUpdated`, `uid`) VALUES
 ('1', '1', 'nl', '', NULL, '1', '2017-08-25 21:30:00', '2017-08-25 21:30:00', '523c6f6d-0ec4-43c4-99bc-7c97bbd19ebd'),
 ('2', '2', 'nl', 'homepage', '__home__', '1', '2017-08-25 21:30:03', '2017-09-06 13:41:49', 'cebe8b77-ecb2-4579-9a8c-4ebc4fd054f8'),
 ('18', '18', 'nl', 'almere', NULL, '1', '2017-09-03 20:59:02', '2017-09-03 20:59:03', '9b89d77e-656f-482c-9daa-48e1f57a569a'),
 ('19', '19', 'nl', 'ghg', NULL, '1', '2017-09-03 20:59:03', '2017-09-03 20:59:03', '2a9e0efb-32fe-40b8-8d24-c81d2f9eb0ae'),
 ('20', '20', 'nl', 'groenlinks', NULL, '1', '2017-09-03 20:59:03', '2017-09-03 20:59:03', 'b1a8dbdf-b06b-477e-8b6e-ace20d905e9e'),
 ('21', '21', 'nl', 'newskool', NULL, '1', '2017-09-03 20:59:03', '2017-09-03 20:59:03', '58616213-c6b8-421b-9100-c35404319df1'),
 ('22', '22', 'nl', 'youshare', NULL, '1', '2017-09-03 20:59:04', '2017-09-03 20:59:04', '3147d4a7-155f-4897-bfcc-27ee42486c8a'),
 ('26', '26', 'nl', 'animation', NULL, '1', '2017-09-03 20:59:24', '2017-09-03 20:59:24', '66bbae25-09d2-45ca-a7ec-573feb98798a'),
 ('27', '27', 'nl', 'sounddesign', NULL, '1', '2017-09-03 20:59:24', '2017-09-03 20:59:24', '7975ed70-e1c2-4984-85d4-67a012f37a24'),
 ('28', '28', 'nl', 'webdevelopment', NULL, '1', '2017-09-03 20:59:24', '2017-09-03 20:59:25', 'ba71588a-04c6-4ff8-85c6-e631c9396dba'),
 ('30', '30', 'nl', 'webdevelopment', NULL, '1', '2017-09-03 21:04:56', '2017-09-03 21:04:56', 'f1ed9adf-8ecf-4644-9c8b-46e5d12abce3'),
 ('31', '31', 'nl', 'sounddesign', NULL, '1', '2017-09-03 21:05:03', '2017-09-03 21:05:03', 'c6db1027-6ec8-4c2b-87de-84c54dd07865'),
 ('32', '32', 'nl', 'animation', NULL, '1', '2017-09-03 21:05:10', '2017-09-03 21:05:10', '28d76f36-2d13-4cfa-b752-34f9fc23ff3e'),
 ('33', '33', 'nl', 'groothandelsgebouw', NULL, '1', '2017-09-03 21:11:30', '2017-09-03 21:11:30', '0054a448-0512-4dad-9109-e5141fb1b55b'),
 ('34', '34', 'nl', 'new', NULL, '1', '2017-09-03 21:11:32', '2017-09-03 21:11:32', 'ae4a68ea-ccc3-4d15-83bc-a77fa74b7a16'),
 ('35', '35', 'nl', 'animation', NULL, '1', '2017-09-03 21:11:35', '2017-09-03 21:11:35', '7e762ebe-969c-4f87-9188-e972f434162b'),
 ('38', '38', 'nl', 'about', 'about', '1', '2017-09-03 22:40:49', '2017-10-14 14:56:32', '0c1a9c71-7bf9-4035-8928-08048bbc7104'),
 ('42', '42', 'nl', 'tag', NULL, '1', '2017-09-03 22:57:47', '2017-09-03 22:57:47', 'dc94e4b8-7c54-458a-b16e-1cf6bc4b8596'),
 ('43', '43', 'nl', 'groothandelsgebouw-animatie', 'portfolio/groothandelsgebouw-animatie', '1', '2017-09-03 22:57:51', '2017-09-11 11:59:38', '4b410cb9-61b1-4fd1-93ec-db8b016c2ef4'),
 ('44', '44', 'nl', 'statistic', 'statistic', '1', '2017-09-04 11:05:05', '2017-12-18 10:22:37', '397914d7-d1e6-4cf5-9eab-3a979d77b38a'),
 ('45', '45', 'nl', 'adobe-ae', NULL, '1', '2017-09-04 12:35:09', '2017-09-04 13:19:45', 'ec71c876-c4c2-4df9-9ca3-99c81b5dc6bc'),
 ('46', '46', 'nl', 'drupal-8', NULL, '1', '2017-09-04 12:35:18', '2017-09-04 13:19:49', 'd6da4437-c277-4e21-87d5-6369dd63bb68'),
 ('47', '47', 'nl', 'drupal-7', NULL, '1', '2017-09-04 12:35:24', '2017-09-04 12:48:39', '9b4847ea-d042-481c-a45c-cbca0ff8a430'),
 ('48', '48', 'nl', 'craft-cms', NULL, '1', '2017-09-04 12:35:31', '2017-09-04 13:19:53', 'd3695580-7944-468b-b920-a9dcfb708cae'),
 ('49', '49', 'nl', 'ableton', NULL, '1', '2017-09-04 12:35:40', '2017-09-04 13:19:57', '1a271ac6-10af-4b75-b6f6-7d704f5a9766'),
 ('50', '50', 'nl', 'skills', 'skills', '1', '2017-09-04 12:41:41', '2017-09-06 16:18:31', '788e8142-3f04-4362-a987-c7f2a198824c'),
 ('53', '53', 'nl', 'hire-me', 'hire-me', '1', '2017-09-04 13:25:56', '2017-09-05 22:49:58', 'ea779e68-f1b2-4080-bedf-92ca902a2f1a'),
 ('54', '54', 'nl', 'contact', 'contact', '1', '2017-09-04 13:26:11', '2017-09-04 13:26:11', 'c2901cf8-0b3b-43d5-9662-4ac407a01afa'),
 ('55', '55', 'nl', 'footer', 'footer', '1', '2017-09-04 13:26:28', '2017-09-04 13:26:28', '7e077c51-fb36-4815-b91f-3317401a5cb1'),
 ('56', '56', 'nl', 'header', 'header', '1', '2017-09-04 15:33:57', '2017-09-12 11:50:37', '87518bb6-7074-4d5c-8e7c-6c477672fb4c'),
 ('57', '57', 'nl', 'animator', NULL, '1', '2017-09-05 07:47:56', '2017-09-05 07:47:56', '6c045885-5872-4dac-8151-a7826522cedf'),
 ('58', '58', 'nl', 'sounddesigner', NULL, '1', '2017-09-05 07:48:08', '2017-09-05 07:48:08', '4c911cbb-f2bd-480d-bed9-4d38ae320ced'),
 ('59', '59', 'nl', 'webdeveloper', NULL, '1', '2017-09-05 07:48:15', '2017-09-05 07:48:15', 'b29fed82-1e0c-4060-8196-beb0c1298bf8'),
 ('61', '61', 'nl', 'computer-science', NULL, '1', '2017-09-06 08:44:29', '2017-09-06 16:22:11', '68d37907-ebfc-433b-b4ad-4226da65f7f2'),
 ('62', '62', 'nl', 'mediatechnologie', NULL, '1', '2017-09-06 08:46:54', '2017-09-06 16:22:04', 'ecf3567a-008e-415f-8a5b-53852a44ab01'),
 ('63', '63', 'nl', 'animator', NULL, '1', '2017-09-06 08:48:26', '2017-09-06 16:06:40', 'e93997e6-35c2-4f1e-94b7-0b3f125d4844'),
 ('64', '64', 'nl', 'websites', NULL, '1', '2017-09-06 10:50:51', '2017-09-06 16:16:30', '09298e47-0db5-483c-a7bc-1ca322ea24a8'),
 ('65', '65', 'nl', 'code', NULL, '1', '2017-09-06 10:51:20', '2017-09-06 22:48:25', '3ea10171-3133-41af-82cc-094a2b85f841'),
 ('66', '66', 'nl', 'animation', NULL, '1', '2017-09-06 10:52:11', '2017-09-06 19:20:26', '5a2cd130-5d80-4a91-a357-d6d666467f27'),
 ('67', '67', 'nl', 'style', NULL, '1', '2017-09-06 11:12:07', '2017-09-06 11:12:07', 'a21b23af-e260-4223-9003-ba127448b11b'),
 ('68', '68', 'nl', 'epic', NULL, '1', '2017-09-06 11:12:08', '2017-09-06 11:12:08', 'd3f59309-74ed-4a84-a629-6db4c922dc31'),
 ('69', '69', 'nl', 'r-favicon', NULL, '1', '2017-09-06 13:41:45', '2017-09-06 13:41:45', 'ba70bd3a-8367-4216-a0f7-4c6d4a92e892'),
 ('70', '70', 'nl', 'rotterdam', NULL, '1', '2017-09-06 16:00:27', '2017-09-06 16:00:27', 'a9eebd4b-bf07-4e1a-a4f4-5b3245d130db'),
 ('71', '71', 'nl', 'jongensvandetekeningen', NULL, '1', '2017-09-06 16:00:33', '2017-09-06 16:00:33', '64ba8a99-3101-4c7f-83fe-9a5d4b9ab910'),
 ('72', '72', 'nl', 'jvdt', NULL, '1', '2017-09-06 16:00:37', '2017-09-06 16:00:37', '75ab0c4b-a055-4ce5-91bb-6d7a51f0a46c'),
 ('73', '73', 'nl', 'junior-drupal-developer', NULL, '1', '2017-09-06 16:06:08', '2017-09-06 16:20:52', '4268202b-e193-4cee-a037-4fc35e0711e7'),
 ('74', '74', 'nl', 'sounddesigner', NULL, '1', '2017-09-06 16:08:59', '2017-09-06 16:21:03', '5758861f-c5aa-4695-a196-0a16edcc25bf'),
 ('75', '75', 'nl', 'webdeveloper', NULL, '1', '2017-09-06 16:11:52', '2017-09-06 16:11:52', 'e4cb7df3-a5fb-4bb5-bc5c-b5989bb14abf'),
 ('76', '76', 'nl', 'groenlinks', NULL, '1', '2017-09-06 19:18:09', '2017-09-06 19:18:09', '6782bec8-d17c-4925-9e04-3d5918c79dfe'),
 ('77', '77', 'nl', 'groenlinks-animation', 'portfolio/groenlinks-animation', '1', '2017-09-06 19:18:59', '2017-09-11 11:59:33', '40892403-f317-49fd-abfb-69f44a353015'),
 ('78', '78', 'nl', 'newskool', NULL, '1', '2017-09-06 19:23:36', '2017-09-06 19:23:36', '3cd00ab2-d3e0-4a79-84d9-3f639b2eb02e'),
 ('79', '79', 'nl', 'newskool-animation', 'portfolio/newskool-animation', '1', '2017-09-06 19:24:38', '2017-09-11 11:59:28', 'ecff35d6-eca4-47de-93b1-885f39866e38'),
 ('80', '80', 'nl', 'benvanderwal', NULL, '1', '2017-09-06 22:58:23', '2017-09-11 10:09:17', '3bc330f9-e6a8-4cda-8ad4-4e5a752e713d'),
 ('81', '81', 'nl', 'indruk', NULL, '1', '2017-09-06 22:58:49', '2017-09-06 22:58:49', 'bcbe6fdd-11e6-46a7-9ac6-1f003f4fab18'),
 ('82', '82', 'nl', 'tilburg', NULL, '1', '2017-09-06 22:58:50', '2017-09-06 22:58:50', 'f1289a8d-446c-415c-875e-d9769a519d79'),
 ('83', '83', 'nl', 'yes2web', NULL, '1', '2017-09-06 22:58:50', '2017-09-06 22:58:50', '2952cb29-c4ea-44bb-94d6-f19065099212'),
 ('84', '84', 'nl', 'indruk', NULL, '1', '2017-09-06 23:04:51', '2017-09-06 23:04:51', '2c5ba29b-4472-491c-be3e-750a6c9a0e95'),
 ('85', '85', 'nl', 'webdevelopment', NULL, '1', '2017-09-06 23:04:56', '2017-09-06 23:04:56', '23187330-113e-4f56-8f54-885df28d56ee'),
 ('86', '86', 'nl', 'frontend', NULL, '1', '2017-09-06 23:05:08', '2017-09-06 23:05:08', 'd146178b-9533-4627-bc9e-f6636a2fbf87'),
 ('87', '87', 'nl', 'indruk-webdevelopment', 'portfolio/indruk-webdevelopment', '1', '2017-09-06 23:05:16', '2017-09-11 11:59:23', '666772c8-dffa-412e-a213-1e0a6c8e0bdc'),
 ('88', '88', 'nl', 'screen-shot-2017-09-07-at-01-06-16', NULL, '1', '2017-09-06 23:06:41', '2017-09-06 23:06:41', '0be71cd7-afec-44f0-b508-2a78426a9728'),
 ('89', '89', 'nl', 'screen-shot-2017-09-07-at-01-08-07', NULL, '1', '2017-09-06 23:08:46', '2017-09-06 23:08:46', '91ced3d8-44b6-41b0-9192-b261232cf058'),
 ('90', '90', 'nl', 'youshare', NULL, '1', '2017-09-07 14:38:32', '2017-09-07 14:38:32', '052295b2-56bc-4ce5-a362-bdb61e9160fe'),
 ('91', '91', 'nl', 'youshare-animation', 'portfolio/youshare-animation', '1', '2017-09-07 14:38:52', '2017-09-11 11:59:17', 'd8cd21a1-7e65-409d-9221-2be144908ee0'),
 ('92', '92', 'nl', 'showreel', NULL, '1', '2017-09-07 14:42:09', '2017-09-07 14:42:09', 'abbe5674-b19b-4628-8cee-fab1ad884be0'),
 ('93', '93', 'nl', 'jvdt', NULL, '1', '2017-09-07 14:43:45', '2017-09-07 14:43:45', 'a0605c10-b16c-49e4-b151-a9b1b869feb0'),
 ('94', '94', 'nl', 'showreel-jongensvandetekeningen-2014', 'portfolio/showreel-jongensvandetekeningen-2014', '1', '2017-09-07 14:43:51', '2017-09-11 14:14:42', '000ef17b-d9bc-4df1-a3dc-000eab7ec87e'),
 ('95', '95', 'nl', 'sounddesign', NULL, '1', '2017-09-07 14:46:46', '2017-09-07 14:46:46', 'd8811458-e1c1-49d1-8a0b-f4e86a15e1d6'),
 ('96', '96', 'nl', 'music', NULL, '1', '2017-09-07 14:46:48', '2017-09-07 14:46:48', 'a26afa18-bbe2-4217-8250-af0233f80d0d'),
 ('97', '97', 'nl', 'yes2web', NULL, '1', '2017-09-07 14:46:51', '2017-09-07 14:46:51', '7b4b5cf9-e2b0-4160-bd24-518b474daa63'),
 ('98', '98', 'nl', 'yes2web-sounddesign', 'portfolio/yes2web-sounddesign', '1', '2017-09-07 14:50:50', '2017-09-11 11:59:11', '7d214b6b-b696-42b0-82be-bc2786f95be6'),
 ('100', '100', 'nl', 'benvanderwal', NULL, '1', '2017-09-11 10:10:45', '2017-09-11 10:10:45', '0eb4cce3-bbe2-4d7b-a9f0-665983ea79c8'),
 ('101', '101', 'nl', 'website', NULL, '1', '2017-09-11 10:10:53', '2017-09-11 10:10:53', '2b7fe65c-d3fd-4c26-aac6-781067b0dc1c'),
 ('102', '102', 'nl', 'art', NULL, '1', '2017-09-11 10:10:56', '2017-09-11 10:10:56', '9ac67e32-4527-4daa-8928-1fd664814abb'),
 ('103', '103', 'nl', 'benvanderwal-webdevelopment', 'portfolio/benvanderwal-webdevelopment', '1', '2017-09-11 10:11:02', '2017-09-11 11:59:05', '52a9de51-2ed6-4edc-95aa-c42d324a195c'),
 ('104', '104', 'nl', 'photo', NULL, '1', '2017-10-14 14:56:12', '2017-10-14 14:56:12', '45ad1355-cc06-437e-ae08-6d7ceb85b7d9'),
 ('105', '105', 'nl', 'nieuwe', NULL, '1', '2017-11-11 12:32:47', '2017-11-11 12:32:47', 'd02e0a22-0019-4976-aae1-e7d4d3754389'),
 ('106', '106', 'nl', 'werkwijze', NULL, '1', '2017-11-11 12:32:50', '2017-11-11 12:32:50', '8e8b9f5d-9b38-40ea-8401-609298899904'),
 ('107', '107', 'nl', 'axxicom', NULL, '1', '2017-11-11 12:32:56', '2017-11-11 12:32:56', '164ecaf8-bcd9-413f-9f29-80ff01697876'),
 ('108', '108', 'nl', 'screen-shot-2017-11-11-at-13-31-19', NULL, '1', '2017-11-11 12:35:58', '2017-11-11 12:35:58', 'fc44b572-36dc-4f89-8bd2-6a0764ea7de5'),
 ('109', '109', 'nl', 'axxicom', 'portfolio/axxicom', '1', '2017-11-11 12:36:23', '2017-11-11 12:36:23', '3fc23398-be94-4550-8c64-5591c679ee92'),
 ('110', '110', 'nl', 'antonius', NULL, '1', '2017-11-11 12:40:38', '2017-11-11 12:40:38', 'd30e9c2c-b0b1-40b0-b3d8-87bb5aa15f3d'),
 ('111', '111', 'nl', 'ziekenhuis', NULL, '1', '2017-11-11 12:40:42', '2017-11-11 12:40:42', '4f541a2b-6b53-4357-957e-76d56fcf9046'),
 ('112', '112', 'nl', 'hospital', NULL, '1', '2017-11-11 12:40:46', '2017-11-11 12:40:46', '09e7650d-57f4-4490-af31-62615a508855'),
 ('113', '113', 'nl', 'screen-shot-2017-11-11-at-13-41-46', NULL, '1', '2017-11-11 12:42:35', '2017-11-11 12:42:35', 'cb0064c2-ecd0-46c8-b0b6-ea5637edf507'),
 ('114', '114', 'nl', 'st-antonius', 'portfolio/st-antonius', '1', '2017-11-11 12:42:43', '2017-11-11 12:44:48', 'b241f892-3bd2-46b9-90a5-123f0a879236'),
 ('115', '115', 'nl', 'screen-shot-2017-11-11-at-13-44-01', NULL, '1', '2017-11-11 12:44:39', '2017-11-11 12:44:39', '5a81295e-3f22-4a47-b130-d1560d922a95'),
 ('116', '116', 'nl', 'govertment', NULL, '1', '2017-11-11 12:56:40', '2017-11-11 12:56:40', 'e476dd15-f663-490a-9429-4727f7f1efc5'),
 ('117', '117', 'nl', 'screen-shot-2017-11-11-at-13-52-38', NULL, '1', '2017-11-11 12:57:03', '2017-11-11 12:57:03', 'b56daefd-aded-46df-bbc7-ec792bf46469'),
 ('118', '118', 'nl', 'ministerie-ez', 'portfolio/ministerie-ez', '1', '2017-11-11 12:57:21', '2017-11-11 12:59:17', '16dbff75-dc41-4a1c-a0a6-8f68ae71864f'),
 ('119', '119', 'nl', 'screen-shot-2017-11-11-at-13-58-43', NULL, '1', '2017-11-11 12:59:14', '2017-11-11 12:59:14', 'dec0a0f0-f824-4140-9e77-fd3ac85f9f12'),
 ('120', '120', 'nl', 'humanitas', NULL, '1', '2017-11-16 13:14:42', '2017-11-16 13:14:42', '25d16190-6cdb-4ffe-bbab-a43a17507fbe'),
 ('121', '121', 'nl', 'animatie', NULL, '1', '2017-11-16 13:14:45', '2017-11-16 13:14:45', '0b72901e-219c-4ad7-9ff0-bfc452b4539e'),
 ('122', '122', 'nl', 'screen-shot-2017-11-16-at-14-15-49', NULL, '1', '2017-11-16 13:16:15', '2017-11-16 13:16:15', '6d529348-f186-44e8-8a27-9056f48ad275'),
 ('123', '123', 'nl', 'kinderopvang-humanitas', 'portfolio/kinderopvang-humanitas', '1', '2017-11-16 13:16:50', '2017-11-16 13:16:50', '60b8f0fc-1a8c-4a66-8460-87b3b67a767a'),
 ('124', '124', 'nl', 'ordevandedag', NULL, '1', '2017-12-04 10:11:58', '2017-12-04 10:12:08', '4af499b7-87ee-422a-9e37-32989a362c25');



DROP TABLE IF EXISTS `craft_emailmessages`;


--
-- Schema for table `craft_emailmessages`
--
CREATE TABLE `craft_emailmessages` (
  `id` int(11) NOT NULL AUTO_INCREMENT,
  `key` char(150) COLLATE utf8_unicode_ci NOT NULL,
  `locale` char(12) COLLATE utf8_unicode_ci NOT NULL,
  `subject` varchar(1000) COLLATE utf8_unicode_ci NOT NULL,
  `body` text COLLATE utf8_unicode_ci NOT NULL,
  `dateCreated` datetime NOT NULL,
  `dateUpdated` datetime NOT NULL,
  `uid` char(36) COLLATE utf8_unicode_ci NOT NULL DEFAULT '0',
  PRIMARY KEY (`id`),
  UNIQUE KEY `craft_emailmessages_key_locale_unq_idx` (`key`,`locale`),
  KEY `craft_emailmessages_locale_fk` (`locale`)
) ENGINE=InnoDB DEFAULT CHARSET=utf8 COLLATE=utf8_unicode_ci;

DROP TABLE IF EXISTS `craft_entries`;


--
-- Schema for table `craft_entries`
--
CREATE TABLE `craft_entries` (
  `id` int(11) NOT NULL,
  `sectionId` int(11) NOT NULL,
  `typeId` int(11) DEFAULT NULL,
  `authorId` int(11) DEFAULT NULL,
  `postDate` datetime DEFAULT NULL,
  `expiryDate` datetime DEFAULT NULL,
  `dateCreated` datetime NOT NULL,
  `dateUpdated` datetime NOT NULL,
  `uid` char(36) COLLATE utf8_unicode_ci NOT NULL DEFAULT '0',
  PRIMARY KEY (`id`),
  KEY `craft_entries_sectionId_idx` (`sectionId`),
  KEY `craft_entries_typeId_idx` (`typeId`),
  KEY `craft_entries_postDate_idx` (`postDate`),
  KEY `craft_entries_expiryDate_idx` (`expiryDate`),
  KEY `craft_entries_authorId_fk` (`authorId`)
) ENGINE=InnoDB DEFAULT CHARSET=utf8 COLLATE=utf8_unicode_ci;

--
-- Data for table `craft_entries`
--

INSERT INTO `craft_entries` (`id`, `sectionId`, `typeId`, `authorId`, `postDate`, `expiryDate`, `dateCreated`, `dateUpdated`, `uid`) VALUES
 ('2', '1', NULL, NULL, '2017-08-25 21:30:03', NULL, '2017-08-25 21:30:03', '2017-09-06 13:41:49', '9468f057-88a4-44a4-8001-be5d57d1c856'),
 ('38', '8', NULL, NULL, '2017-09-03 22:40:48', NULL, '2017-09-03 22:40:49', '2017-10-14 14:56:32', 'eb57a6e4-902a-4c54-9d2c-1d0618729eec'),
 ('43', '5', '5', '1', '2017-09-03 22:57:00', NULL, '2017-09-03 22:57:51', '2017-09-11 11:59:38', '265ab7e1-e77e-42c5-8168-3d9acb8d730b'),
 ('44', '9', NULL, NULL, '2017-09-04 11:05:05', NULL, '2017-09-04 11:05:05', '2017-12-18 10:22:37', 'd8766002-c4f1-4ce0-9141-4189a1a556c7'),
 ('50', '10', NULL, NULL, '2017-09-04 12:41:41', NULL, '2017-09-04 12:41:41', '2017-09-06 16:18:32', 'b6c58c53-c077-4658-820f-810442d573ed'),
 ('53', '14', NULL, NULL, '2017-09-04 13:25:56', NULL, '2017-09-04 13:25:56', '2017-09-05 22:49:58', '8e424b90-6f6d-4df2-bba7-4498044e4c55'),
 ('54', '15', NULL, NULL, '2017-09-04 13:26:11', NULL, '2017-09-04 13:26:11', '2017-09-04 13:26:11', '29625e9d-3111-4d95-8b1c-ec41b8567ba2'),
 ('55', '16', NULL, NULL, '2017-09-04 13:26:27', NULL, '2017-09-04 13:26:28', '2017-09-04 13:26:28', '1e10733b-48d6-4cc2-9465-a829231e65ee'),
 ('56', '17', NULL, NULL, '2017-09-04 15:33:57', NULL, '2017-09-04 15:33:57', '2017-09-12 11:50:38', '8313d62d-869c-4cf6-a521-a98983349d27'),
 ('61', '19', '19', '1', '2017-09-06 08:44:00', NULL, '2017-09-06 08:44:29', '2017-09-06 16:22:11', 'eef756ed-08ee-4eb1-88e5-b3082eddf435'),
 ('62', '19', '19', '1', '2017-09-06 08:46:00', NULL, '2017-09-06 08:46:54', '2017-09-06 16:22:04', 'bd567d7f-07d6-4f9f-a552-50a685e4d109'),
 ('63', '20', '20', '1', '2017-09-06 08:48:00', NULL, '2017-09-06 08:48:26', '2017-09-06 16:06:40', '91c51ebd-f6b9-482b-b190-4d5a586b2bf7'),
 ('64', '18', '18', '1', '2017-09-06 10:50:00', NULL, '2017-09-06 10:50:51', '2017-09-06 16:16:30', '9f2fe006-1821-4fc5-a5ff-de80bc13236a'),
 ('65', '18', '18', '1', '2017-09-06 10:51:00', NULL, '2017-09-06 10:51:20', '2017-09-06 22:48:25', 'a6b2f103-5098-481b-92b2-853594c87678'),
 ('66', '18', '18', '1', '2017-09-06 10:52:00', NULL, '2017-09-06 10:52:11', '2017-09-06 19:20:26', '9edd2191-3586-43d9-a32d-66c848d2391a'),
 ('73', '20', '20', '1', '2017-09-06 16:10:00', NULL, '2017-09-06 16:06:08', '2017-09-06 16:20:52', '25902fcc-0cc1-4a38-b68a-00650445539f'),
 ('74', '20', '20', '1', '2017-09-06 16:08:00', NULL, '2017-09-06 16:08:59', '2017-09-06 16:21:03', 'd92b5b44-3c9a-4637-8126-67a39fc5ba5b'),
 ('75', '20', '20', '1', '2017-09-06 03:00:00', NULL, '2017-09-06 16:11:52', '2017-09-06 16:11:52', 'd06c3fcc-e54b-4d34-baac-9b49b2400c0a'),
 ('77', '5', '5', '1', '2017-09-06 19:18:00', NULL, '2017-09-06 19:18:59', '2017-09-11 11:59:33', '681d36fe-22ca-48cc-b704-bc111e9c4ef7'),
 ('79', '5', '5', '1', '2017-09-06 19:24:00', NULL, '2017-09-06 19:24:38', '2017-09-11 11:59:28', '6e7e718c-1217-4030-9af3-ff6a8e0eb0b6'),
 ('87', '5', '5', '1', '2017-09-06 23:05:00', NULL, '2017-09-06 23:05:17', '2017-09-11 11:59:23', '5fe5a9a2-6837-4c2e-80cd-ca9b0b61bfed'),
 ('91', '5', '5', '1', '2017-09-07 14:38:00', NULL, '2017-09-07 14:38:52', '2017-09-11 11:59:17', '921e7fa0-7cef-4d82-af10-5a2c01f1b825'),
 ('94', '5', '5', '1', '2017-09-07 14:43:00', NULL, '2017-09-07 14:43:51', '2017-09-11 14:14:42', '01c5ffcf-28d0-48ca-bbeb-e1dda4d3abf1'),
 ('98', '5', '5', '1', '2017-09-07 14:50:00', NULL, '2017-09-07 14:50:50', '2017-09-11 11:59:11', 'a39b3365-c13a-4493-a12a-8c401da5760d'),
 ('103', '5', '5', '1', '2017-09-11 10:11:00', NULL, '2017-09-11 10:11:02', '2017-09-11 11:59:05', 'e483c519-3384-4bb1-b202-3aeab4c6e3f9'),
 ('109', '5', '5', '1', '2017-11-11 12:36:22', NULL, '2017-11-11 12:36:23', '2017-11-11 12:36:23', 'ed140650-d129-472b-9d91-874956bbaea0'),
 ('114', '5', '5', '1', '2017-11-11 12:42:00', NULL, '2017-11-11 12:42:43', '2017-11-11 12:44:48', '5fe964be-b317-450c-8d30-0186542564f0'),
 ('118', '5', '5', '1', '2017-11-11 12:57:00', NULL, '2017-11-11 12:57:21', '2017-11-11 12:59:17', 'be9c9268-141f-4141-a79f-aabc2d287f06'),
 ('123', '5', '5', '1', '2017-11-16 13:16:50', NULL, '2017-11-16 13:16:50', '2017-11-16 13:16:50', '12347194-cda4-48e0-a2df-f26bac169bf2');



DROP TABLE IF EXISTS `craft_entrydrafts`;


--
-- Schema for table `craft_entrydrafts`
--
CREATE TABLE `craft_entrydrafts` (
  `id` int(11) NOT NULL AUTO_INCREMENT,
  `entryId` int(11) NOT NULL,
  `sectionId` int(11) NOT NULL,
  `creatorId` int(11) NOT NULL,
  `locale` char(12) COLLATE utf8_unicode_ci NOT NULL,
  `name` varchar(255) COLLATE utf8_unicode_ci NOT NULL,
  `notes` tinytext COLLATE utf8_unicode_ci,
  `data` mediumtext COLLATE utf8_unicode_ci NOT NULL,
  `dateCreated` datetime NOT NULL,
  `dateUpdated` datetime NOT NULL,
  `uid` char(36) COLLATE utf8_unicode_ci NOT NULL DEFAULT '0',
  PRIMARY KEY (`id`),
  KEY `craft_entrydrafts_entryId_locale_idx` (`entryId`,`locale`),
  KEY `craft_entrydrafts_sectionId_fk` (`sectionId`),
  KEY `craft_entrydrafts_creatorId_fk` (`creatorId`),
  KEY `craft_entrydrafts_locale_fk` (`locale`)
) ENGINE=InnoDB DEFAULT CHARSET=utf8 COLLATE=utf8_unicode_ci;

DROP TABLE IF EXISTS `craft_entrytypes`;


--
-- Schema for table `craft_entrytypes`
--
CREATE TABLE `craft_entrytypes` (
  `id` int(11) NOT NULL AUTO_INCREMENT,
  `sectionId` int(11) NOT NULL,
  `fieldLayoutId` int(11) DEFAULT NULL,
  `name` varchar(255) COLLATE utf8_unicode_ci NOT NULL,
  `handle` varchar(255) COLLATE utf8_unicode_ci NOT NULL,
  `hasTitleField` tinyint(1) unsigned NOT NULL DEFAULT '1',
  `titleLabel` varchar(255) COLLATE utf8_unicode_ci DEFAULT 'Title',
  `titleFormat` varchar(255) COLLATE utf8_unicode_ci DEFAULT NULL,
  `sortOrder` smallint(6) unsigned DEFAULT NULL,
  `dateCreated` datetime NOT NULL,
  `dateUpdated` datetime NOT NULL,
  `uid` char(36) COLLATE utf8_unicode_ci NOT NULL DEFAULT '0',
  PRIMARY KEY (`id`),
  UNIQUE KEY `craft_entrytypes_name_sectionId_unq_idx` (`name`,`sectionId`),
  UNIQUE KEY `craft_entrytypes_handle_sectionId_unq_idx` (`handle`,`sectionId`),
  KEY `craft_entrytypes_sectionId_fk` (`sectionId`),
  KEY `craft_entrytypes_fieldLayoutId_fk` (`fieldLayoutId`)
) ENGINE=InnoDB AUTO_INCREMENT=21 DEFAULT CHARSET=utf8 COLLATE=utf8_unicode_ci;

--
-- Data for table `craft_entrytypes`
--

INSERT INTO `craft_entrytypes` (`id`, `sectionId`, `fieldLayoutId`, `name`, `handle`, `hasTitleField`, `titleLabel`, `titleFormat`, `sortOrder`, `dateCreated`, `dateUpdated`, `uid`) VALUES
 ('1', '1', '79', 'Homepage', 'homepage', '1', 'Title', NULL, '1', '2017-08-25 21:30:03', '2017-09-06 13:40:23', 'e9c254cd-49f9-4f3d-a22e-93a9debeff33'),
 ('5', '5', '77', 'portfolio', 'portfolio', '1', 'Titel', NULL, '1', '2017-09-03 22:39:38', '2017-09-06 12:11:50', 'fb6c4e99-6187-4900-a0b0-98601e31e487'),
 ('8', '8', '35', 'about', 'about', '1', 'Naam', NULL, '1', '2017-09-03 22:40:48', '2017-09-04 10:57:27', 'aa7fbcdc-4413-4830-b85b-c75808a176bf'),
 ('9', '9', '37', ' statistic', 'statistic', '0', NULL, '{section.name|raw}', '1', '2017-09-04 11:05:05', '2017-09-04 11:07:49', 'd874f2a4-c69e-4070-8d03-45295684bc45'),
 ('10', '10', '47', 'skills', 'skills', '1', 'Title', NULL, '1', '2017-09-04 12:41:41', '2017-09-04 13:22:26', '3d4ca298-bb50-42f3-9fd5-67f9aab49f25'),
 ('14', '14', '62', 'hire me', 'hireMe', '0', NULL, '{section.name|raw}', '1', '2017-09-04 13:25:56', '2017-09-05 22:48:53', 'ff37b1f0-e15e-4082-a86e-a8286ef8cd3a'),
 ('15', '15', '52', 'contact', 'contact', '0', NULL, '{section.name|raw}', '1', '2017-09-04 13:26:11', '2017-09-04 13:26:11', 'c565f1c6-6b78-429c-bcf7-c1b3c48c9c45'),
 ('16', '16', '53', 'footer', 'footer', '0', NULL, '{section.name|raw}', '1', '2017-09-04 13:26:27', '2017-09-04 13:26:27', 'e7fadc83-fa63-4b26-ace2-6460617fb8af'),
 ('17', '17', '59', 'header', 'header', '1', '', NULL, '1', '2017-09-04 15:33:57', '2017-09-05 07:51:11', 'fe63b1cc-6511-441f-9b5e-170ab5561d90'),
 ('18', '18', '76', 'services', 'services', '1', 'Titel', NULL, '1', '2017-09-06 08:25:56', '2017-09-06 10:47:57', 'b5f15137-b9c5-4000-932b-5ff00276f1d1'),
 ('19', '19', '72', 'resume education', 'resumeEducation', '1', 'Titel', NULL, '1', '2017-09-06 08:27:08', '2017-09-06 09:02:32', 'b4e54cd9-6a03-42b6-9bcc-39c11370213e'),
 ('20', '20', '73', 'resume experience', 'resumeExperience', '1', 'Titel', NULL, '1', '2017-09-06 08:27:21', '2017-09-06 09:02:48', '97a65e27-9611-4d23-a7cb-631c76ef71bb');



DROP TABLE IF EXISTS `craft_entryversions`;


--
-- Schema for table `craft_entryversions`
--
CREATE TABLE `craft_entryversions` (
  `id` int(11) NOT NULL AUTO_INCREMENT,
  `entryId` int(11) NOT NULL,
  `sectionId` int(11) NOT NULL,
  `creatorId` int(11) DEFAULT NULL,
  `locale` char(12) COLLATE utf8_unicode_ci NOT NULL,
  `num` smallint(6) unsigned NOT NULL,
  `notes` tinytext COLLATE utf8_unicode_ci,
  `data` mediumtext COLLATE utf8_unicode_ci NOT NULL,
  `dateCreated` datetime NOT NULL,
  `dateUpdated` datetime NOT NULL,
  `uid` char(36) COLLATE utf8_unicode_ci NOT NULL DEFAULT '0',
  PRIMARY KEY (`id`),
  KEY `craft_entryversions_entryId_locale_idx` (`entryId`,`locale`),
  KEY `craft_entryversions_sectionId_fk` (`sectionId`),
  KEY `craft_entryversions_creatorId_fk` (`creatorId`),
  KEY `craft_entryversions_locale_fk` (`locale`)
) ENGINE=InnoDB AUTO_INCREMENT=127 DEFAULT CHARSET=utf8 COLLATE=utf8_unicode_ci;

--
-- Data for table `craft_entryversions`
--

INSERT INTO `craft_entryversions` (`id`, `entryId`, `sectionId`, `creatorId`, `locale`, `num`, `notes`, `data`, `dateCreated`, `dateUpdated`, `uid`) VALUES
 ('1', '2', '1', '1', 'nl', '1', NULL, '{\"typeId\":\"1\",\"authorId\":null,\"title\":\"Homepage\",\"slug\":\"homepage\",\"postDate\":1503696603,\"expiryDate\":null,\"enabled\":1,\"parentId\":null,\"fields\":[]}', '2017-08-25 21:30:03', '2017-08-25 21:30:03', '4bea3a75-07a2-460e-8eab-eba96046d975'),
 ('2', '2', '1', '1', 'nl', '2', NULL, '{\"typeId\":null,\"authorId\":null,\"title\":\"Welcome to Localhost!\",\"slug\":\"homepage\",\"postDate\":1503696603,\"expiryDate\":null,\"enabled\":\"1\",\"parentId\":null,\"fields\":{\"1\":\"<p>It\\u2019s true, this site doesn\\u2019t have a whole lot of content yet, but don\\u2019t worry. Our web developers have just installed the CMS, and they\\u2019re setting things up for the content editors this very moment. Soon Localhost will be an oasis of fresh perspectives, sharp analyses, and astute opinions that will keep you coming back again and again.<\\/p>\"}}', '2017-08-25 21:30:03', '2017-08-25 21:30:03', '3831bbde-00d4-46e1-9b6c-447287638fc7'),
 ('7', '38', '8', '1', 'nl', '1', NULL, '{\"typeId\":\"8\",\"authorId\":null,\"title\":\"about\",\"slug\":\"about\",\"postDate\":1504478448,\"expiryDate\":null,\"enabled\":1,\"parentId\":null,\"fields\":[]}', '2017-09-03 22:40:49', '2017-09-03 22:40:49', 'd48c3873-37ec-47ac-a954-7fd9da2abd57'),
 ('11', '43', '5', '1', 'nl', '1', '', '{\"typeId\":null,\"authorId\":\"1\",\"title\":\"Groothandelsgebouw Animatie\",\"slug\":\"groothandelsgebouw-animatie\",\"postDate\":1504479471,\"expiryDate\":null,\"enabled\":1,\"parentId\":null,\"fields\":{\"1\":\"<p>poep<\\/p>\",\"4\":[\"19\"],\"5\":\"Dit is lorum ipsum\",\"3\":[\"32\"],\"2\":[\"42\"]}}', '2017-09-03 22:57:51', '2017-09-03 22:57:51', 'e29faa03-e405-4855-998a-d862d84f36bb'),
 ('12', '38', '8', '1', 'nl', '2', '', '{\"typeId\":null,\"authorId\":null,\"title\":\"Remco Hoeneveld\",\"slug\":\"about\",\"postDate\":1504478448,\"expiryDate\":null,\"enabled\":1,\"parentId\":null,\"fields\":{\"8\":[\"12\"],\"6\":\"Animator \\/ Sounddesigner \\/ Webdeveloper\",\"7\":\"I\\u2019m a Front End Developer. I have a Passion for Creating Clean,                                 Beautiful, Interactive, Minimalistic, Responsive and User Friendly UI, Developed by                                 Modular, Scalable and Functional Code. When, while the lovely valley teems with vapour                                 around me.\"}}', '2017-09-03 23:18:37', '2017-09-03 23:18:37', '89f867fb-f85c-42eb-a463-ee6e66c38b85'),
 ('13', '38', '8', '1', 'nl', '3', '', '{\"typeId\":null,\"authorId\":null,\"title\":\"Remco Hoeneveld\",\"slug\":\"about\",\"postDate\":1504478448,\"expiryDate\":null,\"enabled\":1,\"parentId\":null,\"fields\":{\"8\":[\"12\"],\"9\":\"https:\\/\\/www.facebook.com\\/rhoeneveld\",\"12\":\"https:\\/\\/www.linkedin.com\\/in\\/remcohoeneveld\\/\",\"6\":\"Animator \\/ Sounddesigner \\/ Webdeveloper\",\"7\":\"I\\u2019m a Front End Developer. I have a Passion for Creating Clean,                                 Beautiful, Interactive, Minimalistic, Responsive and User Friendly UI, Developed by                                 Modular, Scalable and Functional Code. When, while the lovely valley teems with vapour                                 around me.\",\"10\":\"https:\\/\\/twitter.com\\/remcohoeneveld\",\"11\":\"https:\\/\\/www.youtube.com\\/user\\/remcohoeneveld\"}}', '2017-09-04 07:54:36', '2017-09-04 07:54:36', '39c53a15-4018-47cd-9e34-92bcf3c9d1b3'),
 ('14', '38', '8', '1', 'nl', '4', '', '{\"typeId\":null,\"authorId\":null,\"title\":\"Remco Hoeneveld\",\"slug\":\"about\",\"postDate\":1504478448,\"expiryDate\":null,\"enabled\":1,\"parentId\":null,\"fields\":{\"8\":[\"12\"],\"15\":\"Lumeystraat, 20B, Rotterdam\",\"14\":\"26 April 1994\",\"16\":\"Remcohoeneveld@gmail.com\",\"9\":\"https:\\/\\/www.facebook.com\\/rhoeneveld\",\"13\":\"Remco Hoeneveld\",\"12\":\"https:\\/\\/www.linkedin.com\\/in\\/remcohoeneveld\\/\",\"18\":\"Dutch\",\"6\":\"Animator \\/ Sounddesigner \\/ Webdeveloper\",\"17\":\"+316-4118-5118\",\"7\":\"I\\u2019m a Front End Developer. I have a Passion for Creating Clean,                                 Beautiful, Interactive, Minimalistic, Responsive and User Friendly UI, Developed by                                 Modular, Scalable and Functional Code. When, while the lovely valley teems with vapour                                 around me.\",\"10\":\"https:\\/\\/twitter.com\\/remcohoeneveld\",\"11\":\"https:\\/\\/www.youtube.com\\/user\\/remcohoeneveld\"}}', '2017-09-04 10:56:28', '2017-09-04 10:56:28', '82e5bad2-40be-432d-8772-6a0d9f0aa5ae'),
 ('15', '38', '8', '1', 'nl', '5', '', '{\"typeId\":null,\"authorId\":null,\"title\":\"Remco Hoeneveld\",\"slug\":\"about\",\"postDate\":1504478448,\"expiryDate\":null,\"enabled\":1,\"parentId\":null,\"fields\":{\"8\":[\"12\"],\"15\":\"Lumeystraat, 20B, Rotterdam\",\"14\":\"26 April 1994\",\"16\":\"Remcohoeneveld@gmail.com\",\"9\":\"https:\\/\\/www.facebook.com\\/rhoeneveld\",\"13\":\"Remco Hoeneveld\",\"12\":\"https:\\/\\/www.linkedin.com\\/in\\/remcohoeneveld\\/\",\"18\":\"Dutch\",\"6\":\"Animator \\/ Sounddesigner \\/ Webdeveloper\",\"17\":\"+316-4118-5118\",\"19\":\"https:\\/\\/www.dropbox.com\\/s\\/r1dgvtv89ja3b34\\/RemcoHoeneveldProfile.pdf?dl=0\",\"7\":\"I\\u2019m a Front End Developer. I have a Passion for Creating Clean,                                 Beautiful, Interactive, Minimalistic, Responsive and User Friendly UI, Developed by                                 Modular, Scalable and Functional Code. When, while the lovely valley teems with vapour                                 around me.\",\"10\":\"https:\\/\\/twitter.com\\/remcohoeneveld\",\"11\":\"https:\\/\\/www.youtube.com\\/user\\/remcohoeneveld\"}}', '2017-09-04 11:01:33', '2017-09-04 11:01:33', '85471def-214d-4fcb-935c-0267d8f676ca'),
 ('16', '44', '9', '1', 'nl', '1', NULL, '{\"typeId\":\"9\",\"authorId\":null,\"title\":\" statistic\",\"slug\":\"statistic\",\"postDate\":1504523105,\"expiryDate\":null,\"enabled\":1,\"parentId\":null,\"fields\":[]}', '2017-09-04 11:05:05', '2017-09-04 11:05:05', 'a62de8a9-ac20-40ea-a64c-ee43ba578f26'),
 ('17', '44', '9', '1', 'nl', '2', '', '{\"typeId\":null,\"authorId\":null,\"title\":\" statistic\",\"slug\":\"statistic\",\"postDate\":1504523105,\"expiryDate\":null,\"enabled\":1,\"parentId\":null,\"fields\":{\"21\":\"3\",\"22\":\"52\",\"20\":\"20\"}}', '2017-09-04 11:08:42', '2017-09-04 11:08:42', '1b279409-a062-49ff-bfa3-c570f70d20f4'),
 ('18', '50', '10', '1', 'nl', '1', NULL, '{\"typeId\":\"10\",\"authorId\":null,\"title\":\"skills\",\"slug\":\"skills\",\"postDate\":1504528901,\"expiryDate\":null,\"enabled\":1,\"parentId\":null,\"fields\":[]}', '2017-09-04 12:41:41', '2017-09-04 12:41:41', '0b150346-e78d-4b2c-9a19-e0f19dbed5b2'),
 ('19', '50', '10', '1', 'nl', '2', '', '{\"typeId\":null,\"authorId\":null,\"title\":\"skills\",\"slug\":\"skills\",\"postDate\":1504528901,\"expiryDate\":null,\"enabled\":1,\"parentId\":null,\"fields\":{\"24\":[\"45\",\"46\",\"47\",\"48\",\"49\"]}}', '2017-09-04 12:43:53', '2017-09-04 12:43:53', '3254139f-6f69-4360-b07b-9c498e484a4f'),
 ('20', '50', '10', '1', 'nl', '3', '', '{\"typeId\":null,\"authorId\":null,\"title\":\"skills\",\"slug\":\"skills\",\"postDate\":1504528901,\"expiryDate\":null,\"enabled\":1,\"parentId\":null,\"fields\":{\"24\":[\"45\",\"46\",\"47\",\"48\",\"49\"]}}', '2017-09-04 12:49:11', '2017-09-04 12:49:11', '16597294-8a6d-453b-82bf-b5f268f88a0b'),
 ('21', '50', '10', '1', 'nl', '4', '', '{\"typeId\":null,\"authorId\":null,\"title\":\"skills\",\"slug\":\"skills\",\"postDate\":1504528901,\"expiryDate\":null,\"enabled\":1,\"parentId\":null,\"fields\":{\"24\":[\"45\",\"46\",\"48\",\"49\"]}}', '2017-09-04 13:20:08', '2017-09-04 13:20:08', 'f43b5c1c-d2ae-445e-9100-20937a80c1aa'),
 ('22', '50', '10', '1', 'nl', '5', '', '{\"typeId\":null,\"authorId\":null,\"title\":\"I GOT THE SKILLS\",\"slug\":\"skills\",\"postDate\":1504528901,\"expiryDate\":null,\"enabled\":1,\"parentId\":null,\"fields\":{\"1\":\"<p>Lorem ipsum dolor sit amet, consectetur adipisicing elit. Dolore quasi mollitia rem quisquam atque pariatur, a ut, amet illum quibusdam facere vitae delectus reiciendis fugit tempora esse sint deserunt dolorum.<\\/p>\",\"24\":[\"45\",\"46\",\"48\",\"49\"]}}', '2017-09-04 13:22:11', '2017-09-04 13:22:11', 'e527c298-e218-4ef0-bbf9-cfa1ae4c2e16'),
 ('25', '53', '14', '1', 'nl', '1', NULL, '{\"typeId\":\"14\",\"authorId\":null,\"title\":\"hire me\",\"slug\":\"hire-me\",\"postDate\":1504531556,\"expiryDate\":null,\"enabled\":1,\"parentId\":null,\"fields\":[]}', '2017-09-04 13:25:56', '2017-09-04 13:25:56', 'a6f73e5c-9f8c-44d3-83c3-041d7c5c88ee'),
 ('26', '54', '15', '1', 'nl', '1', NULL, '{\"typeId\":\"15\",\"authorId\":null,\"title\":\"contact\",\"slug\":\"contact\",\"postDate\":1504531571,\"expiryDate\":null,\"enabled\":1,\"parentId\":null,\"fields\":[]}', '2017-09-04 13:26:11', '2017-09-04 13:26:11', '776484dd-9c57-453a-adc7-8b45d96c34e9'),
 ('27', '55', '16', '1', 'nl', '1', NULL, '{\"typeId\":\"16\",\"authorId\":null,\"title\":\"footer\",\"slug\":\"footer\",\"postDate\":1504531587,\"expiryDate\":null,\"enabled\":1,\"parentId\":null,\"fields\":[]}', '2017-09-04 13:26:28', '2017-09-04 13:26:28', '214a78ce-50e8-45c2-8af0-5b787c017ec3'),
 ('28', '56', '17', '1', 'nl', '1', NULL, '{\"typeId\":\"17\",\"authorId\":null,\"title\":\"header\",\"slug\":\"header\",\"postDate\":1504539237,\"expiryDate\":null,\"enabled\":1,\"parentId\":null,\"fields\":[]}', '2017-09-04 15:33:58', '2017-09-04 15:33:58', 'c628fc82-6465-4e14-a366-40377aaf667d'),
 ('29', '56', '17', '1', 'nl', '2', '', '{\"typeId\":null,\"authorId\":null,\"title\":\"Remco Hoeneveld\",\"slug\":\"header\",\"postDate\":1504539237,\"expiryDate\":null,\"enabled\":1,\"parentId\":null,\"fields\":{\"32\":[\"57\",\"58\",\"59\"],\"31\":\"Hi I\'m\",\"30\":\"https:\\/\\/www.youtube.com\\/watch?v=rkAfWfZkfyo\"}}', '2017-09-05 07:55:18', '2017-09-05 07:55:18', '84536913-3b1b-4401-afa6-5449d848eac3'),
 ('30', '56', '17', '1', 'nl', '3', '', '{\"typeId\":null,\"authorId\":null,\"title\":\"Remco Hoeneveld\",\"slug\":\"header\",\"postDate\":1504539237,\"expiryDate\":null,\"enabled\":1,\"parentId\":null,\"fields\":{\"32\":[\"57\",\"58\",\"59\"],\"31\":\"Hi I\'m\",\"30\":\"https:\\/\\/www.youtube.com\\/watch?v=wevJGIJXDFc\"}}', '2017-09-05 07:57:01', '2017-09-05 07:57:01', 'a92e018b-9925-4a9c-8854-ea0a90eaeb42'),
 ('31', '53', '14', '1', 'nl', '2', '', '{\"typeId\":null,\"authorId\":null,\"title\":\"hire me\",\"slug\":\"hire-me\",\"postDate\":1504531556,\"expiryDate\":null,\"enabled\":1,\"parentId\":null,\"fields\":{\"35\":\"Contact me now!\",\"33\":\"Wanna work toghether?\",\"34\":\"Lets do some awsome projects in the future!\"}}', '2017-09-05 22:49:40', '2017-09-05 22:49:40', 'c5c2aac3-7143-4126-8069-c97c88f4a6b6'),
 ('32', '53', '14', '1', 'nl', '3', '', '{\"typeId\":null,\"authorId\":null,\"title\":\"hire me\",\"slug\":\"hire-me\",\"postDate\":1504531556,\"expiryDate\":null,\"enabled\":1,\"parentId\":null,\"fields\":{\"35\":\"Contact me now!\",\"33\":\"Wanna work toghether?\",\"34\":\"Lets make some awsome projects!\"}}', '2017-09-05 22:49:58', '2017-09-05 22:49:58', '1cb3e33a-8bed-44b9-b012-7a6e68b6272b'),
 ('33', '38', '8', '1', 'nl', '6', '', '{\"typeId\":null,\"authorId\":null,\"title\":\"Remco Hoeneveld\",\"slug\":\"about\",\"postDate\":1504478448,\"expiryDate\":null,\"enabled\":1,\"parentId\":null,\"fields\":{\"8\":[\"60\"],\"15\":\"Lumeystraat, 20B, Rotterdam\",\"14\":\"26 April 1994\",\"16\":\"Remcohoeneveld@gmail.com\",\"9\":\"https:\\/\\/www.facebook.com\\/rhoeneveld\",\"13\":\"Remco Hoeneveld\",\"12\":\"https:\\/\\/www.linkedin.com\\/in\\/remcohoeneveld\\/\",\"18\":\"Dutch\",\"6\":\"Animator \\/ Sounddesigner \\/ Webdeveloper\",\"17\":\"+316-4118-5118\",\"19\":\"https:\\/\\/www.dropbox.com\\/s\\/r1dgvtv89ja3b34\\/RemcoHoeneveldProfile.pdf?dl=0\",\"7\":\"I\\u2019m a Front End Developer. I have a Passion for Creating Clean,                                 Beautiful, Interactive, Minimalistic, Responsive and User Friendly UI, Developed by                                 Modular, Scalable and Functional Code. When, while the lovely valley teems with vapour                                 around me.\",\"10\":\"https:\\/\\/twitter.com\\/remcohoeneveld\",\"11\":\"https:\\/\\/www.youtube.com\\/user\\/remcohoeneveld\"}}', '2017-09-05 23:17:46', '2017-09-05 23:17:46', '181f1fc1-0909-4128-ba27-66e24ffde150'),
 ('34', '61', '19', '1', 'nl', '1', '', '{\"typeId\":null,\"authorId\":\"1\",\"title\":\"Computer Science\",\"slug\":\"computer-science\",\"postDate\":1504687469,\"expiryDate\":null,\"enabled\":1,\"parentId\":null,\"fields\":{\"36\":{\"date\":\"01-07-2017\"},\"39\":\"fadeInLeft\",\"40\":\"fadeInRight\",\"38\":\"Lorem ipsum dolor sit amet, consectetur adipisicing elit. Quidem voluptatibus, maiores suscipit sequi veritatis saepe aspernatur\",\"37\":\"Computer Science\",\"41\":\"\",\"43\":[\"200ms\"],\"42\":[\".8s\"]}}', '2017-09-06 08:44:29', '2017-09-06 08:44:29', 'e69c0ea1-fe99-4573-b4fa-9b6d0e64c6e0'),
 ('35', '62', '19', '1', 'nl', '1', '', '{\"typeId\":null,\"authorId\":\"1\",\"title\":\"Mediatechnologie\",\"slug\":\"mediatechnologie\",\"postDate\":1504687614,\"expiryDate\":null,\"enabled\":1,\"parentId\":null,\"fields\":{\"36\":{\"date\":\"01-06-2018\"},\"39\":\"fadeInRight\",\"40\":\"fadeInLeft\",\"38\":\"Computer Science\",\"37\":\"Lorem ipsum dolor sit amet, consectetur adipisicing elit. Quidem voluptatibus, maiores                                 suscipit sequi veritatis saepe aspernatur.\",\"41\":[\"timeline-reset\"],\"43\":[\"200ms\"],\"42\":[\".8s\"]}}', '2017-09-06 08:46:54', '2017-09-06 08:46:54', '8c3dc241-99a1-4e46-afb7-1f340846f5aa'),
 ('36', '63', '20', '1', 'nl', '1', '', '{\"typeId\":null,\"authorId\":\"1\",\"title\":\"UX\\/UI Desinger\",\"slug\":\"ux-ui-desinger\",\"postDate\":1504687706,\"expiryDate\":null,\"enabled\":1,\"parentId\":null,\"fields\":{\"36\":{\"date\":\"30-09-2017\"},\"39\":\"fadeInRight\",\"40\":\"fadeInLeft\",\"38\":\"Lorem ipsum dolor sit amet, consectetur adipisicing elit. Quidem voluptatibus, maiores                                 suscipit sequi veritatis saepe aspernatur.\",\"37\":\"UX\\/UI Desinger\",\"41\":\"\",\"43\":[\"200ms\"],\"42\":[\".8s\"]}}', '2017-09-06 08:48:26', '2017-09-06 08:48:26', '4a33aa04-42b8-49c3-8d22-37e5b52f8a67'),
 ('37', '63', '20', '1', 'nl', '2', '', '{\"typeId\":\"20\",\"authorId\":\"1\",\"title\":\"UX\\/UI Desinger\",\"slug\":\"ux-ui-desinger\",\"postDate\":1504687680,\"expiryDate\":null,\"enabled\":1,\"parentId\":null,\"fields\":{\"36\":{\"date\":\"30-09-2017\"},\"44\":\"2016 - Present\",\"39\":\"fadeInRight\",\"40\":\"fadeInLeft\",\"38\":\"Lorem ipsum dolor sit amet, consectetur adipisicing elit. Quidem voluptatibus, maiores                                 suscipit sequi veritatis saepe aspernatur.\",\"41\":\"\",\"37\":\"UX\\/UI Desinger\",\"43\":[\"200ms\"],\"42\":[\".8s\"]}}', '2017-09-06 08:56:31', '2017-09-06 08:56:31', '41f595fd-e628-4e08-9375-88958d091ac7'),
 ('38', '62', '19', '1', 'nl', '2', '', '{\"typeId\":\"19\",\"authorId\":\"1\",\"title\":\"Mediatechnologie\",\"slug\":\"mediatechnologie\",\"postDate\":1504687560,\"expiryDate\":null,\"enabled\":1,\"parentId\":null,\"fields\":{\"36\":{\"date\":\"01-06-2018\"},\"44\":\"2016 - 2017\",\"39\":\"fadeInRight\",\"40\":\"fadeInLeft\",\"38\":\"Computer Science\",\"41\":[\"timeline-reset\"],\"37\":\"Lorem ipsum dolor sit amet, consectetur adipisicing elit. Quidem voluptatibus, maiores                                 suscipit sequi veritatis saepe aspernatur.\",\"43\":[\"200ms\"],\"42\":[\".8s\"]}}', '2017-09-06 08:56:44', '2017-09-06 08:56:44', '18477e7e-8545-4cff-9f8f-f6691e70636d'),
 ('39', '61', '19', '1', 'nl', '2', '', '{\"typeId\":\"19\",\"authorId\":\"1\",\"title\":\"Computer Science\",\"slug\":\"computer-science\",\"postDate\":1504687440,\"expiryDate\":null,\"enabled\":1,\"parentId\":null,\"fields\":{\"36\":{\"date\":\"01-07-2017\"},\"44\":\"1994 - 2000\",\"39\":\"fadeInLeft\",\"40\":\"fadeInRight\",\"38\":\"Lorem ipsum dolor sit amet, consectetur adipisicing elit. Quidem voluptatibus, maiores suscipit sequi veritatis saepe aspernatur\",\"41\":\"\",\"37\":\"Computer Science\",\"43\":[\"200ms\"],\"42\":[\".8s\"]}}', '2017-09-06 08:56:59', '2017-09-06 08:56:59', 'e2cd5c37-837c-4bd4-9a91-ce85ddf08d88'),
 ('40', '62', '19', '1', 'nl', '3', '', '{\"typeId\":\"19\",\"authorId\":\"1\",\"title\":\"Mediatechnologie\",\"slug\":\"mediatechnologie\",\"postDate\":1504687560,\"expiryDate\":null,\"enabled\":1,\"parentId\":null,\"fields\":{\"36\":{\"date\":\"01-06-2018\"},\"44\":\"2016 - 2017\",\"39\":\"fadeInRight\",\"40\":\"fadeInLeft\",\"38\":\"Lorem ipsum dolor sit amet, consectetur adipisicing elit. Quidem voluptatibus, maiores suscipit sequi veritatis saepe aspernatur.\",\"41\":\"\",\"37\":\"Computer Science\",\"45\":\"200ms\",\"46\":\".2s\"}}', '2017-09-06 09:19:07', '2017-09-06 09:19:07', '6188c906-8dde-4057-a468-09e676bdfaff'),
 ('41', '62', '19', '1', 'nl', '4', '', '{\"typeId\":\"19\",\"authorId\":\"1\",\"title\":\"Mediatechnologie\",\"slug\":\"mediatechnologie\",\"postDate\":1504687560,\"expiryDate\":null,\"enabled\":1,\"parentId\":null,\"fields\":{\"36\":{\"date\":\"01-06-2018\"},\"44\":\"2016 - 2017\",\"39\":\"fadeInRight\",\"40\":\"fadeInLeft\",\"38\":\"Lorem ipsum dolor sit amet, consectetur adipisicing elit. Quidem voluptatibus, maiores suscipit sequi veritatis saepe aspernatur.\",\"41\":\"\",\"37\":\"Mediatechnologie\",\"45\":\"200ms\",\"46\":\".2s\"}}', '2017-09-06 09:19:38', '2017-09-06 09:19:38', '5843c5fd-5698-4e0f-b231-cb9b02599b05'),
 ('42', '61', '19', '1', 'nl', '3', '', '{\"typeId\":\"19\",\"authorId\":\"1\",\"title\":\"Computer Science\",\"slug\":\"computer-science\",\"postDate\":1504687440,\"expiryDate\":null,\"enabled\":1,\"parentId\":null,\"fields\":{\"36\":{\"date\":\"01-07-2017\"},\"44\":\"1994 - 2000\",\"39\":\"fadeInLeft\",\"40\":\"fadeInRight\",\"38\":\"Lorem ipsum dolor sit amet, consectetur adipisicing elit. Quidem voluptatibus, maiores suscipit sequi veritatis saepe aspernatur\",\"41\":[\"timeline-reset\"],\"37\":\"Computer Science\",\"45\":\"200ms\",\"46\":\".2s\"}}', '2017-09-06 09:20:00', '2017-09-06 09:20:00', 'c128e80b-617d-49b5-8f82-0101030ad7c4'),
 ('43', '38', '8', '1', 'nl', '7', '', '{\"typeId\":null,\"authorId\":null,\"title\":\"Remco Hoeneveld\",\"slug\":\"about\",\"postDate\":1504478448,\"expiryDate\":null,\"enabled\":1,\"parentId\":null,\"fields\":{\"8\":[\"60\"],\"15\":\"Lumeystraat, 20B, Rotterdam\",\"14\":\"26 April 1994\",\"16\":\"Remcohoeneveld@gmail.com\",\"9\":\"https:\\/\\/www.facebook.com\\/rhoeneveld\",\"13\":\"Remco Hoeneveld\",\"12\":\"https:\\/\\/www.linkedin.com\\/in\\/remcohoeneveld\\/\",\"18\":\"Dutch\",\"6\":\"Animator \\/ Sounddesigner \\/ Webdeveloper\",\"17\":\"+316-4118-5118\",\"19\":\"https:\\/\\/www.dropbox.com\\/s\\/r1dgvtv89ja3b34\\/RemcoHoeneveldProfile.pdf?dl=0\",\"7\":\" My name is Remco Hoeneveld. I am 20 years old and I am studying at the University of Rotterdam. The training I follow is Media Technology. At an early age, I taught myself to make music and work with the Ableton program. In addition, I learned myself to make 2D animations and use photoshop.\",\"10\":\"https:\\/\\/twitter.com\\/remcohoeneveld\",\"11\":\"https:\\/\\/www.youtube.com\\/user\\/remcohoeneveld\"}}', '2017-09-06 09:31:33', '2017-09-06 09:31:33', '2818ab96-55b6-48b0-87f1-3c90f905915c'),
 ('44', '38', '8', '1', 'nl', '8', '', '{\"typeId\":null,\"authorId\":null,\"title\":\"Remco Hoeneveld\",\"slug\":\"about\",\"postDate\":1504478448,\"expiryDate\":null,\"enabled\":1,\"parentId\":null,\"fields\":{\"8\":[\"60\"],\"15\":\"Lumeystraat, 20B, Rotterdam\",\"14\":\"26 April 1994\",\"16\":\"Remcohoeneveld@gmail.com\",\"9\":\"https:\\/\\/www.facebook.com\\/rhoeneveld\",\"13\":\"Remco Hoeneveld\",\"12\":\"https:\\/\\/www.linkedin.com\\/in\\/remcohoeneveld\\/\",\"18\":\"Dutch\",\"6\":\"Animator \\/ Sounddesigner \\/ Webdeveloper\",\"17\":\"+316-4118-5118\",\"19\":\"https:\\/\\/www.dropbox.com\\/s\\/r1dgvtv89ja3b34\\/RemcoHoeneveldProfile.pdf?dl=0\",\"7\":\" My name is Remco Hoeneveld. I am 20 years old and I am studying at the University of Rotterdam. The training I follow is Media Technology. At an early age, I taught myself to make music and work with the Ableton program. In addition, I learned myself to make 2D animations and use photoshop. In my spare time I enjoy creating music with ableton. I continued working with ableton for over 5 years and counting.\",\"10\":\"https:\\/\\/twitter.com\\/remcohoeneveld\",\"11\":\"https:\\/\\/www.youtube.com\\/user\\/remcohoeneveld\"}}', '2017-09-06 09:32:45', '2017-09-06 09:32:45', 'bad15979-e0cb-405f-85ca-bd6d616965ba'),
 ('45', '64', '18', '1', 'nl', '1', '', '{\"typeId\":null,\"authorId\":\"1\",\"title\":\"websites\",\"slug\":\"websites\",\"postDate\":1504695051,\"expiryDate\":null,\"enabled\":1,\"parentId\":null,\"fields\":{\"49\":\"fa-mobile\",\"48\":\"Lorem ipsum dolor sit amet, consectetur adipisicing elit. Repellat laboriosam, ipsa? Quia dolorem sunt harum.\",\"47\":\"Fully Responsive\",\"45\":\"200ms\",\"46\":\".8s\"}}', '2017-09-06 10:50:51', '2017-09-06 10:50:51', 'd2457b9c-8f1f-46dd-b38f-a7a371ad3614'),
 ('46', '65', '18', '1', 'nl', '1', '', '{\"typeId\":null,\"authorId\":\"1\",\"title\":\"code\",\"slug\":\"code\",\"postDate\":1504695080,\"expiryDate\":null,\"enabled\":1,\"parentId\":null,\"fields\":{\"49\":\"fa-code\",\"48\":\"Lorem ipsum dolor sit amet, consectetur adipisicing elit. Repellat laboriosam, ipsa? Quia                             dolorem sunt harum.\",\"47\":\"Clean Code.\",\"45\":\"200ms\",\"46\":\".8s\"}}', '2017-09-06 10:51:20', '2017-09-06 10:51:20', 'cb6f707f-b822-4f44-8402-8a75963bda2a'),
 ('47', '66', '18', '1', 'nl', '1', '', '{\"typeId\":null,\"authorId\":\"1\",\"title\":\"Animation\",\"slug\":\"animation\",\"postDate\":1504695131,\"expiryDate\":null,\"enabled\":1,\"parentId\":null,\"fields\":{\"49\":\"fa-pencil\",\"48\":\"Lorem ipsum dolor sit amet, consectetur adipisicing elit. Repellat laboriosam, ipsa? Quia dolorem sunt harum.\",\"47\":\"Epic animations\",\"45\":\"200ms\",\"46\":\".8s\"}}', '2017-09-06 10:52:11', '2017-09-06 10:52:11', 'dd4762be-b8bf-47ca-9817-ad307e8d2dbb'),
 ('48', '43', '5', '1', 'nl', '2', '', '{\"typeId\":\"5\",\"authorId\":\"1\",\"title\":\"Groothandelsgebouw Animatie\",\"slug\":\"groothandelsgebouw-animatie\",\"postDate\":1504479420,\"expiryDate\":null,\"enabled\":1,\"parentId\":null,\"fields\":{\"1\":\"<p>In tegenstelling tot wat algemeen aangenomen wordt is Lorem Ipsum niet zomaar willekeurige tekst. het heeft zijn wortels in een stuk klassieke latijnse literatuur uit 45 v.Chr. en is dus meer dan 2000 jaar oud. Richard McClintock, een professor latijn aan de Hampden-Sydney College in Virginia, heeft \\u00e9\\u00e9n van de meer obscure latijnse woorden, consectetur, uit een Lorem Ipsum passage opgezocht, en heeft tijdens het zoeken naar het woord in de klassieke literatuur de onverdachte bron ontdekt. Lorem Ipsum komt uit de secties 1.10.32 en 1.10.33 van \\\"de Finibus Bonorum et Malorum\\\" (De uitersten van goed en kwaad) door Cicero, geschreven in 45 v.Chr. Dit boek is een verhandeling over de theorie der ethiek, erg populair tijdens de renaissance. De eerste regel van Lorem Ipsum, \\\"Lorem ipsum dolor sit amet..\\\", komt uit een zin in sectie 1.10.32.<\\/p>\",\"4\":[\"19\"],\"5\":\"Lorem Ipsum is slechts een proeftekst uit het drukkerij- en zetterijwezen. Lorem Ipsum is de standaard proeftekst in deze bedrijfstak sinds de 16e eeuw, toen een onbekende drukker een zethaak met letters nam en ze door elkaar husselde om een font-catalogus te maken. Het heeft niet alleen vijf eeuwen overleefd maar is ook, vrijwel onveranderd, overgenomen in elektronische letterzetting. Het is in de jaren \'60 populair geworden met de introductie van Letraset vellen met Lorem Ipsum passages en meer recentelijk door desktop publishing software zoals Aldus PageMaker die versies van Lorem Ipsum bevatten.\",\"3\":[\"32\"],\"2\":[\"42\",\"34\",\"35\",\"67\",\"68\"]}}', '2017-09-06 11:12:11', '2017-09-06 11:12:11', '038d62f6-af08-49c6-b37f-46b6ce61b25f'),
 ('49', '43', '5', '1', 'nl', '3', '', '{\"typeId\":\"5\",\"authorId\":\"1\",\"title\":\"Groothandelsgebouw Animatie\",\"slug\":\"groothandelsgebouw-animatie\",\"postDate\":1504479420,\"expiryDate\":null,\"enabled\":1,\"parentId\":null,\"fields\":{\"1\":\"<p>In tegenstelling tot wat algemeen aangenomen wordt is Lorem Ipsum niet zomaar willekeurige tekst. het heeft zijn wortels in een stuk klassieke latijnse literatuur uit 45 v.Chr. en is dus meer dan 2000 jaar oud. Richard McClintock, een professor latijn aan de Hampden-Sydney College in Virginia, heeft \\u00e9\\u00e9n van de meer obscure latijnse woorden, consectetur, uit een Lorem Ipsum passage opgezocht, en heeft tijdens het zoeken naar het woord in de klassieke literatuur de onverdachte bron ontdekt. Lorem Ipsum komt uit de secties 1.10.32 en 1.10.33 van \\\"de Finibus Bonorum et Malorum\\\" (De uitersten van goed en kwaad) door Cicero, geschreven in 45 v.Chr. Dit boek is een verhandeling over de theorie der ethiek, erg populair tijdens de renaissance. De eerste regel van Lorem Ipsum, \\\"Lorem ipsum dolor sit amet..\\\", komt uit een zin in sectie 1.10.32.<\\/p>\",\"4\":[\"19\"],\"5\":\"Lorem Ipsum is slechts een proeftekst uit het drukkerij- en zetterijwezen. Lorem Ipsum is de standaard proeftekst in deze bedrijfstak sinds de 16e eeuw\",\"3\":[\"32\"],\"2\":[\"42\",\"34\",\"35\",\"67\",\"68\"]}}', '2017-09-06 11:20:53', '2017-09-06 11:20:53', '1244e7ad-ccdb-430c-9012-c66ef190b2f0'),
 ('50', '43', '5', '1', 'nl', '4', '', '{\"typeId\":\"5\",\"authorId\":\"1\",\"title\":\"Groothandelsgebouw Animatie\",\"slug\":\"groothandelsgebouw-animatie\",\"postDate\":1504479420,\"expiryDate\":null,\"enabled\":1,\"parentId\":null,\"fields\":{\"1\":\"<p>In tegenstelling tot wat algemeen aangenomen wordt is Lorem Ipsum niet zomaar willekeurige tekst. het heeft zijn wortels in een stuk klassieke latijnse literatuur uit 45 v.Chr. en is dus meer dan 2000 jaar oud. Richard McClintock, een professor latijn aan de Hampden-Sydney College in Virginia, heeft \\u00e9\\u00e9n van de meer obscure latijnse woorden, consectetur, uit een Lorem Ipsum passage opgezocht, en heeft tijdens het zoeken naar het woord in de klassieke literatuur de onverdachte bron ontdekt. Lorem Ipsum komt uit de secties 1.10.32 en 1.10.33 van \\\"de Finibus Bonorum et Malorum\\\" (De uitersten van goed en kwaad) door Cicero, geschreven in 45 v.Chr. Dit boek is een verhandeling over de theorie der ethiek, erg populair tijdens de renaissance. De eerste regel van Lorem Ipsum, \\\"Lorem ipsum dolor sit amet..\\\", komt uit een zin in sectie 1.10.32.<\\/p>\",\"51\":\"nrn8hGF6mqE\",\"4\":[\"19\"],\"5\":\"Lorem Ipsum is slechts een proeftekst uit het drukkerij- en zetterijwezen. Lorem Ipsum is de standaard proeftekst in deze bedrijfstak sinds de 16e eeuw\",\"3\":[\"32\"],\"50\":\"groothandelsgebouw.nl\",\"2\":[\"42\",\"34\",\"35\",\"67\",\"68\"]}}', '2017-09-06 12:13:21', '2017-09-06 12:13:21', 'e6d15def-cfcf-4541-a5cd-49b40697abf8'),
 ('51', '43', '5', '1', 'nl', '5', '', '{\"typeId\":\"5\",\"authorId\":\"1\",\"title\":\"Groothandelsgebouw Animatie\",\"slug\":\"groothandelsgebouw-animatie\",\"postDate\":1504479420,\"expiryDate\":null,\"enabled\":1,\"parentId\":null,\"fields\":{\"1\":\"<p>In tegenstelling tot wat algemeen aangenomen wordt is Lorem Ipsum niet zomaar willekeurige tekst. het heeft zijn wortels in een stuk klassieke latijnse literatuur uit 45 v.Chr. en is dus meer dan 2000 jaar oud. Richard McClintock, een professor latijn aan de Hampden-Sydney College in Virginia, heeft \\u00e9\\u00e9n van de meer obscure latijnse woorden, consectetur, uit een Lorem Ipsum passage opgezocht, en heeft tijdens het zoeken naar het woord in de klassieke literatuur de onverdachte bron ontdekt. Lorem Ipsum komt uit de secties 1.10.32 en 1.10.33 van \\\"de Finibus Bonorum et Malorum\\\" (De uitersten van goed en kwaad) door Cicero, geschreven in 45 v.Chr. Dit boek is een verhandeling over de theorie der ethiek, erg populair tijdens de renaissance. De eerste regel van Lorem Ipsum, \\\"Lorem ipsum dolor sit amet..\\\", komt uit een zin in sectie 1.10.32.<\\/p>\",\"51\":\"\",\"4\":[\"19\"],\"5\":\"Lorem Ipsum is slechts een proeftekst uit het drukkerij- en zetterijwezen. Lorem Ipsum is de standaard proeftekst in deze bedrijfstak sinds de 16e eeuw\",\"3\":[\"32\"],\"50\":\"groothandelsgebouw.nl\",\"2\":[\"42\",\"34\",\"35\",\"67\",\"68\"]}}', '2017-09-06 12:22:38', '2017-09-06 12:22:38', 'b9aeddfc-0e2d-449c-8b49-a83fb8bdbd1e'),
 ('52', '43', '5', '1', 'nl', '6', '', '{\"typeId\":\"5\",\"authorId\":\"1\",\"title\":\"Groothandelsgebouw Animatie\",\"slug\":\"groothandelsgebouw-animatie\",\"postDate\":1504479420,\"expiryDate\":null,\"enabled\":1,\"parentId\":null,\"fields\":{\"1\":\"<p>In tegenstelling tot wat algemeen aangenomen wordt is Lorem Ipsum niet zomaar willekeurige tekst. het heeft zijn wortels in een stuk klassieke latijnse literatuur uit 45 v.Chr. en is dus meer dan 2000 jaar oud. Richard McClintock, een professor latijn aan de Hampden-Sydney College in Virginia, heeft \\u00e9\\u00e9n van de meer obscure latijnse woorden, consectetur, uit een Lorem Ipsum passage opgezocht, en heeft tijdens het zoeken naar het woord in de klassieke literatuur de onverdachte bron ontdekt. Lorem Ipsum komt uit de secties 1.10.32 en 1.10.33 van \\\"de Finibus Bonorum et Malorum\\\" (De uitersten van goed en kwaad) door Cicero, geschreven in 45 v.Chr. Dit boek is een verhandeling over de theorie der ethiek, erg populair tijdens de renaissance. De eerste regel van Lorem Ipsum, \\\"Lorem ipsum dolor sit amet..\\\", komt uit een zin in sectie 1.10.32.<\\/p>\",\"51\":\"\",\"4\":[\"19\"],\"5\":\"Lorem Ipsum is slechts een proeftekst uit het drukkerij- en zetterijwezen. Lorem Ipsum is de standaard proeftekst in deze bedrijfstak sinds de 16e eeuw\",\"3\":[\"32\"],\"50\":\"http:\\/\\/groothandelsgebouw.nl\",\"2\":[\"42\",\"34\",\"35\",\"67\",\"68\"]}}', '2017-09-06 12:40:45', '2017-09-06 12:40:45', 'e623cc84-cc1b-46df-9450-0be741bdc3c7'),
 ('53', '43', '5', '1', 'nl', '7', '', '{\"typeId\":\"5\",\"authorId\":\"1\",\"title\":\"Groothandelsgebouw Animatie\",\"slug\":\"groothandelsgebouw-animatie\",\"postDate\":1504479420,\"expiryDate\":null,\"enabled\":1,\"parentId\":null,\"fields\":{\"1\":\"<p>In tegenstelling tot wat algemeen aangenomen wordt is Lorem Ipsum niet zomaar willekeurige tekst. het heeft zijn wortels in een stuk klassieke latijnse literatuur uit 45 v.Chr. en is dus meer dan 2000 jaar oud. Richard McClintock, een professor latijn aan de Hampden-Sydney College in Virginia, heeft \\u00e9\\u00e9n van de meer obscure latijnse woorden, consectetur, uit een Lorem Ipsum passage opgezocht, en heeft tijdens het zoeken naar het woord in de klassieke literatuur de onverdachte bron ontdekt. Lorem Ipsum komt uit de secties 1.10.32 en 1.10.33 van \\\"de Finibus Bonorum et Malorum\\\" (De uitersten van goed en kwaad) door Cicero, geschreven in 45 v.Chr. Dit boek is een verhandeling over de theorie der ethiek, erg populair tijdens de renaissance. De eerste regel van Lorem Ipsum, \\\"Lorem ipsum dolor sit amet..\\\", komt uit een zin in sectie 1.10.32.<\\/p>\",\"51\":\"nrn8hGF6mqE\",\"4\":[\"19\"],\"5\":\"Lorem Ipsum is slechts een proeftekst uit het drukkerij- en zetterijwezen. Lorem Ipsum is de standaard proeftekst in deze bedrijfstak sinds de 16e eeuw\",\"3\":[\"32\"],\"50\":\"http:\\/\\/groothandelsgebouw.nl\",\"2\":[\"42\",\"34\",\"35\",\"67\",\"68\"]}}', '2017-09-06 12:54:38', '2017-09-06 12:54:38', 'b2c31df0-1ca8-48c6-810b-1e07d41ef8bc'),
 ('54', '43', '5', '1', 'nl', '8', '', '{\"typeId\":\"5\",\"authorId\":\"1\",\"title\":\"Groothandelsgebouw Animatie\",\"slug\":\"groothandelsgebouw-animatie\",\"postDate\":1504479420,\"expiryDate\":null,\"enabled\":1,\"parentId\":null,\"fields\":{\"1\":\"<p>In tegenstelling tot wat algemeen aangenomen wordt is Lorem Ipsum niet zomaar willekeurige tekst. het heeft zijn wortels in een stuk klassieke latijnse literatuur uit 45 v.Chr. en is dus meer dan 2000 jaar oud. Richard McClintock, een professor latijn aan de Hampden-Sydney College in Virginia, heeft \\u00e9\\u00e9n van de meer obscure latijnse woorden, consectetur, uit een Lorem Ipsum passage opgezocht, en heeft tijdens het zoeken naar het woord in de klassieke literatuur de onverdachte bron ontdekt. Lorem Ipsum komt uit de secties 1.10.32 en 1.10.33 van \\\"de Finibus Bonorum et Malorum\\\" (De uitersten van goed en kwaad) door Cicero, geschreven in 45 v.Chr. Dit boek is een verhandeling over de theorie der ethiek, erg populair tijdens de renaissance. De eerste regel van Lorem Ipsum, \\\"Lorem ipsum dolor sit amet..\\\", komt uit een zin in sectie 1.10.32.<\\/p>\",\"51\":\"\",\"4\":[\"19\"],\"5\":\"Lorem Ipsum is slechts een proeftekst uit het drukkerij- en zetterijwezen. Lorem Ipsum is de standaard proeftekst in deze bedrijfstak sinds de 16e eeuw\",\"3\":[\"32\"],\"50\":\"http:\\/\\/groothandelsgebouw.nl\",\"2\":[\"42\",\"34\",\"35\",\"67\",\"68\"]}}', '2017-09-06 13:20:30', '2017-09-06 13:20:30', '21156525-2284-43b2-a5e5-4ab74e903455'),
 ('55', '2', '1', '1', 'nl', '3', '', '{\"typeId\":null,\"authorId\":null,\"title\":\"Homepage\",\"slug\":\"homepage\",\"postDate\":1503696603,\"expiryDate\":null,\"enabled\":0,\"parentId\":null,\"fields\":{\"52\":[\"69\"]}}', '2017-09-06 13:41:49', '2017-09-06 13:41:49', '123069a9-33e7-488a-b367-cef107b72885'),
 ('56', '43', '5', '1', 'nl', '9', '', '{\"typeId\":\"5\",\"authorId\":\"1\",\"title\":\"Groothandelsgebouw Animatie\",\"slug\":\"groothandelsgebouw-animatie\",\"postDate\":1504479420,\"expiryDate\":null,\"enabled\":1,\"parentId\":null,\"fields\":{\"1\":\"<p>In tegenstelling tot wat algemeen aangenomen wordt is Lorem Ipsum niet zomaar willekeurige tekst. het heeft zijn wortels in een stuk klassieke latijnse literatuur uit 45 v.Chr. en is dus meer dan 2000 jaar oud. Richard McClintock, een professor latijn aan de Hampden-Sydney College in Virginia, heeft \\u00e9\\u00e9n van de meer obscure latijnse woorden, consectetur, uit een Lorem Ipsum passage opgezocht, en heeft tijdens het zoeken naar het woord in de klassieke literatuur de onverdachte bron ontdekt. Lorem Ipsum komt uit de secties 1.10.32 en 1.10.33 van \\\"de Finibus Bonorum et Malorum\\\" (De uitersten van goed en kwaad) door Cicero, geschreven in 45 v.Chr. Dit boek is een verhandeling over de theorie der ethiek, erg populair tijdens de renaissance. De eerste regel van Lorem Ipsum, \\\"Lorem ipsum dolor sit amet..\\\", komt uit een zin in sectie 1.10.32.<\\/p>\",\"51\":\"nrn8hGF6mqE\",\"4\":[\"19\"],\"5\":\"Lorem Ipsum is slechts een proeftekst uit het drukkerij- en zetterijwezen. Lorem Ipsum is de standaard proeftekst in deze bedrijfstak sinds de 16e eeuw\",\"3\":[\"32\"],\"50\":\"http:\\/\\/groothandelsgebouw.nl\",\"2\":[\"42\",\"34\",\"35\",\"67\",\"68\"]}}', '2017-09-06 15:54:23', '2017-09-06 15:54:23', 'd5640968-9472-4614-819b-fcc349854fc5'),
 ('57', '43', '5', '1', 'nl', '10', '', '{\"typeId\":\"5\",\"authorId\":\"1\",\"title\":\"Groothandelsgebouw Animation\",\"slug\":\"groothandelsgebouw-animatie\",\"postDate\":1504479420,\"expiryDate\":null,\"enabled\":1,\"parentId\":null,\"fields\":{\"1\":\"<p>Me and Willem created this Animation for Groothandelsgebouw. They wanted something they could display on their website for some extra information about their products. This Animation was made in a couple of days and we are very happy with the end result.<\\/p>\",\"51\":\"nrn8hGF6mqE\",\"4\":[\"19\"],\"5\":\"I made this Animation together with JVDT [ Jongensvandetekeningen ]\",\"3\":[\"32\"],\"50\":\"http:\\/\\/groothandelsgebouw.nl\",\"2\":[\"35\",\"33\",\"70\",\"71\",\"72\"]}}', '2017-09-06 16:00:50', '2017-09-06 16:00:50', '17da5e72-dc79-4492-af6b-270a155312b2'),
 ('58', '62', '19', '1', 'nl', '5', '', '{\"typeId\":\"19\",\"authorId\":\"1\",\"title\":\"Mediatechnologie\",\"slug\":\"mediatechnologie\",\"postDate\":1504687560,\"expiryDate\":null,\"enabled\":1,\"parentId\":null,\"fields\":{\"36\":{\"date\":\"01-06-2018\"},\"44\":\"2013 - Present\",\"39\":\"fadeInRight\",\"40\":\"fadeInLeft\",\"38\":\"Student Mediatechnology at the Rotterdam University of Applied Sciences\",\"41\":\"\",\"37\":\"Mediatechnologie\",\"45\":\"200ms\",\"46\":\".2s\"}}', '2017-09-06 16:02:38', '2017-09-06 16:02:38', '1c8440fe-133f-47ff-9720-cdd171918542'),
 ('59', '61', '19', '1', 'nl', '4', '', '{\"typeId\":\"19\",\"authorId\":\"1\",\"title\":\"Thorbecke Secondary Education\",\"slug\":\"computer-science\",\"postDate\":1504687440,\"expiryDate\":null,\"enabled\":1,\"parentId\":null,\"fields\":{\"36\":{\"date\":\"01-07-2017\"},\"44\":\"1994 - 2000\",\"39\":\"fadeInLeft\",\"40\":\"fadeInRight\",\"38\":\"Havo, Economics & Management\",\"41\":[\"timeline-reset\"],\"37\":\"Thorbecke Secondary Education\",\"45\":\"200ms\",\"46\":\".2s\"}}', '2017-09-06 16:03:34', '2017-09-06 16:03:34', '3c57d34c-3705-4425-9b81-da3743d6384b'),
 ('60', '63', '20', '1', 'nl', '3', '', '{\"typeId\":\"20\",\"authorId\":\"1\",\"title\":\"Animator\",\"slug\":\"animator\",\"postDate\":1504687680,\"expiryDate\":null,\"enabled\":1,\"parentId\":null,\"fields\":{\"36\":{\"date\":\"30-09-2017\"},\"44\":\"2014 - Present\",\"39\":\"fadeInRight\",\"40\":\"fadeInLeft\",\"38\":\"Freelance Animator @ Remcohoeneveld.nl\",\"41\":\"\",\"37\":\"Animator\",\"45\":\"200ms\",\"46\":\".2s\"}}', '2017-09-06 16:04:33', '2017-09-06 16:04:33', '686a5feb-653d-4007-8e11-2f0d538877bf'),
 ('61', '73', '20', '1', 'nl', '1', '', '{\"typeId\":null,\"authorId\":\"1\",\"title\":\"Junior Drupal Developer\",\"slug\":\"junior-drupal-developer\",\"postDate\":1504713968,\"expiryDate\":null,\"enabled\":1,\"parentId\":null,\"fields\":{\"36\":{\"date\":\"01-01-2017\"},\"44\":\"January 2017 - Present\",\"39\":\"fadeInLeft\",\"40\":\"fadeInRight\",\"38\":\"Junior Drupal Developer at Adfogroep\",\"41\":\"\",\"37\":\"Junior Drupal Developer\",\"45\":\"200ms\",\"46\":\".8s\"}}', '2017-09-06 16:06:08', '2017-09-06 16:06:08', '0224f456-b964-4563-ae53-a433f4c5c0b7'),
 ('62', '63', '20', '1', 'nl', '4', '', '{\"typeId\":\"20\",\"authorId\":\"1\",\"title\":\"Animator\",\"slug\":\"animator\",\"postDate\":1504687680,\"expiryDate\":null,\"enabled\":1,\"parentId\":null,\"fields\":{\"36\":{\"date\":\"30-09-2017\"},\"44\":\"August 2014 - Present\",\"39\":\"fadeInRight\",\"40\":\"fadeInLeft\",\"38\":\"Freelance Animator @ Remcohoeneveld.nl\",\"41\":\"\",\"37\":\"Animator\",\"45\":\"200ms\",\"46\":\".2s\"}}', '2017-09-06 16:06:19', '2017-09-06 16:06:19', 'cb22682c-680c-485f-8011-a83474e07463'),
 ('63', '63', '20', '1', 'nl', '5', '', '{\"typeId\":\"20\",\"authorId\":\"1\",\"title\":\"Animator\",\"slug\":\"animator\",\"postDate\":1504687680,\"expiryDate\":null,\"enabled\":1,\"parentId\":null,\"fields\":{\"36\":{\"date\":\"30-09-2017\"},\"44\":\"August 2014 - Present\",\"39\":\"fadeInRight\",\"40\":\"fadeInLeft\",\"38\":\"Freelance Animator at Remcohoeneveld.nl\",\"41\":\"\",\"37\":\"Animator\",\"45\":\"200ms\",\"46\":\".2s\"}}', '2017-09-06 16:06:40', '2017-09-06 16:06:40', '4c7bc26e-72b5-4562-b9af-9c34363ef15d'),
 ('64', '74', '20', '1', 'nl', '1', '', '{\"typeId\":null,\"authorId\":\"1\",\"title\":\"Sounddesigner\",\"slug\":\"sounddesigner\",\"postDate\":1504714139,\"expiryDate\":null,\"enabled\":1,\"parentId\":null,\"fields\":{\"36\":{\"date\":\"01-08-2017\"},\"44\":\"August 2014 - Present\",\"39\":\"fadeInRight\",\"40\":\"fadeInLeft\",\"38\":\"Freelance Sounddesigner at Remcohoeneveld.nl\",\"41\":\"\",\"37\":\"Sounddesigner\",\"45\":\"200ms\",\"46\":\".8s\"}}', '2017-09-06 16:08:59', '2017-09-06 16:08:59', '4c7fd80e-98f9-4948-9f57-e67c8a377312'),
 ('65', '73', '20', '1', 'nl', '2', '', '{\"typeId\":\"20\",\"authorId\":\"1\",\"title\":\"Junior Drupal Developers\",\"slug\":\"junior-drupal-developer\",\"postDate\":1504713960,\"expiryDate\":null,\"enabled\":1,\"parentId\":null,\"fields\":{\"36\":{\"date\":\"01-01-2017\"},\"44\":\"January 2017 - Present\",\"39\":\"fadeInLeft\",\"40\":\"fadeInRight\",\"38\":\"Junior Drupal Developer at Adfogroep\",\"41\":\"\",\"37\":\"Junior Drupal Developer\",\"45\":\"200ms\",\"46\":\".8s\"}}', '2017-09-06 16:09:44', '2017-09-06 16:09:44', '21aaa9d3-60c6-4b70-baa6-2d1b8299c587'),
 ('66', '73', '20', '1', 'nl', '3', '', '{\"typeId\":\"20\",\"authorId\":\"1\",\"title\":\"Junior Drupal Developer\",\"slug\":\"junior-drupal-developer\",\"postDate\":1504719000,\"expiryDate\":null,\"enabled\":1,\"parentId\":null,\"fields\":{\"36\":{\"date\":\"01-01-2017\"},\"44\":\"January 2017 - Present\",\"39\":\"fadeInLeft\",\"40\":\"fadeInRight\",\"38\":\"Junior Drupal Developer at Adfogroep\",\"41\":\"\",\"37\":\"Junior Drupal Developer\",\"45\":\"200ms\",\"46\":\".8s\"}}', '2017-09-06 16:10:03', '2017-09-06 16:10:03', '915a983b-898d-4e41-af99-8dea1b5b7fc3'),
 ('67', '73', '20', '1', 'nl', '4', '', '{\"typeId\":\"20\",\"authorId\":\"1\",\"title\":\"Junior Drupal Developer\",\"slug\":\"junior-drupal-developer\",\"postDate\":1504715400,\"expiryDate\":null,\"enabled\":1,\"parentId\":null,\"fields\":{\"36\":{\"date\":\"01-01-2017\"},\"44\":\"January 2017 - Present\",\"39\":\"fadeInLeft\",\"40\":\"fadeInRight\",\"38\":\"Junior Drupal Developer at Adfogroep\",\"41\":\"\",\"37\":\"Junior Drupal Developer\",\"45\":\"200ms\",\"46\":\".8s\"}}', '2017-09-06 16:10:19', '2017-09-06 16:10:19', '01d2ca03-0764-45cb-a647-2a389de3e415'),
 ('68', '73', '20', '1', 'nl', '5', '', '{\"typeId\":\"20\",\"authorId\":\"1\",\"title\":\"Junior Drupal Developer\",\"slug\":\"junior-drupal-developer\",\"postDate\":1504714200,\"expiryDate\":null,\"enabled\":1,\"parentId\":null,\"fields\":{\"36\":{\"date\":\"01-01-2017\"},\"44\":\"January 2017 - Present\",\"39\":\"fadeInLeft\",\"40\":\"fadeInRight\",\"38\":\"Junior Drupal Developer at Adfogroep\",\"41\":\"\",\"37\":\"Junior Drupal Developer\",\"45\":\"200ms\",\"46\":\".8s\"}}', '2017-09-06 16:10:45', '2017-09-06 16:10:45', '3b3aa422-8517-4b26-8180-ea7d9963ce32'),
 ('69', '75', '20', '1', 'nl', '1', '', '{\"typeId\":null,\"authorId\":\"1\",\"title\":\"Webdeveloper\",\"slug\":\"webdeveloper\",\"postDate\":1504666800,\"expiryDate\":null,\"enabled\":1,\"parentId\":null,\"fields\":{\"36\":{\"date\":\"06-09-2017\"},\"44\":\"August 2014 - Present\",\"39\":\"fadeInLeft\",\"40\":\"fadeInRight\",\"38\":\"Freelance Webdeveloper at Remcohoeneveld.nl\",\"41\":\"\",\"37\":\"Webdeveloper\",\"45\":\"200ms\",\"46\":\".8s\"}}', '2017-09-06 16:11:52', '2017-09-06 16:11:52', '6445fc8d-10aa-47bf-90f7-aa33ee67997f'),
 ('70', '50', '10', '1', 'nl', '6', '', '{\"typeId\":null,\"authorId\":null,\"title\":\"I GOT THE SKILLS\",\"slug\":\"skills\",\"postDate\":1504528901,\"expiryDate\":null,\"enabled\":1,\"parentId\":null,\"fields\":{\"1\":\"<p>I create websites, animations and also compose sounddesign for film, web, media. Wanna see how i pt these skills to use? Look at my #portfolio.<\\/p>\",\"24\":[\"45\",\"46\",\"48\",\"49\"]}}', '2017-09-06 16:13:53', '2017-09-06 16:13:53', 'dc8f9320-3fc3-4abb-b68b-ddbe5c2fe06a'),
 ('71', '50', '10', '1', 'nl', '7', '', '{\"typeId\":null,\"authorId\":null,\"title\":\"My set of skills!\",\"slug\":\"skills\",\"postDate\":1504528901,\"expiryDate\":null,\"enabled\":1,\"parentId\":null,\"fields\":{\"1\":\"<p>I create websites, animations and also compose sounddesign for film, web, media. Wanna see how i pt these skills to use? Look at my #portfolio.<\\/p>\",\"24\":[\"45\",\"46\",\"48\",\"49\"]}}', '2017-09-06 16:14:18', '2017-09-06 16:14:18', '37bd9887-d844-40c0-a5cf-411046a2cac8'),
 ('72', '66', '18', '1', 'nl', '2', '', '{\"typeId\":\"18\",\"authorId\":\"1\",\"title\":\"Animation\",\"slug\":\"animation\",\"postDate\":1504695120,\"expiryDate\":null,\"enabled\":1,\"parentId\":null,\"fields\":{\"49\":\"fa-pencil\",\"48\":\"I Create animation in collaboration with great visual artists.\",\"47\":\"Epic animations\",\"45\":\"200ms\",\"46\":\".8s\"}}', '2017-09-06 16:15:16', '2017-09-06 16:15:16', 'f02df06f-20ec-49cc-bf40-1e5ed10c225b'),
 ('73', '65', '18', '1', 'nl', '2', '', '{\"typeId\":\"18\",\"authorId\":\"1\",\"title\":\"code\",\"slug\":\"code\",\"postDate\":1504695060,\"expiryDate\":null,\"enabled\":1,\"parentId\":null,\"fields\":{\"49\":\"fa-code\",\"48\":\"I write code for Drupal systems and create websites to tell the clients stories.\",\"47\":\"Clean Code.\",\"45\":\"200ms\",\"46\":\".8s\"}}', '2017-09-06 16:15:54', '2017-09-06 16:15:54', '90581b19-a8ee-490a-b49b-7508da6448f8'),
 ('74', '64', '18', '1', 'nl', '2', '', '{\"typeId\":\"18\",\"authorId\":\"1\",\"title\":\"websites\",\"slug\":\"websites\",\"postDate\":1504695000,\"expiryDate\":null,\"enabled\":1,\"parentId\":null,\"fields\":{\"49\":\"fa-mobile\",\"48\":\"I create full responsive websites for mobile and tablet devices.\",\"47\":\"Fully Responsive\",\"45\":\"200ms\",\"46\":\".8s\"}}', '2017-09-06 16:16:30', '2017-09-06 16:16:30', '031c7226-2d33-410b-b440-34134ca62b6a'),
 ('75', '50', '10', '1', 'nl', '8', '', '{\"typeId\":null,\"authorId\":null,\"title\":\"My set of skills!\",\"slug\":\"skills\",\"postDate\":1504528901,\"expiryDate\":null,\"enabled\":1,\"parentId\":null,\"fields\":{\"1\":\"<p>I create websites, animations and also compose sounddesign for film, web, media. Wanna see how I put these skills to use? Look at my #portfolio.<\\/p>\",\"24\":[\"45\",\"46\",\"48\",\"49\"]}}', '2017-09-06 16:18:32', '2017-09-06 16:18:32', 'be4e42ef-f474-468a-9dd3-d3ac5e5b1abb'),
 ('76', '44', '9', '1', 'nl', '3', '', '{\"typeId\":null,\"authorId\":null,\"title\":\" statistic\",\"slug\":\"statistic\",\"postDate\":1504523105,\"expiryDate\":null,\"enabled\":1,\"parentId\":null,\"fields\":{\"21\":\"3\",\"22\":\"52\",\"20\":\"21\"}}', '2017-09-06 16:19:40', '2017-09-06 16:19:40', '4bb9d822-805c-45d2-a3e1-c9a3bce001a2'),
 ('77', '73', '20', '1', 'nl', '6', '', '{\"typeId\":\"20\",\"authorId\":\"1\",\"title\":\"Junior Drupal Developer\",\"slug\":\"junior-drupal-developer\",\"postDate\":1504714200,\"expiryDate\":null,\"enabled\":1,\"parentId\":null,\"fields\":{\"36\":{\"date\":\"01-01-2017\"},\"44\":\"January 2017 - Present\",\"39\":\"fadeInRight\",\"40\":\"fadeInLeft\",\"38\":\"Junior Drupal Developer at Adfogroep\",\"41\":\"\",\"37\":\"Junior Drupal Developer\",\"45\":\"200ms\",\"46\":\".8s\"}}', '2017-09-06 16:20:52', '2017-09-06 16:20:52', '18d714cd-a9c7-48ea-8637-ffcf367641be'),
 ('78', '74', '20', '1', 'nl', '2', '', '{\"typeId\":\"20\",\"authorId\":\"1\",\"title\":\"Sounddesigner\",\"slug\":\"sounddesigner\",\"postDate\":1504714080,\"expiryDate\":null,\"enabled\":1,\"parentId\":null,\"fields\":{\"36\":{\"date\":\"01-08-2017\"},\"44\":\"August 2014 - Present\",\"39\":\"fadeInLeft\",\"40\":\"fadeInRight\",\"38\":\"Freelance Sounddesigner at Remcohoeneveld.nl\",\"41\":\"\",\"37\":\"Sounddesigner\",\"45\":\"200ms\",\"46\":\".8s\"}}', '2017-09-06 16:21:03', '2017-09-06 16:21:03', 'c4308adf-c402-4a5b-a2be-4149c4d3b315'),
 ('79', '62', '19', '1', 'nl', '6', '', '{\"typeId\":\"19\",\"authorId\":\"1\",\"title\":\"Mediatechnologie\",\"slug\":\"mediatechnologie\",\"postDate\":1504687560,\"expiryDate\":null,\"enabled\":1,\"parentId\":null,\"fields\":{\"36\":{\"date\":\"01-06-2018\"},\"44\":\"2013 - Present\",\"39\":\"fadeInLeft\",\"40\":\"fadeInRight\",\"38\":\"Student Mediatechnology at the Rotterdam University of Applied Sciences\",\"41\":\"\",\"37\":\"Mediatechnologie\",\"45\":\"200ms\",\"46\":\".2s\"}}', '2017-09-06 16:22:04', '2017-09-06 16:22:04', 'e84bb01d-74f7-4099-b2fe-e7dce1005447'),
 ('80', '61', '19', '1', 'nl', '5', '', '{\"typeId\":\"19\",\"authorId\":\"1\",\"title\":\"Thorbecke Secondary Education\",\"slug\":\"computer-science\",\"postDate\":1504687440,\"expiryDate\":null,\"enabled\":1,\"parentId\":null,\"fields\":{\"36\":{\"date\":\"01-07-2017\"},\"44\":\"1994 - 2000\",\"39\":\"fadeInRight\",\"40\":\"fadeInLeft\",\"38\":\"Havo, Economics & Management\",\"41\":[\"timeline-reset\"],\"37\":\"Thorbecke Secondary Education\",\"45\":\"200ms\",\"46\":\".2s\"}}', '2017-09-06 16:22:11', '2017-09-06 16:22:11', '12dbddac-c4a0-4f28-a856-8100a4721c19'),
 ('81', '77', '5', '1', 'nl', '1', '', '{\"typeId\":null,\"authorId\":\"1\",\"title\":\"Groenlinks Animation\",\"slug\":\"groenlinks-animation\",\"postDate\":1504725539,\"expiryDate\":null,\"enabled\":1,\"parentId\":null,\"fields\":{\"1\":\"<p>Me and Willem created this Animation for Groenlinks. They wanted something they could display on their facebook for some extra information about the topic Economisme. Groenlinks was very happy with the end result.<\\/p>\",\"51\":\"WuGsc26GdAM\",\"4\":[\"20\"],\"5\":\"I made this Animation together with JVDT [ Jongensvandetekeningen ]\",\"3\":[\"32\"],\"50\":\"https:\\/\\/groenlinks.nl\\/standpunten\\/economisme\",\"2\":[\"76\",\"35\",\"72\",\"71\"]}}', '2017-09-06 19:18:59', '2017-09-06 19:18:59', '21aaf009-11cb-4837-b56d-156f448c2ac0'),
 ('82', '66', '18', '1', 'nl', '3', '', '{\"typeId\":\"18\",\"authorId\":\"1\",\"title\":\"Animation\",\"slug\":\"animation\",\"postDate\":1504695120,\"expiryDate\":null,\"enabled\":1,\"parentId\":null,\"fields\":{\"49\":\"fa-pencil\",\"48\":\"I create animations in collaboration with great visual artists.\",\"47\":\"Fresh animations\",\"45\":\"200ms\",\"46\":\".8s\"}}', '2017-09-06 19:20:26', '2017-09-06 19:20:26', '65dfb1ba-f11b-42fa-bda0-3144d4c019fa'),
 ('83', '77', '5', '1', 'nl', '2', '', '{\"typeId\":\"5\",\"authorId\":\"1\",\"title\":\"Groenlinks Animation\",\"slug\":\"groenlinks-animation\",\"postDate\":1504725480,\"expiryDate\":null,\"enabled\":1,\"parentId\":null,\"fields\":{\"1\":\"<p>Me and <a href=\\\"http:\\/\\/jongensvandetekeningen.nl\\/#people\\\" target=\\\"_blank\\\">Willem<\\/a> created this Animation for Groenlinks. They wanted something they could display on their facebook for some extra information about the topic Economisme. Groenlinks was very happy with the end result.<\\/p>\",\"51\":\"WuGsc26GdAM\",\"4\":[\"20\"],\"5\":\"I made this Animation together with JVDT [ Jongensvandetekeningen ]\",\"3\":[\"32\"],\"50\":\"https:\\/\\/groenlinks.nl\\/standpunten\\/economisme\",\"2\":[\"76\",\"35\",\"72\",\"71\"]}}', '2017-09-06 19:24:21', '2017-09-06 19:24:21', '94ff0e5d-25c9-4a08-96be-dc499e34c1d0'),
 ('84', '43', '5', '1', 'nl', '11', '', '{\"typeId\":\"5\",\"authorId\":\"1\",\"title\":\"Groothandelsgebouw Animation\",\"slug\":\"groothandelsgebouw-animatie\",\"postDate\":1504479420,\"expiryDate\":null,\"enabled\":1,\"parentId\":null,\"fields\":{\"1\":\"<p>Me and <a href=\\\"http:\\/\\/jongensvandetekeningen.nl\\/#people\\\" target=\\\"_blank\\\">Willem<\\/a> created this Animation for Groothandelsgebouw. They wanted something they could display on their website for some extra information about their products. This Animation was made in a couple of days and we are very happy with the end result.<\\/p>\",\"51\":\"nrn8hGF6mqE\",\"4\":[\"19\"],\"5\":\"I made this Animation together with JVDT [ Jongensvandetekeningen ]\",\"3\":[\"32\"],\"50\":\"http:\\/\\/groothandelsgebouw.nl\",\"2\":[\"35\",\"33\",\"70\",\"71\",\"72\"]}}', '2017-09-06 19:24:28', '2017-09-06 19:24:28', 'aa1c4e6a-def0-4d12-afe5-e7950521569a'),
 ('85', '79', '5', '1', 'nl', '1', '', '{\"typeId\":null,\"authorId\":\"1\",\"title\":\"Newskool Animation\",\"slug\":\"newskool-animation\",\"postDate\":1504725878,\"expiryDate\":null,\"enabled\":1,\"parentId\":null,\"fields\":{\"1\":\"<p>Me and <span class=\\\"mobile-team-text\\\"><a href=\\\"http:\\/\\/jongensvandetekeningen.nl\\/#people\\\" target=\\\"_blank\\\">Tomas<\\/a><\\/span> created this Animation for Newskool. They wanted something they could display on their website for some extra information about their work.<\\/p>\",\"51\":\"gZZiO4qHw\",\"4\":[\"21\"],\"5\":\"I made this Animation together with JVDT [ Jongensvandetekeningen ]\",\"3\":[\"32\"],\"50\":\"http:\\/\\/www.newskool.nl\\/\",\"2\":[\"78\",\"35\",\"72\",\"71\"]}}', '2017-09-06 19:24:38', '2017-09-06 19:24:38', 'ab76a3d0-9cf1-49db-beb9-624fdd02cd7f'),
 ('86', '79', '5', '1', 'nl', '2', '', '{\"typeId\":\"5\",\"authorId\":\"1\",\"title\":\"Newskool Animation\",\"slug\":\"newskool-animation\",\"postDate\":1504725840,\"expiryDate\":null,\"enabled\":1,\"parentId\":null,\"fields\":{\"1\":\"<p>Me and <a href=\\\"http:\\/\\/jongensvandetekeningen.nl\\/#people\\\" target=\\\"_blank\\\" rel=\\\"noreferrer noopener\\\">Tomas<\\/a> created this Animation for Newskool. They wanted something they could display on their website for some extra information about their work.<\\/p>\",\"51\":\"4-gZZiO4qHw\",\"4\":[\"21\"],\"5\":\"I made this Animation together with JVDT [ Jongensvandetekeningen ]\",\"3\":[\"32\"],\"50\":\"http:\\/\\/www.newskool.nl\\/\",\"2\":[\"78\",\"35\",\"72\",\"71\"]}}', '2017-09-06 19:25:22', '2017-09-06 19:25:22', '487fa22c-7470-4535-98d4-4fefc9c686cf'),
 ('87', '65', '18', '1', 'nl', '3', '', '{\"typeId\":\"18\",\"authorId\":\"1\",\"title\":\"sounddesign\",\"slug\":\"code\",\"postDate\":1504695060,\"expiryDate\":null,\"enabled\":1,\"parentId\":null,\"fields\":{\"49\":\"fa-music\",\"48\":\"I Create sounds for Animations, Movies & Applications\",\"47\":\"Creating Sounds\",\"45\":\"200ms\",\"46\":\".8s\"}}', '2017-09-06 22:48:25', '2017-09-06 22:48:25', '160d2d56-7837-47bb-81d4-aa0c8b5e9cba'),
 ('88', '43', '5', '1', 'nl', '12', '', '{\"typeId\":\"5\",\"authorId\":\"1\",\"title\":\"Groothandelsgebouw Animation\",\"slug\":\"groothandelsgebouw-animatie\",\"postDate\":1504479420,\"expiryDate\":null,\"enabled\":1,\"parentId\":null,\"fields\":{\"1\":\"<p>Me and <a href=\\\"http:\\/\\/jongensvandetekeningen.nl\\/#people\\\" target=\\\"_blank\\\" rel=\\\"noreferrer noopener\\\">Willem<\\/a> created this Animation for Groothandelsgebouw. They wanted something they could display on their website for some extra information about their products. This Animation was made in a couple of days and we are very happy with the end result.<\\/p>\",\"51\":\"nrn8hGF6mqE\",\"4\":[\"19\"],\"5\":\"I made this Animation together with JVDT [ Jongensvandetekeningen ]\",\"3\":[\"32\"],\"50\":\"http:\\/\\/groothandelsgebouw.nl\",\"2\":[\"33\",\"70\",\"72\"]}}', '2017-09-06 22:51:36', '2017-09-06 22:51:36', 'e08aeded-f27c-4c10-84cb-315a4e9a14ac'),
 ('89', '87', '5', '1', 'nl', '1', '', '{\"typeId\":null,\"authorId\":\"1\",\"title\":\"Indruk Webdevelopment\",\"slug\":\"indruk-webdevelopment\",\"postDate\":1504739116,\"expiryDate\":null,\"enabled\":1,\"parentId\":null,\"fields\":{\"1\":\"<p><a href=\\\"http:\\/\\/indr.uk\\\"><\\/a>Creating the website for Indruk, Front end development with my collegue&nbsp;<a href=\\\"http:\\/\\/indr.uk\\\" target=\\\"_blank\\\"><\\/a>Tim Visser<\\/p>\",\"51\":\"\",\"4\":[\"81\"],\"5\":\"Creating a website with my partner in crime Tim Visser @Sacrome\",\"3\":[\"30\"],\"50\":\"http:\\/\\/ndr.uk\\u200b \",\"2\":[\"84\",\"85\",\"86\"]}}', '2017-09-06 23:05:17', '2017-09-06 23:05:17', '2d0445cb-3e51-48cb-9606-9894cc0258d4'),
 ('90', '87', '5', '1', 'nl', '2', '', '{\"typeId\":\"5\",\"authorId\":\"1\",\"title\":\"Indruk Webdevelopment\",\"slug\":\"indruk-webdevelopment\",\"postDate\":1504739100,\"expiryDate\":null,\"enabled\":1,\"parentId\":null,\"fields\":{\"1\":\"<p><a href=\\\"http:\\/\\/indr.uk\\\"><\\/a>Creating the website for Indruk, Front end development with my collegue&nbsp;<a href=\\\"http:\\/\\/indr.uk\\\" target=\\\"_blank\\\" rel=\\\"noreferrer noopener\\\"><\\/a>Tim Visser<\\/p>\",\"51\":\"\",\"4\":[\"88\"],\"5\":\"Creating a website with my partner in crime Tim Visser @Sacrome\",\"3\":[\"30\"],\"50\":\"http:\\/\\/ndr.uk\\u200b \",\"2\":[\"84\",\"85\",\"86\"]}}', '2017-09-06 23:07:21', '2017-09-06 23:07:21', '09ce3356-a3b3-492f-83f8-3e0358ed5973'),
 ('91', '87', '5', '1', 'nl', '3', '', '{\"typeId\":\"5\",\"authorId\":\"1\",\"title\":\"Indruk Webdevelopment\",\"slug\":\"indruk-webdevelopment\",\"postDate\":1504739100,\"expiryDate\":null,\"enabled\":1,\"parentId\":null,\"fields\":{\"1\":\"<p><a href=\\\"http:\\/\\/indr.uk\\\"><\\/a>Creating the website for Indruk, Front end development with my collegue&nbsp;<a href=\\\"http:\\/\\/indr.uk\\\" target=\\\"_blank\\\" rel=\\\"noreferrer noopener\\\"><\\/a>Tim Visser<\\/p>\",\"51\":\"\",\"4\":[\"89\"],\"5\":\"Creating a website with my partner in crime Tim Visser @Sacrome\",\"3\":[\"30\"],\"50\":\"http:\\/\\/ndr.uk\\u200b \",\"2\":[\"84\",\"85\",\"86\"]}}', '2017-09-06 23:08:52', '2017-09-06 23:08:52', 'f79e6878-7d1a-4cc8-97fb-fd78c0ba70a6'),
 ('92', '87', '5', '1', 'nl', '4', '', '{\"typeId\":\"5\",\"authorId\":\"1\",\"title\":\"Indruk Webdevelopment\",\"slug\":\"indruk-webdevelopment\",\"postDate\":1504739100,\"expiryDate\":null,\"enabled\":1,\"parentId\":null,\"fields\":{\"1\":\"<p><a href=\\\"http:\\/\\/indr.uk\\\"><\\/a>Creating the website for Indruk, Front end development with my collegue&nbsp;<a href=\\\"http:\\/\\/indr.uk\\\" target=\\\"_blank\\\" rel=\\\"noreferrer noopener\\\"><\\/a>Tim Visser<\\/p>\",\"51\":\"\",\"4\":[\"89\"],\"5\":\"Creating a website with my partner in crime Tim Visser @Sacrome\",\"3\":[\"30\"],\"50\":\"http:\\/\\/indr.uk\\u200b \",\"2\":[\"84\",\"85\",\"86\"]}}', '2017-09-06 23:09:34', '2017-09-06 23:09:34', '26d77b5b-6be0-4eef-bccd-8b501cd890f3'),
 ('93', '91', '5', '1', 'nl', '1', '', '{\"typeId\":null,\"authorId\":\"1\",\"title\":\"Youshare Animation\",\"slug\":\"youshare-animation\",\"postDate\":1504795132,\"expiryDate\":null,\"enabled\":1,\"parentId\":null,\"fields\":{\"1\":\"<p><\\/p><p>A animation made for Youshare to explain what services they supply you with.<\\/p><p>A set of solid building blocks that form the basis for your ideal digital work environment. One the expertise and experience to realize the change with you in your organization.<\\/p>\",\"51\":\"v=Xn_ZsuipQf8&t=2s\",\"4\":[\"22\"],\"5\":\"I made this Animation together with JVDT [ Jongensvandetekeningen ]\",\"3\":[\"32\"],\"50\":\"https:\\/\\/www.youtube.com\\/watch?v=Xn_ZsuipQf8&t=2s\",\"2\":[\"90\",\"35\",\"72\"]}}', '2017-09-07 14:38:52', '2017-09-07 14:38:52', 'c0c39bba-f799-4afe-b5d5-867f97e341d0'),
 ('94', '94', '5', '1', 'nl', '1', '', '{\"typeId\":null,\"authorId\":\"1\",\"title\":\"Showreel Jongensvandetekeningen 2014\",\"slug\":\"showreel-jongensvandetekeningen-2014\",\"postDate\":1504795431,\"expiryDate\":null,\"enabled\":1,\"parentId\":null,\"fields\":{\"1\":\"<p>My first assignment for JVDT back in 2014, I was asked to create the Showreel for the company. They where very happy with the end result of this animation.<\\/p>\",\"51\":\"v=7SqqGtnb6Fs\",\"4\":[\"93\"],\"5\":\"Showreel made for JVDT. \",\"3\":[\"32\"],\"50\":\"http:\\/\\/jongensvandetekeningen.nl\\/\",\"2\":[\"92\",\"72\",\"71\"]}}', '2017-09-07 14:43:51', '2017-09-07 14:43:51', 'f32dadbd-089b-4acf-a95f-5f35f16b3faa'),
 ('95', '94', '5', '1', 'nl', '2', '', '{\"typeId\":\"5\",\"authorId\":\"1\",\"title\":\"Showreel Jongensvandetekeningen 2014\",\"slug\":\"showreel-jongensvandetekeningen-2014\",\"postDate\":1504795380,\"expiryDate\":null,\"enabled\":1,\"parentId\":null,\"fields\":{\"1\":\"<p>My first assignment for JVDT back in 2014, I was asked to create the Showreel for the company. They where very happy with the end result of this animation.<\\/p>\",\"51\":\"7SqqGtnb6Fs\",\"4\":[\"93\"],\"5\":\"Showreel made for JVDT. \",\"3\":[\"32\"],\"50\":\"http:\\/\\/jongensvandetekeningen.nl\\/\",\"2\":[\"92\",\"72\",\"71\"]}}', '2017-09-07 14:44:21', '2017-09-07 14:44:21', 'ec0c09c1-7a08-4f1a-aac1-a20a6e20b9f2'),
 ('96', '98', '5', '1', 'nl', '1', '', '{\"typeId\":null,\"authorId\":\"1\",\"title\":\"Yes2Web Sounddesign\",\"slug\":\"yes2web-sounddesign\",\"postDate\":1504795850,\"expiryDate\":null,\"enabled\":1,\"parentId\":null,\"fields\":{\"1\":\"<p>Yes2Web now known as Burst Digital asked me to create music for their showreel back in 2011. This song was created by me in a matter of days. It was also one of my first sounddesign jobs.<\\/p>\",\"51\":\"HaAjvLIMO0\",\"4\":[\"83\"],\"5\":\"In collaboration with former Yes2Web employee Willem. \",\"3\":[\"31\"],\"50\":\"https:\\/\\/www.youtube.com\\/watch?v=_HaAjvLIMO0\",\"2\":[\"95\",\"96\",\"97\"]}}', '2017-09-07 14:50:50', '2017-09-07 14:50:50', '561cfbf0-3f0d-4502-b1fa-593352df6215'),
 ('97', '98', '5', '1', 'nl', '2', '', '{\"typeId\":\"5\",\"authorId\":\"1\",\"title\":\"Yes2Web Sounddesign\",\"slug\":\"yes2web-sounddesign\",\"postDate\":1504795800,\"expiryDate\":null,\"enabled\":1,\"parentId\":null,\"fields\":{\"1\":\"<p>Yes2Web now known as Burst Digital asked me to create music for their showreel back in 2011. This song was created by me in a matter of days. It was also one of my first sounddesign jobs.<\\/p>\",\"51\":\"_HaAjvLIMO0\",\"4\":[\"83\"],\"5\":\"In collaboration with former Yes2Web employee Willem. \",\"3\":[\"31\"],\"50\":\"https:\\/\\/www.youtube.com\\/watch?v=_HaAjvLIMO0\",\"2\":[\"95\",\"96\",\"97\"]}}', '2017-09-07 14:51:40', '2017-09-07 14:51:40', '626ae16f-9e2c-4f97-88f8-2fa05f287d61'),
 ('98', '38', '8', '1', 'nl', '9', '', '{\"typeId\":null,\"authorId\":null,\"title\":\"Remco Hoeneveld\",\"slug\":\"about\",\"postDate\":1504478448,\"expiryDate\":null,\"enabled\":1,\"parentId\":null,\"fields\":{\"8\":[\"60\"],\"15\":\"Lumeystraat, 20B, Rotterdam\",\"14\":\"26 April 1994\",\"16\":\"Remcohoeneveld@gmail.com\",\"9\":\"https:\\/\\/www.facebook.com\\/rhoeneveld\",\"13\":\"Remco Hoeneveld\",\"12\":\"https:\\/\\/www.linkedin.com\\/in\\/remcohoeneveld\\/\",\"18\":\"Dutch\",\"6\":\"Animator \\/ Sounddesigner \\/ Webdeveloper\",\"17\":\"+316-4118-5118\",\"19\":\"https:\\/\\/www.dropbox.com\\/s\\/r1dgvtv89ja3b34\\/RemcoHoeneveldProfile.pdf?dl=0\",\"7\":\" My name is Remco Hoeneveld. I am 23 years old and I am studying at the University of Rotterdam. I am studying Media Technology. At an early age, I taught myself to make music and work with Ableton. In addition, I learned myself to make 2D animations and use photoshop. \",\"10\":\"https:\\/\\/twitter.com\\/remcohoeneveld\",\"11\":\"https:\\/\\/www.youtube.com\\/user\\/remcohoeneveld\"}}', '2017-09-07 14:59:08', '2017-09-07 14:59:08', 'da08becb-7b53-4d8d-8b9e-9b660824654e'),
 ('99', '38', '8', '1', 'nl', '10', '', '{\"typeId\":null,\"authorId\":null,\"title\":\"Remco Hoeneveld\",\"slug\":\"about\",\"postDate\":1504478448,\"expiryDate\":null,\"enabled\":1,\"parentId\":null,\"fields\":{\"8\":[\"60\"],\"15\":\"Lumeystraat, 20B, Rotterdam\",\"14\":\"26 April 1994\",\"16\":\"Remcohoeneveld@gmail.com\",\"9\":\"https:\\/\\/www.facebook.com\\/rhoeneveld\",\"13\":\"Remco Hoeneveld\",\"12\":\"https:\\/\\/www.linkedin.com\\/in\\/remcohoeneveld\\/\",\"18\":\"Dutch\",\"6\":\"Animator \\/ Sounddesigner \\/ Webdeveloper\",\"17\":\"+316-4118-5118\",\"19\":\"https:\\/\\/www.dropbox.com\\/s\\/r1dgvtv89ja3b34\\/RemcoHoeneveldProfile.pdf?dl=0\",\"7\":\" My name is Remco Hoeneveld. I am 23 years old and I am studying at the University of Rotterdam. I am studying Media Technology. At an early age, I taught myself to make music and work with Ableton. In addition, I learned myself to make 2D animations and master After Effects.\",\"10\":\"https:\\/\\/twitter.com\\/remcohoeneveld\",\"11\":\"https:\\/\\/www.youtube.com\\/user\\/remcohoeneveld\"}}', '2017-09-07 14:59:50', '2017-09-07 14:59:50', '8a9945b4-53b5-488d-8001-245b19097feb'),
 ('100', '56', '17', '1', 'nl', '4', '', '{\"typeId\":null,\"authorId\":null,\"title\":\"Remco Hoeneveld\",\"slug\":\"header\",\"postDate\":1504539237,\"expiryDate\":null,\"enabled\":1,\"parentId\":null,\"fields\":{\"32\":[\"57\",\"58\",\"59\"],\"31\":\"Hi I\'m\",\"30\":\"https:\\/\\/youtu.be\\/QUwjtawcNPk\"}}', '2017-09-07 16:37:51', '2017-09-07 16:37:51', 'b3b6e786-ae9d-41ff-8d43-6b12b8839807'),
 ('101', '91', '5', '1', 'nl', '2', '', '{\"typeId\":\"5\",\"authorId\":\"1\",\"title\":\"Youshare Animation\",\"slug\":\"youshare-animation\",\"postDate\":1504795080,\"expiryDate\":null,\"enabled\":1,\"parentId\":null,\"fields\":{\"1\":\"<p>A animation made for Youshare to explain what services they supply you with.<\\/p>\\r\\n<p>A set of solid building blocks that form the basis for your ideal digital work environment. One the expertise and experience to realize the change with you in your organization.<\\/p>\",\"51\":\"Xn_ZsuipQf8&t=2s\",\"4\":[\"22\"],\"5\":\"I made this Animation together with JVDT [ Jongensvandetekeningen ]\",\"3\":[\"32\"],\"50\":\"https:\\/\\/www.youtube.com\\/watch?v=Xn_ZsuipQf8&t=2s\",\"2\":[\"90\",\"35\",\"72\"]}}', '2017-09-07 17:32:51', '2017-09-07 17:32:51', 'f57f40a5-0488-4fb5-ae3d-93f7a47c4961'),
 ('102', '91', '5', '1', 'nl', '3', '', '{\"typeId\":\"5\",\"authorId\":\"1\",\"title\":\"Youshare Animation\",\"slug\":\"youshare-animation\",\"postDate\":1504795080,\"expiryDate\":null,\"enabled\":1,\"parentId\":null,\"fields\":{\"1\":\"<p>A animation made for Youshare to explain what services they supply you with.<\\/p>\\r\\n<p>A set of solid building blocks that form the basis for your ideal digital work environment. One the expertise and experience to realize the change with you in your organization.<\\/p>\",\"51\":\"Xn_ZsuipQf8&t=2s\",\"4\":[\"22\"],\"5\":\"I made this Animation together with JVDT [ Jongensvandetekeningen ]\",\"3\":[\"32\"],\"50\":\"https:\\/\\/www.youtube.com\\/watch?v=Xn_ZsuipQf8&t=2s\",\"2\":[\"90\",\"35\",\"72\"]}}', '2017-09-07 17:33:22', '2017-09-07 17:33:22', '48f5aad6-3924-473c-8f44-02d2bc4e1769'),
 ('103', '91', '5', '1', 'nl', '4', '', '{\"typeId\":\"5\",\"authorId\":\"1\",\"title\":\"Youshare Animation\",\"slug\":\"youshare-animation\",\"postDate\":1504795080,\"expiryDate\":null,\"enabled\":1,\"parentId\":null,\"fields\":{\"1\":\"<p>A animation made for Youshare to explain what services they supply you with.<\\/p>\\r\\n<p>A set of solid building blocks that form the basis for your ideal digital work environment. One the expertise and experience to realize the change with you in your organization.<\\/p>\",\"51\":\"Xn_ZsuipQf8\",\"4\":[\"22\"],\"5\":\"I made this Animation together with JVDT [ Jongensvandetekeningen ]\",\"3\":[\"32\"],\"50\":\"https:\\/\\/www.youtube.com\\/watch?v=Xn_ZsuipQf8&t=2s\",\"2\":[\"90\",\"35\",\"72\"]}}', '2017-09-07 17:34:51', '2017-09-07 17:34:51', 'defbeb31-1819-4416-9117-73b06adceed6'),
 ('104', '103', '5', '1', 'nl', '1', '', '{\"typeId\":null,\"authorId\":\"1\",\"title\":\"Benvanderwal Webdevelopment\",\"slug\":\"benvanderwal-webdevelopment\",\"postDate\":1505124661,\"expiryDate\":null,\"enabled\":1,\"parentId\":null,\"fields\":{\"1\":\"<p>Creating the website for the briljant artist benvanderwal. He wanted something to show of his impressive work. I made him this website. The website contains a installation of wordpress with a custom theme. Added some plugins to fulfill the clients needs.<\\/p>\",\"51\":\"\",\"4\":[\"80\"],\"5\":\"Creating a website for artist Benvanderwal to show off his amazing artwork.\",\"3\":[\"30\"],\"50\":\"http:\\/\\/benvanderwal.nl\\/\",\"2\":[\"100\",\"85\",\"101\",\"102\"]}}', '2017-09-11 10:11:02', '2017-09-11 10:11:02', '7f777299-1da1-47d6-80c5-c08c8f73b9d1'),
 ('105', '103', '5', '1', 'nl', '2', '', '{\"typeId\":\"5\",\"authorId\":\"1\",\"title\":\"Benvanderwal\",\"slug\":\"benvanderwal-webdevelopment\",\"postDate\":1505124660,\"expiryDate\":null,\"enabled\":1,\"parentId\":null,\"fields\":{\"1\":\"<p>Creating the website for the briljant artist benvanderwal. He wanted something to show of his impressive work. I made him this website. The website contains a installation of wordpress with a custom theme. Added some plugins to fulfill the clients needs.<\\/p>\",\"51\":\"\",\"4\":[\"80\"],\"5\":\"Creating a website for artist Benvanderwal to show off his amazing artwork.\",\"3\":[\"30\"],\"50\":\"http:\\/\\/benvanderwal.nl\\/\",\"2\":[\"100\",\"85\",\"101\",\"102\"]}}', '2017-09-11 11:59:05', '2017-09-11 11:59:05', 'aba03116-11dd-475e-afbe-1b5ca8a3b636'),
 ('106', '98', '5', '1', 'nl', '3', '', '{\"typeId\":\"5\",\"authorId\":\"1\",\"title\":\"Yes2Web\",\"slug\":\"yes2web-sounddesign\",\"postDate\":1504795800,\"expiryDate\":null,\"enabled\":1,\"parentId\":null,\"fields\":{\"1\":\"<p>Yes2Web now known as Burst Digital asked me to create music for their showreel back in 2011. This song was created by me in a matter of days. It was also one of my first sounddesign jobs.<\\/p>\",\"51\":\"_HaAjvLIMO0\",\"4\":[\"83\"],\"5\":\"In collaboration with former Yes2Web employee Willem. \",\"3\":[\"31\"],\"50\":\"https:\\/\\/www.youtube.com\\/watch?v=_HaAjvLIMO0\",\"2\":[\"95\",\"96\",\"97\"]}}', '2017-09-11 11:59:11', '2017-09-11 11:59:11', '64dc140d-1b71-4c21-8226-5830891be514'),
 ('107', '91', '5', '1', 'nl', '5', '', '{\"typeId\":\"5\",\"authorId\":\"1\",\"title\":\"Youshare\",\"slug\":\"youshare-animation\",\"postDate\":1504795080,\"expiryDate\":null,\"enabled\":1,\"parentId\":null,\"fields\":{\"1\":\"<p>A animation made for Youshare to explain what services they supply you with.<\\/p>\\r\\n<p>A set of solid building blocks that form the basis for your ideal digital work environment. One the expertise and experience to realize the change with you in your organization.<\\/p>\",\"51\":\"Xn_ZsuipQf8\",\"4\":[\"22\"],\"5\":\"I made this Animation together with JVDT [ Jongensvandetekeningen ]\",\"3\":[\"32\"],\"50\":\"https:\\/\\/www.youtube.com\\/watch?v=Xn_ZsuipQf8&t=2s\",\"2\":[\"90\",\"35\",\"72\"]}}', '2017-09-11 11:59:17', '2017-09-11 11:59:17', '4a50fcb4-58be-41d3-989d-b0c69d5c3a99'),
 ('108', '87', '5', '1', 'nl', '5', '', '{\"typeId\":\"5\",\"authorId\":\"1\",\"title\":\"Indruk\",\"slug\":\"indruk-webdevelopment\",\"postDate\":1504739100,\"expiryDate\":null,\"enabled\":1,\"parentId\":null,\"fields\":{\"1\":\"<p><a href=\\\"http:\\/\\/indr.uk\\\"><\\/a>Creating the website for Indruk, Front end development with my collegue&nbsp;<a href=\\\"http:\\/\\/indr.uk\\\" target=\\\"_blank\\\" rel=\\\"noreferrer noopener\\\"><\\/a>Tim Visser<\\/p>\",\"51\":\"\",\"4\":[\"89\"],\"5\":\"Creating a website with my partner in crime Tim Visser @Sacrome\",\"3\":[\"30\"],\"50\":\"http:\\/\\/indr.uk\\u200b \",\"2\":[\"84\",\"85\",\"86\"]}}', '2017-09-11 11:59:23', '2017-09-11 11:59:23', '995a62fe-6f3b-4f36-bcd3-f65177e3ad1b'),
 ('109', '79', '5', '1', 'nl', '3', '', '{\"typeId\":\"5\",\"authorId\":\"1\",\"title\":\"Newskool\",\"slug\":\"newskool-animation\",\"postDate\":1504725840,\"expiryDate\":null,\"enabled\":1,\"parentId\":null,\"fields\":{\"1\":\"<p>Me and <a href=\\\"http:\\/\\/jongensvandetekeningen.nl\\/#people\\\" target=\\\"_blank\\\" rel=\\\"noreferrer noopener\\\">Tomas<\\/a> created this Animation for Newskool. They wanted something they could display on their website for some extra information about their work.<\\/p>\",\"51\":\"4-gZZiO4qHw\",\"4\":[\"21\"],\"5\":\"I made this Animation together with JVDT [ Jongensvandetekeningen ]\",\"3\":[\"32\"],\"50\":\"http:\\/\\/www.newskool.nl\\/\",\"2\":[\"78\",\"35\",\"72\",\"71\"]}}', '2017-09-11 11:59:28', '2017-09-11 11:59:28', '7e84a55d-84aa-4987-86f2-330906ecd2ba');
INSERT INTO `craft_entryversions` (`id`, `entryId`, `sectionId`, `creatorId`, `locale`, `num`, `notes`, `data`, `dateCreated`, `dateUpdated`, `uid`) VALUES
 ('110', '77', '5', '1', 'nl', '3', '', '{\"typeId\":\"5\",\"authorId\":\"1\",\"title\":\"Groenlinks\",\"slug\":\"groenlinks-animation\",\"postDate\":1504725480,\"expiryDate\":null,\"enabled\":1,\"parentId\":null,\"fields\":{\"1\":\"<p>Me and <a href=\\\"http:\\/\\/jongensvandetekeningen.nl\\/#people\\\" target=\\\"_blank\\\" rel=\\\"noreferrer noopener\\\">Willem<\\/a> created this Animation for Groenlinks. They wanted something they could display on their facebook for some extra information about the topic Economisme. Groenlinks was very happy with the end result.<\\/p>\",\"51\":\"WuGsc26GdAM\",\"4\":[\"20\"],\"5\":\"I made this Animation together with JVDT [ Jongensvandetekeningen ]\",\"3\":[\"32\"],\"50\":\"https:\\/\\/groenlinks.nl\\/standpunten\\/economisme\",\"2\":[\"76\",\"35\",\"72\",\"71\"]}}', '2017-09-11 11:59:33', '2017-09-11 11:59:33', 'e08a810a-2639-4206-a591-d4dde627cde4'),
 ('111', '43', '5', '1', 'nl', '13', '', '{\"typeId\":\"5\",\"authorId\":\"1\",\"title\":\"Groothandelsgebouw\",\"slug\":\"groothandelsgebouw-animatie\",\"postDate\":1504479420,\"expiryDate\":null,\"enabled\":1,\"parentId\":null,\"fields\":{\"1\":\"<p>Me and <a href=\\\"http:\\/\\/jongensvandetekeningen.nl\\/#people\\\" target=\\\"_blank\\\" rel=\\\"noreferrer noopener\\\">Willem<\\/a> created this Animation for Groothandelsgebouw. They wanted something they could display on their website for some extra information about their products. This Animation was made in a couple of days and we are very happy with the end result.<\\/p>\",\"51\":\"nrn8hGF6mqE\",\"4\":[\"19\"],\"5\":\"I made this Animation together with JVDT [ Jongensvandetekeningen ]\",\"3\":[\"32\"],\"50\":\"http:\\/\\/groothandelsgebouw.nl\",\"2\":[\"33\",\"70\",\"72\"]}}', '2017-09-11 11:59:38', '2017-09-11 11:59:38', 'da18d20c-7ec7-4bfc-99b5-64c4381b5e8a'),
 ('112', '94', '5', '1', 'nl', '3', '', '{\"typeId\":\"5\",\"authorId\":\"1\",\"title\":\"Showreel JVDT 2014\",\"slug\":\"showreel-jongensvandetekeningen-2014\",\"postDate\":1504795380,\"expiryDate\":null,\"enabled\":1,\"parentId\":null,\"fields\":{\"1\":\"<p>My first assignment for JVDT back in 2014, I was asked to create the Showreel for the company. They where very happy with the end result of this animation.<\\/p>\",\"51\":\"7SqqGtnb6Fs\",\"4\":[\"93\"],\"5\":\"Showreel made for JVDT. \",\"3\":[\"32\"],\"50\":\"http:\\/\\/jongensvandetekeningen.nl\\/\",\"2\":[\"92\",\"72\",\"71\"]}}', '2017-09-11 14:08:07', '2017-09-11 14:08:07', '0681ecb9-d3ac-4de5-92d9-81f5adcbe0f4'),
 ('113', '94', '5', '1', 'nl', '4', '', '{\"typeId\":\"5\",\"authorId\":\"1\",\"title\":\"Showreel JVDT 2014\",\"slug\":\"showreel-jongensvandetekeningen-2014\",\"postDate\":1504795380,\"expiryDate\":null,\"enabled\":1,\"parentId\":null,\"fields\":{\"1\":\"<p>My first assignment for JVDT back in 2014, I was asked to create the Showreel for the company. They where very happy with the end result of this animation.<\\/p>\",\"51\":\"7SqqGtnb6Fs\",\"4\":[\"93\"],\"5\":\"Showreel made for JVDT. \",\"3\":[\"32\"],\"50\":\"http:\\/\\/jongensvandetekeningen.nl\\/\",\"2\":[\"92\",\"72\",\"71\"]}}', '2017-09-11 14:14:42', '2017-09-11 14:14:42', '58662373-29aa-42b7-8c3c-8366704067c1'),
 ('114', '56', '17', '1', 'nl', '5', '', '{\"typeId\":null,\"authorId\":null,\"title\":\"Remco Hoeneveld\",\"slug\":\"header\",\"postDate\":1504539237,\"expiryDate\":null,\"enabled\":1,\"parentId\":null,\"fields\":{\"32\":[\"57\",\"58\",\"59\"],\"31\":\"Hi I\'m\",\"30\":\"https:\\/\\/www.youtube.com\\/watch?v=PPBMv__qx4k\"}}', '2017-09-11 15:42:09', '2017-09-11 15:42:09', 'b82557c6-3cf0-4a30-a39f-9cffa5f3ae07'),
 ('115', '56', '17', '1', 'nl', '6', '', '{\"typeId\":null,\"authorId\":null,\"title\":\"Remco Hoeneveld\",\"slug\":\"header\",\"postDate\":1504539237,\"expiryDate\":null,\"enabled\":1,\"parentId\":null,\"fields\":{\"32\":[\"57\",\"58\",\"59\"],\"31\":\"Hi I\'m\",\"30\":\"https:\\/\\/youtu.be\\/I0kvrsRSz2k\"}}', '2017-09-12 11:35:30', '2017-09-12 11:35:30', '1d2115fe-8ea5-41e9-a90e-76da81557147'),
 ('116', '56', '17', '1', 'nl', '7', '', '{\"typeId\":null,\"authorId\":null,\"title\":\"Remco Hoeneveld\",\"slug\":\"header\",\"postDate\":1504539237,\"expiryDate\":null,\"enabled\":1,\"parentId\":null,\"fields\":{\"32\":[\"57\",\"58\",\"59\"],\"31\":\"Hi I\'m\",\"30\":\"https:\\/\\/youtu.be\\/RpPYjePWPbs\"}}', '2017-09-12 11:42:01', '2017-09-12 11:42:01', 'c2e040b4-1445-4bec-b31e-286fc132ab09'),
 ('117', '56', '17', '1', 'nl', '8', '', '{\"typeId\":null,\"authorId\":null,\"title\":\"Remco Hoeneveld\",\"slug\":\"header\",\"postDate\":1504539237,\"expiryDate\":null,\"enabled\":1,\"parentId\":null,\"fields\":{\"32\":[\"57\",\"58\",\"59\"],\"31\":\"Hi I\'m\",\"30\":\"https:\\/\\/youtu.be\\/RpPYjePWPbs\"}}', '2017-09-12 11:50:38', '2017-09-12 11:50:38', '8e5a8299-fa52-4743-a455-1d710bec9e4d'),
 ('118', '38', '8', '1', 'nl', '11', '', '{\"typeId\":null,\"authorId\":null,\"title\":\"Remco Hoeneveld\",\"slug\":\"about\",\"postDate\":1504478448,\"expiryDate\":null,\"enabled\":1,\"parentId\":null,\"fields\":{\"8\":[\"104\"],\"15\":\"Lumeystraat, 20B, Rotterdam\",\"14\":\"26 April 1994\",\"16\":\"Remcohoeneveld@gmail.com\",\"9\":\"https:\\/\\/www.facebook.com\\/rhoeneveld\",\"13\":\"Remco Hoeneveld\",\"12\":\"https:\\/\\/www.linkedin.com\\/in\\/remcohoeneveld\\/\",\"18\":\"Dutch\",\"6\":\"Animator \\/ Sounddesigner \\/ Webdeveloper\",\"17\":\"+316-4118-5118\",\"19\":\"https:\\/\\/www.dropbox.com\\/s\\/r1dgvtv89ja3b34\\/RemcoHoeneveldProfile.pdf?dl=0\",\"7\":\" My name is Remco Hoeneveld. I am 23 years old and I am studying at the University of Rotterdam. I am studying Media Technology. At an early age, I taught myself to make music and work with Ableton. In addition, I learned myself to make 2D animations and master After Effects.\",\"10\":\"https:\\/\\/twitter.com\\/remcohoeneveld\",\"11\":\"https:\\/\\/www.youtube.com\\/user\\/remcohoeneveld\"}}', '2017-10-14 14:56:32', '2017-10-14 14:56:32', 'adf9f0a6-4e86-4056-b268-d97c8ce7a192'),
 ('119', '109', '5', '1', 'nl', '1', '', '{\"typeId\":null,\"authorId\":\"1\",\"title\":\"Axxicom\",\"slug\":\"axxicom\",\"postDate\":1510403782,\"expiryDate\":null,\"enabled\":1,\"parentId\":null,\"fields\":{\"1\":\"<p>Me and&nbsp;<a href=\\\"http:\\/\\/jongensvandetekeningen.nl\\/#people\\\" target=\\\"_blank\\\" rel=\\\"noreferrer noopener\\\"><\\/a><a href=\\\"http:\\/\\/www.jongensvandetekeningen.nl\\\" target=\\\"_blank\\\">Jongensvandetekeningen<\\/a>&nbsp;created this Animation for Axxicom. They wanted a animation in combination with video. This is what we delivered.<\\/p>\",\"51\":\"TIULyEdBRCc\",\"4\":[\"108\"],\"5\":\"I made this Animation together with JVDT [ Jongensvandetekeningen ]\",\"3\":[\"32\"],\"50\":\"https:\\/\\/www.youtube.com\\/watch?v=TIULyEdBRCc\",\"2\":[\"105\",\"106\",\"107\",\"72\",\"71\"]}}', '2017-11-11 12:36:23', '2017-11-11 12:36:23', 'c915d76b-1ad2-4abb-96be-ba8ab637f03f'),
 ('120', '114', '5', '1', 'nl', '1', '', '{\"typeId\":null,\"authorId\":\"1\",\"title\":\"st antonius\",\"slug\":\"st-antonius\",\"postDate\":1510404163,\"expiryDate\":null,\"enabled\":1,\"parentId\":null,\"fields\":{\"1\":\"<p>Me and&nbsp;<a href=\\\"http:\\/\\/jongensvandetekeningen.nl\\/#people\\\" target=\\\"_blank\\\" rel=\\\"noreferrer noopener\\\"><\\/a><a href=\\\"http:\\/\\/www.jongensvandetekeningen.nl\\/\\\" target=\\\"_blank\\\" rel=\\\"noreferrer noopener\\\">Jongensvandetekeningen<\\/a>&nbsp;created this Animation for st antonius hospital. <\\/p>\",\"51\":\"zEh1XqElMT8\",\"4\":[\"113\"],\"5\":\"I made this Animation together with JVDT [ Jongensvandetekeningen ]\",\"3\":[\"32\"],\"50\":\"https:\\/\\/www.youtube.com\\/watch?v=zEh1XqElMT8\",\"2\":[\"110\",\"111\",\"112\",\"72\",\"71\"]}}', '2017-11-11 12:42:43', '2017-11-11 12:42:43', '60c960a9-42f8-496f-8d34-70b017b0288c'),
 ('121', '114', '5', '1', 'nl', '2', '', '{\"typeId\":\"5\",\"authorId\":\"1\",\"title\":\"st antonius\",\"slug\":\"st-antonius\",\"postDate\":1510404120,\"expiryDate\":null,\"enabled\":1,\"parentId\":null,\"fields\":{\"1\":\"<p>Me and&nbsp;<a href=\\\"http:\\/\\/jongensvandetekeningen.nl\\/#people\\\" target=\\\"_blank\\\" rel=\\\"noreferrer noopener\\\"><\\/a><a href=\\\"http:\\/\\/www.jongensvandetekeningen.nl\\/\\\" target=\\\"_blank\\\" rel=\\\"noreferrer noopener\\\">Jongensvandetekeningen<\\/a>&nbsp;created this Animation for st antonius hospital. <\\/p>\",\"51\":\"zEh1XqElMT8\",\"4\":[\"115\"],\"5\":\"I made this Animation together with JVDT [ Jongensvandetekeningen ]\",\"3\":[\"32\"],\"50\":\"https:\\/\\/www.youtube.com\\/watch?v=zEh1XqElMT8\",\"2\":[\"110\",\"111\",\"112\",\"72\",\"71\"]}}', '2017-11-11 12:44:48', '2017-11-11 12:44:48', 'e60973e4-c59c-41c6-b5d1-117f64946c33'),
 ('122', '118', '5', '1', 'nl', '1', '', '{\"typeId\":null,\"authorId\":\"1\",\"title\":\"ministerie ez\",\"slug\":\"ministerie-ez\",\"postDate\":1510405041,\"expiryDate\":null,\"enabled\":1,\"parentId\":null,\"fields\":{\"1\":\"<p>Me and&nbsp;<a href=\\\"http:\\/\\/jongensvandetekeningen.nl\\/#people\\\" target=\\\"_blank\\\" rel=\\\"noreferrer noopener\\\">Willem<\\/a>&nbsp;created this Animation for the ministry of economic affairs. They wanted a animation explaining their platform (MijnOverheid) for&nbsp;<\\/p>\",\"51\":\"b5Yrs1a4XYo\",\"4\":[\"117\"],\"5\":\"I made this Animation together with JVDT [ Jongensvandetekeningen ]\",\"3\":[\"32\"],\"50\":\"https:\\/\\/www.youtube.com\\/watch?v=b5Yrs1a4XYo\",\"2\":[\"71\",\"72\",\"116\"]}}', '2017-11-11 12:57:21', '2017-11-11 12:57:21', '46493082-cf37-40f6-96f1-e75f0885b1bf'),
 ('123', '118', '5', '1', 'nl', '2', '', '{\"typeId\":\"5\",\"authorId\":\"1\",\"title\":\"ministerie ez\",\"slug\":\"ministerie-ez\",\"postDate\":1510405020,\"expiryDate\":null,\"enabled\":1,\"parentId\":null,\"fields\":{\"1\":\"<p>Me and&nbsp;<a href=\\\"http:\\/\\/jongensvandetekeningen.nl\\/#people\\\" target=\\\"_blank\\\" rel=\\\"noreferrer noopener\\\">Willem<\\/a>&nbsp;created this Animation for the ministry of economic affairs. They wanted a animation explaining their platform (MijnOverheid) for entrepreneurs.<\\/p>\",\"51\":\"b5Yrs1a4XYo\",\"4\":[\"117\"],\"5\":\"I made this Animation together with JVDT [ Jongensvandetekeningen ]\",\"3\":[\"32\"],\"50\":\"https:\\/\\/www.youtube.com\\/watch?v=b5Yrs1a4XYo\",\"2\":[\"71\",\"72\",\"116\"]}}', '2017-11-11 12:58:29', '2017-11-11 12:58:29', '74daed39-d1f8-49e0-acea-dcdb319d1fbf'),
 ('124', '118', '5', '1', 'nl', '3', '', '{\"typeId\":\"5\",\"authorId\":\"1\",\"title\":\"ministerie ez\",\"slug\":\"ministerie-ez\",\"postDate\":1510405020,\"expiryDate\":null,\"enabled\":1,\"parentId\":null,\"fields\":{\"1\":\"<p>Me and&nbsp;<a href=\\\"http:\\/\\/jongensvandetekeningen.nl\\/#people\\\" target=\\\"_blank\\\" rel=\\\"noreferrer noopener\\\">Willem<\\/a>&nbsp;created this Animation for the ministry of economic affairs. They wanted a animation explaining their platform (MijnOverheid) for entrepreneurs.<\\/p>\",\"51\":\"b5Yrs1a4XYo\",\"4\":[\"119\"],\"5\":\"I made this Animation together with JVDT [ Jongensvandetekeningen ]\",\"3\":[\"32\"],\"50\":\"https:\\/\\/www.youtube.com\\/watch?v=b5Yrs1a4XYo\",\"2\":[\"71\",\"72\",\"116\"]}}', '2017-11-11 12:59:17', '2017-11-11 12:59:17', '67644fa5-d312-4fc4-b9fc-c1730babc971'),
 ('125', '123', '5', '1', 'nl', '1', '', '{\"typeId\":null,\"authorId\":\"1\",\"title\":\"Kinderopvang humanitas\",\"slug\":\"kinderopvang-humanitas\",\"postDate\":1510838210,\"expiryDate\":null,\"enabled\":1,\"parentId\":null,\"fields\":{\"1\":\"<p>Together with visualiser Arno van Doesburg I created this animation for Humanitas explaining recycling to children.&nbsp;<\\/p>\",\"51\":\"LFUtVlQ02yo\",\"4\":[\"122\"],\"5\":\"Kinderopvang Humanitas animation own assigment\",\"3\":[\"32\"],\"50\":\"https:\\/\\/www.youtube.com\\/watch?v=LFUtVlQ02yo\",\"2\":[\"120\",\"121\",\"35\"]}}', '2017-11-16 13:16:50', '2017-11-16 13:16:50', '0d687cff-c3c8-4cd4-b1a3-a0caf4be6c35'),
 ('126', '44', '9', '1', 'nl', '4', '', '{\"typeId\":null,\"authorId\":null,\"title\":\" statistic\",\"slug\":\"statistic\",\"postDate\":1504523105,\"expiryDate\":null,\"enabled\":1,\"parentId\":null,\"fields\":{\"21\":\"3\",\"22\":\"52\",\"20\":\"30\"}}', '2017-12-18 10:22:37', '2017-12-18 10:22:37', '561445cc-075c-440b-839d-fa2eafc906ec');



DROP TABLE IF EXISTS `craft_fieldgroups`;


--
-- Schema for table `craft_fieldgroups`
--
CREATE TABLE `craft_fieldgroups` (
  `id` int(11) NOT NULL AUTO_INCREMENT,
  `name` varchar(255) COLLATE utf8_unicode_ci NOT NULL,
  `dateCreated` datetime NOT NULL,
  `dateUpdated` datetime NOT NULL,
  `uid` char(36) COLLATE utf8_unicode_ci NOT NULL DEFAULT '0',
  PRIMARY KEY (`id`),
  UNIQUE KEY `craft_fieldgroups_name_unq_idx` (`name`)
) ENGINE=InnoDB AUTO_INCREMENT=12 DEFAULT CHARSET=utf8 COLLATE=utf8_unicode_ci;

--
-- Data for table `craft_fieldgroups`
--

INSERT INTO `craft_fieldgroups` (`id`, `name`, `dateCreated`, `dateUpdated`, `uid`) VALUES
 ('1', 'Default', '2017-08-25 21:30:03', '2017-08-25 21:30:03', 'bd6d3999-697f-434e-83de-ab20cfc1e791'),
 ('2', 'portfolio', '2017-09-03 21:03:38', '2017-09-03 21:03:38', 'ccdac757-e101-4f6a-8196-9d6a8fde9b97'),
 ('3', 'about', '2017-09-03 23:12:31', '2017-09-03 23:12:31', 'f098d4c0-0a03-4ef2-9e7a-98fe3c20a006'),
 ('4', 'statistic', '2017-09-04 11:05:36', '2017-09-04 11:05:36', 'c860769b-3053-4a93-b1a7-e7c98525d938'),
 ('5', 'skills', '2017-09-04 12:42:35', '2017-09-04 12:42:35', 'e8a13612-83d9-4f49-8e90-48db3f2abf46'),
 ('6', 'header', '2017-09-05 07:43:57', '2017-09-05 07:43:57', 'dbc1df87-a696-4802-b785-584e99fb3fd0'),
 ('7', 'resume', '2017-09-05 22:45:28', '2017-09-05 22:45:28', 'afb6f9db-0786-4a4d-88ff-b8cfd08bd22d'),
 ('8', 'hireMe', '2017-09-05 22:45:50', '2017-09-05 22:45:50', 'd6394e72-4d16-4bc4-b66f-32ea917e0f1a'),
 ('9', 'services', '2017-09-06 10:44:31', '2017-09-06 10:44:31', '42a4cd4c-92f1-411a-83e3-fc45a946948d'),
 ('10', 'wow', '2017-09-06 10:48:17', '2017-09-06 10:48:17', '049d474b-27c2-4d3a-b2f4-2acedee3f6f6'),
 ('11', 'Home', '2017-09-06 13:38:48', '2017-09-06 13:38:48', '06d4e779-88b2-46ea-96a5-f0c89658cb13');



DROP TABLE IF EXISTS `craft_fieldlayoutfields`;


--
-- Schema for table `craft_fieldlayoutfields`
--
CREATE TABLE `craft_fieldlayoutfields` (
  `id` int(11) NOT NULL AUTO_INCREMENT,
  `layoutId` int(11) NOT NULL,
  `tabId` int(11) NOT NULL,
  `fieldId` int(11) NOT NULL,
  `required` tinyint(1) unsigned NOT NULL DEFAULT '0',
  `sortOrder` smallint(6) unsigned DEFAULT NULL,
  `dateCreated` datetime NOT NULL,
  `dateUpdated` datetime NOT NULL,
  `uid` char(36) COLLATE utf8_unicode_ci NOT NULL DEFAULT '0',
  PRIMARY KEY (`id`),
  UNIQUE KEY `craft_fieldlayoutfields_layoutId_fieldId_unq_idx` (`layoutId`,`fieldId`),
  KEY `craft_fieldlayoutfields_sortOrder_idx` (`sortOrder`),
  KEY `craft_fieldlayoutfields_tabId_fk` (`tabId`),
  KEY `craft_fieldlayoutfields_fieldId_fk` (`fieldId`)
) ENGINE=InnoDB AUTO_INCREMENT=193 DEFAULT CHARSET=utf8 COLLATE=utf8_unicode_ci;

--
-- Data for table `craft_fieldlayoutfields`
--

INSERT INTO `craft_fieldlayoutfields` (`id`, `layoutId`, `tabId`, `fieldId`, `required`, `sortOrder`, `dateCreated`, `dateUpdated`, `uid`) VALUES
 ('63', '35', '14', '6', '0', '1', '2017-09-04 10:57:27', '2017-09-04 10:57:27', '842523b2-b52e-4a66-995d-7156a6d3dabe'),
 ('64', '35', '14', '7', '0', '2', '2017-09-04 10:57:27', '2017-09-04 10:57:27', '30749ba0-a6b4-4562-a221-9e7d3da685e8'),
 ('65', '35', '14', '8', '0', '3', '2017-09-04 10:57:27', '2017-09-04 10:57:27', '7d1dd230-ab7f-417f-9aca-173fac1f0b23'),
 ('66', '35', '14', '9', '0', '4', '2017-09-04 10:57:27', '2017-09-04 10:57:27', 'f8ecdb89-76a6-40ab-bb2b-6d6ce2e67286'),
 ('67', '35', '14', '12', '0', '5', '2017-09-04 10:57:27', '2017-09-04 10:57:27', '5428c407-2be8-4bc6-a1f0-8edf6ac01573'),
 ('68', '35', '14', '10', '0', '6', '2017-09-04 10:57:27', '2017-09-04 10:57:27', 'c3c591b9-4044-480f-a5db-7a259e866edd'),
 ('69', '35', '14', '11', '0', '7', '2017-09-04 10:57:27', '2017-09-04 10:57:27', '25d69f0d-998c-4201-866e-32d69d784564'),
 ('70', '35', '14', '13', '0', '8', '2017-09-04 10:57:27', '2017-09-04 10:57:27', '2185b8fc-daa5-4286-a6e7-8960c39fea95'),
 ('71', '35', '14', '14', '0', '9', '2017-09-04 10:57:27', '2017-09-04 10:57:27', '9ef4cf75-f6b9-42fd-8d43-d44cf9e4f7fe'),
 ('72', '35', '14', '16', '0', '10', '2017-09-04 10:57:27', '2017-09-04 10:57:27', '96a80fa5-822a-4b1e-b5a2-aaf2804df84f'),
 ('73', '35', '14', '15', '0', '11', '2017-09-04 10:57:27', '2017-09-04 10:57:27', 'e3e15b7b-9969-4cae-9afd-f5e001ee99fb'),
 ('74', '35', '14', '17', '0', '12', '2017-09-04 10:57:27', '2017-09-04 10:57:27', '8279deda-639e-43e3-818f-f08fd636d7a9'),
 ('75', '35', '14', '18', '0', '13', '2017-09-04 10:57:27', '2017-09-04 10:57:27', '7c6847dd-8a63-4d63-833c-53cbce8101ca'),
 ('76', '35', '14', '19', '0', '14', '2017-09-04 10:57:27', '2017-09-04 10:57:27', '23d6095f-2b87-4320-9598-3af8a14031ce'),
 ('77', '37', '15', '21', '0', '1', '2017-09-04 11:07:49', '2017-09-04 11:07:49', '96207f69-3fe7-4e5a-ba90-be9fe7f9512f'),
 ('78', '37', '15', '22', '0', '2', '2017-09-04 11:07:49', '2017-09-04 11:07:49', '1e30f96a-8e62-4858-ab7f-865e4514a179'),
 ('79', '37', '15', '20', '0', '3', '2017-09-04 11:07:49', '2017-09-04 11:07:49', 'eacb56d3-ca81-4815-97dd-b1b963b2b770'),
 ('89', '47', '23', '24', '0', '1', '2017-09-04 13:22:26', '2017-09-04 13:22:26', '8d4f4bc2-302d-4c0c-a550-0336d54fc868'),
 ('90', '47', '23', '1', '0', '2', '2017-09-04 13:22:26', '2017-09-04 13:22:26', '7164a1cd-173e-48d1-b055-ec8f1fd927d3'),
 ('94', '59', '25', '32', '0', '1', '2017-09-05 07:51:11', '2017-09-05 07:51:11', '5de632d6-d0e0-4b86-a91a-83de7a0a2cfe'),
 ('95', '59', '25', '31', '0', '2', '2017-09-05 07:51:11', '2017-09-05 07:51:11', '888b0f02-c4fc-4ea0-ab2f-2819d41763af'),
 ('96', '59', '25', '30', '0', '3', '2017-09-05 07:51:11', '2017-09-05 07:51:11', 'b1ec4eca-53e0-431e-90be-530d197cb5f8'),
 ('97', '60', '26', '25', '0', '1', '2017-09-05 22:44:24', '2017-09-05 22:44:24', '9447d187-e6ae-4f39-9a32-e7f03f22964a'),
 ('98', '60', '26', '27', '0', '2', '2017-09-05 22:44:24', '2017-09-05 22:44:24', 'a66092db-c8ec-4364-8cd0-91321b1b8e0e'),
 ('99', '62', '27', '35', '0', '1', '2017-09-05 22:48:53', '2017-09-05 22:48:53', 'e9389264-a000-40da-897d-9e1295b33fec'),
 ('100', '62', '27', '33', '0', '2', '2017-09-05 22:48:53', '2017-09-05 22:48:53', 'f1c7d8a0-192f-4336-bd6f-64d53787b5d8'),
 ('101', '62', '27', '34', '0', '3', '2017-09-05 22:48:53', '2017-09-05 22:48:53', '42977e05-757a-4ccc-beb0-b899e45f086a'),
 ('154', '72', '34', '37', '1', '1', '2017-09-06 09:02:32', '2017-09-06 09:02:32', 'fd2deab0-31bb-43c1-a30c-b62a679ce1fe'),
 ('155', '72', '34', '38', '1', '2', '2017-09-06 09:02:32', '2017-09-06 09:02:32', '9358fd26-c74a-4af2-904a-0035a56fdbc7'),
 ('156', '72', '34', '39', '1', '3', '2017-09-06 09:02:32', '2017-09-06 09:02:32', '037efd7a-1836-44e1-b8da-f4d56dd3dce1'),
 ('157', '72', '34', '40', '1', '4', '2017-09-06 09:02:32', '2017-09-06 09:02:32', 'd2d4b4ba-9c76-4f1c-b9d1-ddcb9ed88ac0'),
 ('158', '72', '34', '44', '1', '5', '2017-09-06 09:02:32', '2017-09-06 09:02:32', 'ceb0fbef-64ab-4000-b0a7-33349cb210f1'),
 ('159', '72', '34', '36', '0', '6', '2017-09-06 09:02:32', '2017-09-06 09:02:32', 'a8a28635-21f1-49b1-b4ab-f97c3fc1174c'),
 ('160', '72', '34', '41', '0', '7', '2017-09-06 09:02:32', '2017-09-06 09:02:32', '57b07aa6-d18b-471f-a111-de700e953c5e'),
 ('161', '72', '35', '45', '1', '1', '2017-09-06 09:02:32', '2017-09-06 09:02:32', '1a2e8eee-0048-4c0b-a527-144f92394b20'),
 ('162', '72', '35', '46', '1', '2', '2017-09-06 09:02:32', '2017-09-06 09:02:32', '01aeb723-2c78-432d-9bf8-b118590f6a6d'),
 ('163', '73', '36', '37', '1', '1', '2017-09-06 09:02:48', '2017-09-06 09:02:48', 'c43eb3c5-67ae-42d5-9a70-a9dc4f83447d'),
 ('164', '73', '36', '38', '1', '2', '2017-09-06 09:02:48', '2017-09-06 09:02:48', '87e5bfcf-dee8-45be-b41f-4002384c6c3e'),
 ('165', '73', '36', '39', '1', '3', '2017-09-06 09:02:48', '2017-09-06 09:02:48', '6377d468-0a09-48c3-9f1a-0f464cece454'),
 ('166', '73', '36', '40', '1', '4', '2017-09-06 09:02:48', '2017-09-06 09:02:48', 'c8ff5ae0-80dc-4823-b94d-de4e7643c25d'),
 ('167', '73', '36', '44', '1', '5', '2017-09-06 09:02:48', '2017-09-06 09:02:48', '22f848fb-5b20-4ffb-9af2-aaaacb1dd0cc'),
 ('168', '73', '36', '36', '1', '6', '2017-09-06 09:02:48', '2017-09-06 09:02:48', 'bcdb97dd-c3eb-422f-b80b-c48425e4b412'),
 ('169', '73', '36', '41', '0', '7', '2017-09-06 09:02:48', '2017-09-06 09:02:48', 'a0a3bd8b-b73e-4e1f-b81d-4ac734fed037'),
 ('170', '73', '37', '45', '1', '1', '2017-09-06 09:02:48', '2017-09-06 09:02:48', '6a6a9c77-05b1-4c76-b81a-caf23a0b098a'),
 ('171', '73', '37', '46', '1', '2', '2017-09-06 09:02:48', '2017-09-06 09:02:48', 'ec6571b7-f30a-4ba1-b8a4-dc1ebdb0401f'),
 ('180', '76', '41', '47', '1', '1', '2017-09-06 10:47:57', '2017-09-06 10:47:57', '1dac7d7c-2e5d-4fd6-8073-234b13ed0b85'),
 ('181', '76', '41', '48', '1', '2', '2017-09-06 10:47:57', '2017-09-06 10:47:57', '091f948a-f3ee-469f-af3f-c5c34d0c132c'),
 ('182', '76', '41', '49', '1', '3', '2017-09-06 10:47:57', '2017-09-06 10:47:57', '8f99a6b0-ed0a-4bcb-bf6d-63bc69892692'),
 ('183', '76', '42', '45', '1', '1', '2017-09-06 10:47:57', '2017-09-06 10:47:57', 'b647d20e-a0bf-4b01-a416-397e3e05a7fa'),
 ('184', '76', '42', '46', '1', '2', '2017-09-06 10:47:57', '2017-09-06 10:47:57', '573b52e9-cf7a-479a-a1ea-4c7b77a8d502'),
 ('185', '77', '43', '3', '1', '1', '2017-09-06 12:11:50', '2017-09-06 12:11:50', 'c3ec1244-1e39-470d-b8a6-bc95e33c2449'),
 ('186', '77', '43', '5', '0', '2', '2017-09-06 12:11:50', '2017-09-06 12:11:50', '63581996-a8af-4320-bdeb-9818132b942e'),
 ('187', '77', '43', '4', '1', '3', '2017-09-06 12:11:50', '2017-09-06 12:11:50', '679ca24f-8dbf-432a-8606-3a1ca949a8d7'),
 ('188', '77', '43', '1', '0', '4', '2017-09-06 12:11:50', '2017-09-06 12:11:50', 'c4a625e4-a66a-4414-9571-ebc38f27e386'),
 ('189', '77', '43', '2', '0', '5', '2017-09-06 12:11:50', '2017-09-06 12:11:50', '4a9b87ce-fca1-465a-9e2e-fcb74daf3836'),
 ('190', '77', '43', '51', '0', '6', '2017-09-06 12:11:50', '2017-09-06 12:11:50', '63e20e4d-f640-4dcd-89bf-214ddf9e7ae3'),
 ('191', '77', '43', '50', '0', '7', '2017-09-06 12:11:50', '2017-09-06 12:11:50', 'e85161dd-c127-4068-be51-764433436883'),
 ('192', '79', '44', '52', '0', '1', '2017-09-06 13:40:23', '2017-09-06 13:40:23', '16b11448-751d-454e-ad7b-68e35ffd647d');



DROP TABLE IF EXISTS `craft_fieldlayouts`;


--
-- Schema for table `craft_fieldlayouts`
--
CREATE TABLE `craft_fieldlayouts` (
  `id` int(11) NOT NULL AUTO_INCREMENT,
  `type` varchar(150) COLLATE utf8_unicode_ci NOT NULL,
  `dateCreated` datetime NOT NULL,
  `dateUpdated` datetime NOT NULL,
  `uid` char(36) COLLATE utf8_unicode_ci NOT NULL DEFAULT '0',
  PRIMARY KEY (`id`),
  KEY `craft_fieldlayouts_type_idx` (`type`)
) ENGINE=InnoDB AUTO_INCREMENT=81 DEFAULT CHARSET=utf8 COLLATE=utf8_unicode_ci;

--
-- Data for table `craft_fieldlayouts`
--

INSERT INTO `craft_fieldlayouts` (`id`, `type`, `dateCreated`, `dateUpdated`, `uid`) VALUES
 ('1', 'Tag', '2017-08-25 21:30:03', '2017-08-25 21:30:03', '5661d5d9-383f-4bed-b283-3c36355b7b41'),
 ('7', 'Asset', '2017-09-03 20:55:34', '2017-09-03 20:55:34', '799ad8d4-859c-4256-aece-84d097239c91'),
 ('10', 'Asset', '2017-09-03 20:58:09', '2017-09-03 20:58:09', '7e454533-b7ac-4902-99c6-d2d17ea10ca6'),
 ('14', 'Category', '2017-09-03 21:04:25', '2017-09-03 21:04:25', 'ace41cca-b318-472c-9202-515d490f6986'),
 ('27', 'Asset', '2017-09-03 23:05:45', '2017-09-03 23:05:45', 'cc493ead-d534-436c-bcaf-7c44069d3a82'),
 ('31', 'Asset', '2017-09-04 07:49:50', '2017-09-04 07:49:50', '4d585cb2-ffab-4613-8cef-a485afcf8ef2'),
 ('35', 'Entry', '2017-09-04 10:57:27', '2017-09-04 10:57:27', 'b6a39fe6-830a-4aed-a256-02317a8214e4'),
 ('37', 'Entry', '2017-09-04 11:07:49', '2017-09-04 11:07:49', '5a05d481-3dfa-468c-9ffd-b2f45f636c59'),
 ('47', 'Entry', '2017-09-04 13:22:26', '2017-09-04 13:22:26', '3f569dba-1195-4785-8043-9d2e1616e881'),
 ('52', 'Entry', '2017-09-04 13:26:11', '2017-09-04 13:26:11', '9a5e3706-c0d0-4279-b280-57a90476035b'),
 ('53', 'Entry', '2017-09-04 13:26:27', '2017-09-04 13:26:27', '4873500b-910e-4b5e-9202-76f7ba2603ec'),
 ('56', 'Asset', '2017-09-04 15:47:23', '2017-09-04 15:47:23', '796726ac-e8bd-4165-91ca-9d9e643bf79a'),
 ('57', 'Category', '2017-09-05 07:47:41', '2017-09-05 07:47:41', '16be3fbf-ddf7-4498-8c39-137c29c75309'),
 ('59', 'Entry', '2017-09-05 07:51:11', '2017-09-05 07:51:11', '950e4fd3-8e5b-4b6d-832e-bfaa48f6f01d'),
 ('60', 'Category', '2017-09-05 22:44:24', '2017-09-05 22:44:24', '99edba03-1bfd-4566-8030-71dda288fbe8'),
 ('61', 'Category', '2017-09-05 22:44:38', '2017-09-05 22:44:38', 'f98f83a8-68dc-4038-871b-027e1afc74bd'),
 ('62', 'Entry', '2017-09-05 22:48:53', '2017-09-05 22:48:53', 'ed35d75e-41cd-45d2-bcee-f8c6c29796d7'),
 ('72', 'Entry', '2017-09-06 09:02:32', '2017-09-06 09:02:32', '8470fc41-40da-49c7-a52d-7da28f537f52'),
 ('73', 'Entry', '2017-09-06 09:02:48', '2017-09-06 09:02:48', '5f1d7a91-481d-4f84-ae1e-fd12b08100e0'),
 ('76', 'Entry', '2017-09-06 10:47:57', '2017-09-06 10:47:57', 'a42d8cb1-b2f8-4175-a9b7-191120475dd3'),
 ('77', 'Entry', '2017-09-06 12:11:50', '2017-09-06 12:11:50', '0c33f7dc-87de-4344-8c35-a864d9fe1f5c'),
 ('79', 'Entry', '2017-09-06 13:40:23', '2017-09-06 13:40:23', 'b8e5f883-a185-4838-b3b8-2dcf4c9ef331'),
 ('80', 'Asset', '2017-09-06 13:49:42', '2017-09-06 13:49:42', '03b62294-5ac1-4ae5-8234-26e2d2c5a8e1');



DROP TABLE IF EXISTS `craft_fieldlayouttabs`;


--
-- Schema for table `craft_fieldlayouttabs`
--
CREATE TABLE `craft_fieldlayouttabs` (
  `id` int(11) NOT NULL AUTO_INCREMENT,
  `layoutId` int(11) NOT NULL,
  `name` varchar(255) COLLATE utf8_unicode_ci NOT NULL,
  `sortOrder` smallint(6) unsigned DEFAULT NULL,
  `dateCreated` datetime NOT NULL,
  `dateUpdated` datetime NOT NULL,
  `uid` char(36) COLLATE utf8_unicode_ci NOT NULL DEFAULT '0',
  PRIMARY KEY (`id`),
  KEY `craft_fieldlayouttabs_sortOrder_idx` (`sortOrder`),
  KEY `craft_fieldlayouttabs_layoutId_fk` (`layoutId`)
) ENGINE=InnoDB AUTO_INCREMENT=45 DEFAULT CHARSET=utf8 COLLATE=utf8_unicode_ci;

--
-- Data for table `craft_fieldlayouttabs`
--

INSERT INTO `craft_fieldlayouttabs` (`id`, `layoutId`, `name`, `sortOrder`, `dateCreated`, `dateUpdated`, `uid`) VALUES
 ('14', '35', 'About', '1', '2017-09-04 10:57:27', '2017-09-04 10:57:27', 'f78b640e-59fe-4553-996a-5006cce880cf'),
 ('15', '37', 'statistic', '1', '2017-09-04 11:07:49', '2017-09-04 11:07:49', '36b29781-7b03-44c9-a8e6-99613ee217b8'),
 ('23', '47', 'skills', '1', '2017-09-04 13:22:26', '2017-09-04 13:22:26', '9a8a399b-0e59-48f5-a1aa-26ac24596df2'),
 ('25', '59', 'header', '1', '2017-09-05 07:51:11', '2017-09-05 07:51:11', '8607dd3c-e5a7-4d65-ad8f-df6e18e3b244'),
 ('26', '60', 'skills', '1', '2017-09-05 22:44:24', '2017-09-05 22:44:24', 'acd71e44-846b-4d44-962b-961123673a36'),
 ('27', '62', 'hireMe', '1', '2017-09-05 22:48:53', '2017-09-05 22:48:53', '97742342-64e2-4e57-8e2d-d32db758eb4e'),
 ('34', '72', 'resume', '1', '2017-09-06 09:02:32', '2017-09-06 09:02:32', '57870788-8244-4efc-aa76-2786c698dc93'),
 ('35', '72', 'wow', '2', '2017-09-06 09:02:32', '2017-09-06 09:02:32', 'fa2f824c-8c95-4a25-a5ce-a076822809d7'),
 ('36', '73', 'resume', '1', '2017-09-06 09:02:48', '2017-09-06 09:02:48', 'ce516ead-2345-4f69-b413-4b7204dde488'),
 ('37', '73', 'wow', '2', '2017-09-06 09:02:48', '2017-09-06 09:02:48', '4c6e63b6-3977-4729-b708-77b2f2fcc443'),
 ('41', '76', 'services', '1', '2017-09-06 10:47:57', '2017-09-06 10:47:57', '606ebadd-43cb-466f-b3a1-da10b1f3c954'),
 ('42', '76', 'wow', '2', '2017-09-06 10:47:57', '2017-09-06 10:47:57', 'b080f2ee-e55c-4995-a789-9eeb01298bf9'),
 ('43', '77', 'Portfolio item', '1', '2017-09-06 12:11:50', '2017-09-06 12:11:50', '6b8e3a60-dab8-49e6-9610-661b35d074ff'),
 ('44', '79', 'Content', '1', '2017-09-06 13:40:23', '2017-09-06 13:40:23', 'db816220-a100-4b53-a6c3-4e13b8ab8e9a');



DROP TABLE IF EXISTS `craft_fields`;


--
-- Schema for table `craft_fields`
--
CREATE TABLE `craft_fields` (
  `id` int(11) NOT NULL AUTO_INCREMENT,
  `groupId` int(11) DEFAULT NULL,
  `name` varchar(255) COLLATE utf8_unicode_ci NOT NULL,
  `handle` varchar(58) COLLATE utf8_unicode_ci NOT NULL,
  `context` varchar(255) COLLATE utf8_unicode_ci NOT NULL DEFAULT 'global',
  `instructions` text COLLATE utf8_unicode_ci,
  `translatable` tinyint(1) unsigned NOT NULL DEFAULT '0',
  `type` varchar(150) COLLATE utf8_unicode_ci NOT NULL,
  `settings` text COLLATE utf8_unicode_ci,
  `dateCreated` datetime NOT NULL,
  `dateUpdated` datetime NOT NULL,
  `uid` char(36) COLLATE utf8_unicode_ci NOT NULL DEFAULT '0',
  PRIMARY KEY (`id`),
  UNIQUE KEY `craft_fields_handle_context_unq_idx` (`handle`,`context`),
  KEY `craft_fields_context_idx` (`context`),
  KEY `craft_fields_groupId_fk` (`groupId`)
) ENGINE=InnoDB AUTO_INCREMENT=53 DEFAULT CHARSET=utf8 COLLATE=utf8_unicode_ci;

--
-- Data for table `craft_fields`
--

INSERT INTO `craft_fields` (`id`, `groupId`, `name`, `handle`, `context`, `instructions`, `translatable`, `type`, `settings`, `dateCreated`, `dateUpdated`, `uid`) VALUES
 ('1', '1', 'Body', 'body', 'global', NULL, '1', 'RichText', '{\"configFile\":\"Standard.json\",\"columnType\":\"text\"}', '2017-08-25 21:30:03', '2017-08-25 21:30:03', '1175d233-a543-4eb6-8e7d-fdf55a51e2f6'),
 ('2', '1', 'Tags', 'tags', 'global', NULL, '0', 'Tags', '{\"source\":\"taggroup:1\"}', '2017-08-25 21:30:03', '2017-08-25 21:30:03', '72f83977-b924-4d93-8bb0-249151b2d371'),
 ('3', '2', 'portfolio type', 'portfolioType', 'global', '', '0', 'Categories', '{\"source\":\"group:1\",\"limit\":\"1\",\"selectionLabel\":\"voeg een portfolio type toe\"}', '2017-09-03 21:06:23', '2017-09-03 21:06:23', '45231181-478f-4e94-bd9f-c3ff79dde47a'),
 ('4', '2', 'portfolio image', 'portfolioImage', 'global', '', '0', 'Assets', '{\"useSingleFolder\":\"\",\"sources\":[\"folder:3\"],\"defaultUploadLocationSource\":\"3\",\"defaultUploadLocationSubpath\":\"\",\"singleUploadLocationSource\":\"2\",\"singleUploadLocationSubpath\":\"\",\"restrictFiles\":\"1\",\"allowedKinds\":[\"image\"],\"limit\":\"1\",\"viewMode\":\"list\",\"selectionLabel\":\"Voeg een afbeelding toe aan je portfolio item\"}', '2017-09-03 21:07:31', '2017-09-03 21:07:31', '71803eca-2d7f-4219-ba60-2eaf857e5c23'),
 ('5', '2', 'portfolio summary', 'portfolioSummary', 'global', 'Voeg hier een verhaaltje over het portfolio item toe', '0', 'PlainText', '{\"placeholder\":\"\",\"maxLength\":\"\",\"multiline\":\"\",\"initialRows\":\"4\"}', '2017-09-03 21:08:23', '2017-09-03 21:08:23', '964b1007-17b2-44dc-a868-785c1d0dabb9'),
 ('6', '3', 'person intro', 'personIntro', 'global', '', '0', 'PlainText', '{\"placeholder\":\"\",\"maxLength\":\"\",\"multiline\":\"\",\"initialRows\":\"4\"}', '2017-09-03 23:12:52', '2017-09-03 23:13:25', '29bfec8e-f908-403e-982b-d68ba216a225'),
 ('7', '3', 'text info', 'textInfo', 'global', '', '0', 'PlainText', '{\"placeholder\":\"\",\"maxLength\":\"\",\"multiline\":\"\",\"initialRows\":\"4\"}', '2017-09-03 23:13:07', '2017-09-03 23:13:07', '3e7197bd-76c7-43d7-b640-1cdae566edd5'),
 ('8', '3', 'about image', 'aboutImage', 'global', '', '0', 'Assets', '{\"useSingleFolder\":\"\",\"sources\":[\"folder:2\"],\"defaultUploadLocationSource\":\"2\",\"defaultUploadLocationSubpath\":\"\",\"singleUploadLocationSource\":\"2\",\"singleUploadLocationSubpath\":\"\",\"restrictFiles\":\"1\",\"allowedKinds\":[\"image\"],\"limit\":\"1\",\"viewMode\":\"list\",\"selectionLabel\":\"\"}', '2017-09-03 23:14:14', '2017-09-03 23:14:14', '6c53a1d8-47d1-4b00-a2dd-74d06c3944b0'),
 ('9', '1', 'facebook', 'facebook', 'global', '', '0', 'PlainText', '{\"placeholder\":\"\",\"maxLength\":\"\",\"multiline\":\"\",\"initialRows\":\"4\"}', '2017-09-04 07:52:18', '2017-09-04 07:52:44', '889a29a5-6e20-4431-8788-2098a98c90a9'),
 ('10', '1', 'twitter', 'twitter', 'global', '', '0', 'PlainText', '{\"placeholder\":\"\",\"maxLength\":\"\",\"multiline\":\"\",\"initialRows\":\"4\"}', '2017-09-04 07:52:35', '2017-09-04 07:52:35', '77bb9885-1e15-4053-9b7e-459ede807a13'),
 ('11', '1', 'youtube', 'youtube', 'global', '', '0', 'PlainText', '{\"placeholder\":\"\",\"maxLength\":\"\",\"multiline\":\"\",\"initialRows\":\"4\"}', '2017-09-04 07:52:52', '2017-09-04 07:52:52', '8989705b-94fe-44c2-bd8e-b50a710a2faa'),
 ('12', '1', 'linkedin', 'linkedin', 'global', '', '0', 'PlainText', '{\"placeholder\":\"\",\"maxLength\":\"\",\"multiline\":\"\",\"initialRows\":\"4\"}', '2017-09-04 07:53:00', '2017-09-04 07:53:00', 'b612426c-d4e6-4c76-9f81-c991ae4eb96b'),
 ('13', '3', 'full name', 'fullName', 'global', '', '0', 'PlainText', '{\"placeholder\":\"\",\"maxLength\":\"\",\"multiline\":\"\",\"initialRows\":\"4\"}', '2017-09-04 07:59:56', '2017-09-04 07:59:56', '85b228af-a9bb-4d95-a642-65c35d581e88'),
 ('14', '3', 'date of birth', 'dateOfBirth', 'global', '', '0', 'PlainText', '{\"placeholder\":\"\",\"maxLength\":\"\",\"multiline\":\"\",\"initialRows\":\"4\"}', '2017-09-04 08:00:08', '2017-09-04 08:00:08', 'ac10fb02-9588-409e-bac3-c48eeb1a3dc4'),
 ('15', '3', 'Address', 'address', 'global', '', '0', 'PlainText', '{\"placeholder\":\"\",\"maxLength\":\"\",\"multiline\":\"\",\"initialRows\":\"4\"}', '2017-09-04 08:01:35', '2017-09-04 08:01:35', 'ec7153c8-bdaf-469c-b10b-0b05ebfa47b8'),
 ('16', '3', 'E-Mail', 'eMail', 'global', '', '0', 'PlainText', '{\"placeholder\":\"\",\"maxLength\":\"\",\"multiline\":\"\",\"initialRows\":\"4\"}', '2017-09-04 08:01:51', '2017-09-04 08:01:51', 'c13b5c30-f982-4066-a4a8-d8fae5f4ba53'),
 ('17', '3', 'Phone', 'phone', 'global', '', '0', 'PlainText', '{\"placeholder\":\"\",\"maxLength\":\"\",\"multiline\":\"\",\"initialRows\":\"4\"}', '2017-09-04 08:01:57', '2017-09-04 08:01:57', '10bdbaf7-68d3-4716-847b-1ec80ab247c4'),
 ('18', '3', 'Nationality', 'nationality', 'global', '', '0', 'PlainText', '{\"placeholder\":\"\",\"maxLength\":\"\",\"multiline\":\"\",\"initialRows\":\"4\"}', '2017-09-04 08:02:04', '2017-09-04 08:02:04', '4dd27498-762c-42c3-8f0d-3be307b6c6e1'),
 ('19', '3', 'resume download link', 'resumeDownloadLink', 'global', '', '0', 'PlainText', '{\"placeholder\":\"\",\"maxLength\":\"\",\"multiline\":\"\",\"initialRows\":\"4\"}', '2017-09-04 10:57:17', '2017-09-04 10:57:17', '32bc8d9f-7d30-4024-b8f9-8f159592a986'),
 ('20', '4', 'rate per hour', 'ratePerHour', 'global', '', '0', 'Number', '{\"min\":\"0\",\"max\":\"\",\"decimals\":\"0\"}', '2017-09-04 11:06:16', '2017-09-04 11:07:14', '35596709-e9d0-4ec7-9a17-13c0152265dd'),
 ('21', '4', 'Experience in years', 'experienceInYears', 'global', '', '0', 'Number', '{\"min\":\"0\",\"max\":\"\",\"decimals\":\"0\"}', '2017-09-04 11:07:03', '2017-09-04 11:07:03', '637af963-233f-45bf-aa6f-a48cca8dda5a'),
 ('22', '4', 'Projects done', 'projectsDone', 'global', '', '0', 'Number', '{\"min\":\"0\",\"max\":\"\",\"decimals\":\"0\"}', '2017-09-04 11:07:36', '2017-09-04 11:07:36', '163d9a61-597a-4286-afb6-b4eb7bd98979'),
 ('24', '5', 'skillCategory', 'skillcategory', 'global', '', '0', 'Categories', '{\"source\":\"group:2\",\"limit\":\"\",\"selectionLabel\":\"\"}', '2017-09-04 12:43:08', '2017-09-04 12:43:08', '71b1e22f-8353-489d-a567-4205ee530a90'),
 ('25', '5', 'skillPercentage', 'skillpercentage', 'global', '', '0', 'Number', '{\"min\":\"0\",\"max\":\"\",\"decimals\":\"0\"}', '2017-09-04 12:47:58', '2017-09-04 12:47:58', '472a645c-3b99-49fb-ac4c-2f089d0bacb2'),
 ('27', '5', 'skill position', 'skillPosition', 'global', '', '0', 'Number', '{\"min\":\"0\",\"max\":\"\",\"decimals\":\"0\"}', '2017-09-04 13:19:22', '2017-09-04 13:19:22', '45c43247-b682-4598-99d5-f94a1783f243'),
 ('30', '6', 'youtube background video', 'youtubeBackgroundVideo', 'global', '', '0', 'PlainText', '{\"placeholder\":\"\",\"maxLength\":\"\",\"multiline\":\"\",\"initialRows\":\"4\"}', '2017-09-05 07:45:03', '2017-09-05 07:45:03', '7a8242f5-c4b2-415c-9a74-80e4e2fecc69'),
 ('31', '6', 'home title', 'homeTitle', 'global', '', '0', 'PlainText', '{\"placeholder\":\"\",\"maxLength\":\"\",\"multiline\":\"\",\"initialRows\":\"4\"}', '2017-09-05 07:46:39', '2017-09-05 07:46:39', '971392cb-1900-4ded-bac5-de3afbe9d78a'),
 ('32', '6', 'header category', 'headerCategory', 'global', '', '0', 'Categories', '{\"source\":\"group:3\",\"limit\":\"\",\"selectionLabel\":\"\"}', '2017-09-05 07:48:49', '2017-09-05 07:48:49', '0d702c45-61e8-4b2a-a791-14d9ab4494f8'),
 ('33', '8', 'Head Text', 'headText', 'global', '', '0', 'PlainText', '{\"placeholder\":\"\",\"maxLength\":\"\",\"multiline\":\"\",\"initialRows\":\"4\"}', '2017-09-05 22:46:10', '2017-09-05 22:46:42', 'bd9aca12-68aa-4f05-bf7e-00aa98882d96'),
 ('34', '8', 'Paragraph Text', 'paragraphText', 'global', '', '0', 'PlainText', '{\"placeholder\":\"\",\"maxLength\":\"\",\"multiline\":\"\",\"initialRows\":\"4\"}', '2017-09-05 22:46:33', '2017-09-05 22:46:33', '5749c6cf-5f95-4198-bfea-b02d41be1bde'),
 ('35', '8', 'Contact Text', 'contactText', 'global', '', '0', 'PlainText', '{\"placeholder\":\"\",\"maxLength\":\"\",\"multiline\":\"\",\"initialRows\":\"4\"}', '2017-09-05 22:47:55', '2017-09-05 22:47:55', '48290fa9-95b1-4242-9b92-494f627bce5d'),
 ('36', '7', 'date', 'date', 'global', '', '0', 'Date', '{\"minuteIncrement\":\"30\",\"showDate\":1,\"showTime\":0}', '2017-09-06 08:31:45', '2017-09-06 08:31:45', 'efedb090-c7fa-41b1-9130-7d5f9a463ff3'),
 ('37', '7', 'timeline title', 'timelineTitle', 'global', '', '0', 'PlainText', '{\"placeholder\":\"\",\"maxLength\":\"\",\"multiline\":\"\",\"initialRows\":\"4\"}', '2017-09-06 08:31:58', '2017-09-06 08:31:58', 'f0fa3efb-9e2d-44f3-9552-d6ead33a90f7'),
 ('38', '7', 'timeline paragraph', 'timelineParagraph', 'global', '', '0', 'PlainText', '{\"placeholder\":\"\",\"maxLength\":\"\",\"multiline\":\"\",\"initialRows\":\"4\"}', '2017-09-06 08:32:09', '2017-09-06 08:32:09', '9de4fccb-b6f2-4754-a3fe-e7a863fa7fe6'),
 ('39', '7', 'date position', 'datePosition', 'global', '', '0', 'Dropdown', '{\"options\":[{\"label\":\"right date\",\"value\":\"fadeInRight\",\"default\":\"\"},{\"label\":\"left date\",\"value\":\"fadeInLeft\",\"default\":\"\"}]}', '2017-09-06 08:33:43', '2017-09-06 08:33:43', 'f362dcd7-7fe5-4765-9269-285c28a4944b'),
 ('40', '7', 'text position', 'textPosition', 'global', '', '0', 'Dropdown', '{\"options\":[{\"label\":\"left text\",\"value\":\"fadeInLeft\",\"default\":\"\"},{\"label\":\"right text\",\"value\":\"fadeInRight\",\"default\":\"\"}]}', '2017-09-06 08:35:05', '2017-09-06 08:35:05', 'f8eed578-754f-4911-8d30-f2cf8fc7f1d4'),
 ('41', '7', 'timeline reset', 'timelineReset', 'global', '', '0', 'Checkboxes', '{\"options\":[{\"label\":\"timeline reset\",\"value\":\"timeline-reset\",\"default\":\"\"}]}', '2017-09-06 08:35:44', '2017-09-06 08:51:33', '8a71e378-2479-432b-a17b-08dbb451f75b'),
 ('44', '7', 'date in text', 'dateInText', 'global', '', '0', 'PlainText', '{\"placeholder\":\"\",\"maxLength\":\"\",\"multiline\":\"\",\"initialRows\":\"4\"}', '2017-09-06 08:49:08', '2017-09-06 08:49:08', '5efd3b76-0e69-4cc9-aab6-648e2d3f7458'),
 ('45', '10', 'wow delay', 'wowDelay', 'global', '', '0', 'Dropdown', '{\"options\":[{\"label\":\"200ms\",\"value\":\"200ms\",\"default\":\"1\"},{\"label\":\"400ms\",\"value\":\"400ms\",\"default\":\"\"},{\"label\":\"600ms\",\"value\":\"600ms\",\"default\":\"\"},{\"label\":\"800ms\",\"value\":\"800ms\",\"default\":\"\"},{\"label\":\"1000ms\",\"value\":\"1000ms\",\"default\":\"\"}]}', '2017-09-06 09:00:32', '2017-09-06 10:48:32', 'c0fcf090-c8b5-4e2c-a2a0-b48f2a85d3c9'),
 ('46', '10', 'wow duration', 'wowDuration', 'global', '', '0', 'Dropdown', '{\"options\":[{\"label\":\"2 seconden\",\"value\":\".2s\",\"default\":\"\"},{\"label\":\"4 seconden\",\"value\":\".4s\",\"default\":\"\"},{\"label\":\"6 seconden\",\"value\":\".6s\",\"default\":\"\"},{\"label\":\"8 seconden\",\"value\":\".8s\",\"default\":\"1\"}]}', '2017-09-06 09:01:42', '2017-09-06 10:49:00', 'b7f46fb5-1463-48e1-bb1b-87334ec629b7'),
 ('47', '9', 'services title', 'servicesTitle', 'global', '', '0', 'PlainText', '{\"placeholder\":\"\",\"maxLength\":\"\",\"multiline\":\"\",\"initialRows\":\"4\"}', '2017-09-06 10:44:41', '2017-09-06 10:44:41', '50bb90d1-ec7b-4d5b-b0fc-62db2e3a73d1'),
 ('48', '9', 'services paragraph', 'servicesParagraph', 'global', '', '0', 'PlainText', '{\"placeholder\":\"\",\"maxLength\":\"\",\"multiline\":\"\",\"initialRows\":\"4\"}', '2017-09-06 10:45:01', '2017-09-06 10:45:01', '452cde4e-f74a-4f9e-ab3a-c9670ff2bc1b'),
 ('49', '9', 'fontawesome', 'fontawesome', 'global', '', '0', 'PlainText', '{\"placeholder\":\"\",\"maxLength\":\"\",\"multiline\":\"\",\"initialRows\":\"4\"}', '2017-09-06 10:45:43', '2017-09-06 10:45:43', 'dc67c014-7891-4764-8abd-6c99ba773786'),
 ('50', '2', 'portfolio url', 'portfolioUrl', 'global', '', '0', 'PlainText', '{\"placeholder\":\"\",\"maxLength\":\"\",\"multiline\":\"\",\"initialRows\":\"4\"}', '2017-09-06 11:13:50', '2017-09-06 11:14:04', '8cf84258-43a1-4cca-8191-6eb0b41013db'),
 ('51', '2', 'portfolio animation youtube video', 'portfolioAnimationYoutubeVideo', 'global', '', '0', 'PlainText', '{\"placeholder\":\"\",\"maxLength\":\"\",\"multiline\":\"\",\"initialRows\":\"4\"}', '2017-09-06 11:14:17', '2017-09-06 11:14:40', '585ee676-4650-4707-9b07-d61d7238a3ea'),
 ('52', '11', 'favicon', 'favicon', 'global', '', '0', 'Assets', '{\"useSingleFolder\":\"\",\"sources\":[\"folder:5\"],\"defaultUploadLocationSource\":\"5\",\"defaultUploadLocationSubpath\":\"\",\"singleUploadLocationSource\":\"2\",\"singleUploadLocationSubpath\":\"\",\"restrictFiles\":\"1\",\"allowedKinds\":[\"image\"],\"limit\":\"\",\"viewMode\":\"list\",\"selectionLabel\":\"\"}', '2017-09-06 13:39:33', '2017-09-06 13:39:33', 'f47b2acf-65ee-4b69-badd-8334183f2777');



DROP TABLE IF EXISTS `craft_globalsets`;


--
-- Schema for table `craft_globalsets`
--
CREATE TABLE `craft_globalsets` (
  `id` int(11) NOT NULL,
  `name` varchar(255) COLLATE utf8_unicode_ci NOT NULL,
  `handle` varchar(255) COLLATE utf8_unicode_ci NOT NULL,
  `fieldLayoutId` int(10) DEFAULT NULL,
  `dateCreated` datetime NOT NULL,
  `dateUpdated` datetime NOT NULL,
  `uid` char(36) COLLATE utf8_unicode_ci NOT NULL DEFAULT '0',
  PRIMARY KEY (`id`),
  UNIQUE KEY `craft_globalsets_name_unq_idx` (`name`),
  UNIQUE KEY `craft_globalsets_handle_unq_idx` (`handle`),
  KEY `craft_globalsets_fieldLayoutId_fk` (`fieldLayoutId`)
) ENGINE=InnoDB DEFAULT CHARSET=utf8 COLLATE=utf8_unicode_ci;

DROP TABLE IF EXISTS `craft_info`;


--
-- Schema for table `craft_info`
--
CREATE TABLE `craft_info` (
  `id` int(11) NOT NULL AUTO_INCREMENT,
  `version` varchar(50) COLLATE utf8_unicode_ci NOT NULL,
  `schemaVersion` varchar(15) COLLATE utf8_unicode_ci NOT NULL,
  `edition` tinyint(1) unsigned NOT NULL DEFAULT '0',
  `siteName` varchar(100) COLLATE utf8_unicode_ci NOT NULL,
  `siteUrl` varchar(255) COLLATE utf8_unicode_ci NOT NULL,
  `timezone` varchar(30) COLLATE utf8_unicode_ci DEFAULT NULL,
  `on` tinyint(1) unsigned NOT NULL DEFAULT '0',
  `maintenance` tinyint(1) unsigned NOT NULL DEFAULT '0',
  `dateCreated` datetime NOT NULL,
  `dateUpdated` datetime NOT NULL,
  `uid` char(36) COLLATE utf8_unicode_ci NOT NULL DEFAULT '0',
  PRIMARY KEY (`id`)
) ENGINE=InnoDB AUTO_INCREMENT=2 DEFAULT CHARSET=utf8 COLLATE=utf8_unicode_ci;

--
-- Data for table `craft_info`
--

INSERT INTO `craft_info` (`id`, `version`, `schemaVersion`, `edition`, `siteName`, `siteUrl`, `timezone`, `on`, `maintenance`, `dateCreated`, `dateUpdated`, `uid`) VALUES
 ('1', '2.6.2999', '2.6.12', '0', 'remcohoeneveld', 'http://remcohoeneveld.nl', 'UTC', '1', '1', '2017-08-25 21:29:57', '2018-03-07 09:07:24', '52c97612-0382-441b-8bae-6b6df2e2223c');



DROP TABLE IF EXISTS `craft_locales`;


--
-- Schema for table `craft_locales`
--
CREATE TABLE `craft_locales` (
  `locale` char(12) COLLATE utf8_unicode_ci NOT NULL,
  `sortOrder` smallint(6) unsigned DEFAULT NULL,
  `dateCreated` datetime NOT NULL,
  `dateUpdated` datetime NOT NULL,
  `uid` char(36) COLLATE utf8_unicode_ci NOT NULL DEFAULT '0',
  PRIMARY KEY (`locale`),
  KEY `craft_locales_sortOrder_idx` (`sortOrder`)
) ENGINE=InnoDB DEFAULT CHARSET=utf8 COLLATE=utf8_unicode_ci;

--
-- Data for table `craft_locales`
--

INSERT INTO `craft_locales` (`locale`, `sortOrder`, `dateCreated`, `dateUpdated`, `uid`) VALUES
 ('nl', '1', '2017-08-25 21:29:57', '2017-08-25 21:29:57', '4ec3f9c2-9247-4880-a799-c6ac984a10e4');



DROP TABLE IF EXISTS `craft_matrixblocks`;


--
-- Schema for table `craft_matrixblocks`
--
CREATE TABLE `craft_matrixblocks` (
  `id` int(11) NOT NULL,
  `ownerId` int(11) NOT NULL,
  `fieldId` int(11) NOT NULL,
  `typeId` int(11) DEFAULT NULL,
  `sortOrder` smallint(6) unsigned DEFAULT NULL,
  `ownerLocale` char(12) COLLATE utf8_unicode_ci DEFAULT NULL,
  `dateCreated` datetime NOT NULL,
  `dateUpdated` datetime NOT NULL,
  `uid` char(36) COLLATE utf8_unicode_ci NOT NULL DEFAULT '0',
  PRIMARY KEY (`id`),
  KEY `craft_matrixblocks_ownerId_idx` (`ownerId`),
  KEY `craft_matrixblocks_fieldId_idx` (`fieldId`),
  KEY `craft_matrixblocks_typeId_idx` (`typeId`),
  KEY `craft_matrixblocks_sortOrder_idx` (`sortOrder`),
  KEY `craft_matrixblocks_ownerLocale_fk` (`ownerLocale`)
) ENGINE=InnoDB DEFAULT CHARSET=utf8 COLLATE=utf8_unicode_ci;

DROP TABLE IF EXISTS `craft_matrixblocktypes`;


--
-- Schema for table `craft_matrixblocktypes`
--
CREATE TABLE `craft_matrixblocktypes` (
  `id` int(11) NOT NULL AUTO_INCREMENT,
  `fieldId` int(11) NOT NULL,
  `fieldLayoutId` int(11) DEFAULT NULL,
  `name` varchar(255) COLLATE utf8_unicode_ci NOT NULL,
  `handle` varchar(255) COLLATE utf8_unicode_ci NOT NULL,
  `sortOrder` smallint(6) unsigned DEFAULT NULL,
  `dateCreated` datetime NOT NULL,
  `dateUpdated` datetime NOT NULL,
  `uid` char(36) COLLATE utf8_unicode_ci NOT NULL DEFAULT '0',
  PRIMARY KEY (`id`),
  UNIQUE KEY `craft_matrixblocktypes_name_fieldId_unq_idx` (`name`,`fieldId`),
  UNIQUE KEY `craft_matrixblocktypes_handle_fieldId_unq_idx` (`handle`,`fieldId`),
  KEY `craft_matrixblocktypes_fieldId_fk` (`fieldId`),
  KEY `craft_matrixblocktypes_fieldLayoutId_fk` (`fieldLayoutId`)
) ENGINE=InnoDB DEFAULT CHARSET=utf8 COLLATE=utf8_unicode_ci;

DROP TABLE IF EXISTS `craft_migrations`;


--
-- Schema for table `craft_migrations`
--
CREATE TABLE `craft_migrations` (
  `id` int(11) NOT NULL AUTO_INCREMENT,
  `pluginId` int(11) DEFAULT NULL,
  `version` varchar(255) COLLATE utf8_unicode_ci NOT NULL,
  `applyTime` datetime NOT NULL,
  `dateCreated` datetime NOT NULL,
  `dateUpdated` datetime NOT NULL,
  `uid` char(36) COLLATE utf8_unicode_ci NOT NULL DEFAULT '0',
  PRIMARY KEY (`id`),
  UNIQUE KEY `craft_migrations_version_unq_idx` (`version`),
  KEY `craft_migrations_pluginId_fk` (`pluginId`)
) ENGINE=InnoDB AUTO_INCREMENT=42 DEFAULT CHARSET=utf8 COLLATE=utf8_unicode_ci;

--
-- Data for table `craft_migrations`
--

INSERT INTO `craft_migrations` (`id`, `pluginId`, `version`, `applyTime`, `dateCreated`, `dateUpdated`, `uid`) VALUES
 ('1', NULL, 'm000000_000000_base', '2017-08-25 21:29:57', '2017-08-25 21:29:57', '2017-08-25 21:29:57', '8cb85df1-d23d-42dd-b80d-41e2346389a4'),
 ('2', NULL, 'm140730_000001_add_filename_and_format_to_transformindex', '2017-08-25 21:29:57', '2017-08-25 21:29:57', '2017-08-25 21:29:57', '782249eb-8c31-48b0-9c27-24ae422c464e'),
 ('3', NULL, 'm140815_000001_add_format_to_transforms', '2017-08-25 21:29:57', '2017-08-25 21:29:57', '2017-08-25 21:29:57', '40695f49-57d2-4820-b4b0-fe98d67c525a'),
 ('4', NULL, 'm140822_000001_allow_more_than_128_items_per_field', '2017-08-25 21:29:57', '2017-08-25 21:29:57', '2017-08-25 21:29:57', 'f8bb3f52-3f11-44ba-8443-b027d3952ec0'),
 ('5', NULL, 'm140829_000001_single_title_formats', '2017-08-25 21:29:57', '2017-08-25 21:29:57', '2017-08-25 21:29:57', '6db8fd2f-6ec5-4e00-b2c6-84df7ad332c6'),
 ('6', NULL, 'm140831_000001_extended_cache_keys', '2017-08-25 21:29:57', '2017-08-25 21:29:57', '2017-08-25 21:29:57', '2a7a7ddc-cf17-4f82-8c80-4215e8bc10f5'),
 ('7', NULL, 'm140922_000001_delete_orphaned_matrix_blocks', '2017-08-25 21:29:57', '2017-08-25 21:29:57', '2017-08-25 21:29:57', '2caf9dd5-dfab-4be1-a7b4-01ba76dfb95e'),
 ('8', NULL, 'm141008_000001_elements_index_tune', '2017-08-25 21:29:57', '2017-08-25 21:29:57', '2017-08-25 21:29:57', '021b6306-afd2-4047-895d-34a4e894d953'),
 ('9', NULL, 'm141009_000001_assets_source_handle', '2017-08-25 21:29:57', '2017-08-25 21:29:57', '2017-08-25 21:29:57', 'bb8b813f-8d7f-4522-91b9-2569e54d9bd9'),
 ('10', NULL, 'm141024_000001_field_layout_tabs', '2017-08-25 21:29:57', '2017-08-25 21:29:57', '2017-08-25 21:29:57', 'bddefaf0-94b2-4fcf-bd8d-fa20ee1c58ca'),
 ('11', NULL, 'm141030_000000_plugin_schema_versions', '2017-08-25 21:29:57', '2017-08-25 21:29:57', '2017-08-25 21:29:57', '928e8ad2-974b-46d3-a2b2-7d9daff4a98d'),
 ('12', NULL, 'm141030_000001_drop_structure_move_permission', '2017-08-25 21:29:57', '2017-08-25 21:29:57', '2017-08-25 21:29:57', '76b8ef94-c8c4-4c95-a73f-fb555a0f887f'),
 ('13', NULL, 'm141103_000001_tag_titles', '2017-08-25 21:29:57', '2017-08-25 21:29:57', '2017-08-25 21:29:57', 'f4e8c192-0184-4a2b-aef6-ba365dd41188'),
 ('14', NULL, 'm141109_000001_user_status_shuffle', '2017-08-25 21:29:57', '2017-08-25 21:29:57', '2017-08-25 21:29:57', '1f919c64-6a12-45d4-92af-494baed2ab46'),
 ('15', NULL, 'm141126_000001_user_week_start_day', '2017-08-25 21:29:57', '2017-08-25 21:29:57', '2017-08-25 21:29:57', '7559e5fe-3e2e-4943-8697-a6e12029a9d8'),
 ('16', NULL, 'm150210_000001_adjust_user_photo_size', '2017-08-25 21:29:57', '2017-08-25 21:29:57', '2017-08-25 21:29:57', '80d96483-919f-49ef-81eb-995edadac033'),
 ('17', NULL, 'm150724_000001_adjust_quality_settings', '2017-08-25 21:29:57', '2017-08-25 21:29:57', '2017-08-25 21:29:57', 'b5ef5451-b9d7-41f6-bddc-8012e14936d5'),
 ('18', NULL, 'm150827_000000_element_index_settings', '2017-08-25 21:29:57', '2017-08-25 21:29:57', '2017-08-25 21:29:57', '30a2dffa-968d-4848-b351-4f4a46c43091'),
 ('19', NULL, 'm150918_000001_add_colspan_to_widgets', '2017-08-25 21:29:57', '2017-08-25 21:29:57', '2017-08-25 21:29:57', 'bfe3f49a-e0b6-41b1-8659-7d3d1ff3d54a'),
 ('20', NULL, 'm151007_000000_clear_asset_caches', '2017-08-25 21:29:57', '2017-08-25 21:29:57', '2017-08-25 21:29:57', 'ac8872c9-ce46-4636-ac58-8f6cc2105979'),
 ('21', NULL, 'm151109_000000_text_url_formats', '2017-08-25 21:29:57', '2017-08-25 21:29:57', '2017-08-25 21:29:57', '30050023-29e4-4d63-bb80-0cd615c593cd'),
 ('22', NULL, 'm151110_000000_move_logo', '2017-08-25 21:29:57', '2017-08-25 21:29:57', '2017-08-25 21:29:57', '110e2bb2-eea4-45b9-931a-f1bca2cbca00'),
 ('23', NULL, 'm151117_000000_adjust_image_widthheight', '2017-08-25 21:29:57', '2017-08-25 21:29:57', '2017-08-25 21:29:57', '1188e63f-c642-4abe-9872-3678f00f0952'),
 ('24', NULL, 'm151127_000000_clear_license_key_status', '2017-08-25 21:29:57', '2017-08-25 21:29:57', '2017-08-25 21:29:57', 'b5cfe9d2-8d9a-4a71-b6f7-5d0bdec4ab32'),
 ('25', NULL, 'm151127_000000_plugin_license_keys', '2017-08-25 21:29:57', '2017-08-25 21:29:57', '2017-08-25 21:29:57', '591e75e0-3c2d-4d35-a5e9-9c27b08a4813'),
 ('26', NULL, 'm151130_000000_update_pt_widget_feeds', '2017-08-25 21:29:57', '2017-08-25 21:29:57', '2017-08-25 21:29:57', '584de676-64d7-4833-9755-8ffbe921205b'),
 ('27', NULL, 'm160114_000000_asset_sources_public_url_default_true', '2017-08-25 21:29:57', '2017-08-25 21:29:57', '2017-08-25 21:29:57', '8c8de074-fc6b-48bb-b35e-1a29b40a1f3a'),
 ('28', NULL, 'm160223_000000_sortorder_to_smallint', '2017-08-25 21:29:57', '2017-08-25 21:29:57', '2017-08-25 21:29:57', '246c5fca-cdf4-428f-a3d5-671caef5f884'),
 ('29', NULL, 'm160229_000000_set_default_entry_statuses', '2017-08-25 21:29:57', '2017-08-25 21:29:57', '2017-08-25 21:29:57', 'dc520459-2a6a-44f2-91eb-203f8a312569'),
 ('30', NULL, 'm160304_000000_client_permissions', '2017-08-25 21:29:57', '2017-08-25 21:29:57', '2017-08-25 21:29:57', 'fc4917cc-0356-42a5-82a0-ce3aecc94bcf'),
 ('31', NULL, 'm160322_000000_asset_filesize', '2017-08-25 21:29:57', '2017-08-25 21:29:57', '2017-08-25 21:29:57', 'e16c1161-18d5-4b97-88fb-446cc3c90575'),
 ('32', NULL, 'm160503_000000_orphaned_fieldlayouts', '2017-08-25 21:29:57', '2017-08-25 21:29:57', '2017-08-25 21:29:57', 'd1882e69-ec6e-4018-823d-23319ce386bf'),
 ('33', NULL, 'm160510_000000_tasksettings', '2017-08-25 21:29:57', '2017-08-25 21:29:57', '2017-08-25 21:29:57', 'c1b59e02-1e18-4c10-a308-597c3938dbdf'),
 ('34', NULL, 'm160829_000000_pending_user_content_cleanup', '2017-08-25 21:29:57', '2017-08-25 21:29:57', '2017-08-25 21:29:57', '94e856dd-ebf4-447e-838a-bcce9ae6a824'),
 ('35', NULL, 'm160830_000000_asset_index_uri_increase', '2017-08-25 21:29:57', '2017-08-25 21:29:57', '2017-08-25 21:29:57', 'c7bf2056-5c0a-4ecb-a34d-982920e2499f'),
 ('36', NULL, 'm160919_000000_usergroup_handle_title_unique', '2017-08-25 21:29:57', '2017-08-25 21:29:57', '2017-08-25 21:29:57', '7930847d-1b05-4dd4-8a89-7dffb1ec2051'),
 ('37', NULL, 'm161108_000000_new_version_format', '2017-08-25 21:29:57', '2017-08-25 21:29:57', '2017-08-25 21:29:57', 'cf7ed386-068b-4589-81fb-ffae080f1e31'),
 ('38', NULL, 'm161109_000000_index_shuffle', '2017-08-25 21:29:57', '2017-08-25 21:29:57', '2017-08-25 21:29:57', '1d436c0b-6e68-4b93-ba6e-890739c78f91'),
 ('39', NULL, 'm170612_000000_route_index_shuffle', '2017-08-25 21:29:57', '2017-08-25 21:29:57', '2017-08-25 21:29:57', 'b4b7188f-430d-45b6-a4ee-825f2c852163'),
 ('40', NULL, 'm171107_000000_assign_group_permissions', '2017-12-04 10:10:56', '2017-12-04 10:10:56', '2017-12-04 10:10:56', '1181d80f-3050-4886-ae5b-5d1544d87431'),
 ('41', NULL, 'm171117_000001_templatecache_index_tune', '2017-12-04 10:10:57', '2017-12-04 10:10:57', '2017-12-04 10:10:57', '1714dd68-6047-4397-a4cd-db148b4fd653');



DROP TABLE IF EXISTS `craft_plugins`;


--
-- Schema for table `craft_plugins`
--
CREATE TABLE `craft_plugins` (
  `id` int(11) NOT NULL AUTO_INCREMENT,
  `class` varchar(150) COLLATE utf8_unicode_ci NOT NULL,
  `version` varchar(15) COLLATE utf8_unicode_ci NOT NULL,
  `schemaVersion` varchar(15) COLLATE utf8_unicode_ci DEFAULT NULL,
  `licenseKey` char(24) COLLATE utf8_unicode_ci DEFAULT NULL,
  `licenseKeyStatus` enum('valid','invalid','mismatched','unknown') COLLATE utf8_unicode_ci NOT NULL DEFAULT 'unknown',
  `enabled` tinyint(1) unsigned NOT NULL DEFAULT '0',
  `settings` text COLLATE utf8_unicode_ci,
  `installDate` datetime NOT NULL,
  `dateCreated` datetime NOT NULL,
  `dateUpdated` datetime NOT NULL,
  `uid` char(36) COLLATE utf8_unicode_ci NOT NULL DEFAULT '0',
  PRIMARY KEY (`id`)
) ENGINE=InnoDB AUTO_INCREMENT=2 DEFAULT CHARSET=utf8 COLLATE=utf8_unicode_ci;

--
-- Data for table `craft_plugins`
--

INSERT INTO `craft_plugins` (`id`, `class`, `version`, `schemaVersion`, `licenseKey`, `licenseKeyStatus`, `enabled`, `settings`, `installDate`, `dateCreated`, `dateUpdated`, `uid`) VALUES
 ('1', 'ContactForm', '1.9.0', '1.0.0', NULL, 'unknown', '1', '{\"toEmail\":\"remcohoeneveld@gmail.com\",\"prependSender\":\"On behalf of\",\"prependSubject\":\"New message from remcohoeneveld\",\"allowAttachments\":\"1\",\"honeypotField\":\"\",\"successFlashMessage\":\"Your message has been sent.\"}', '2017-09-06 13:00:36', '2017-09-06 13:00:36', '2018-03-07 09:06:41', 'be65ca0f-79b8-4852-98f4-c14a52ac49f4');



DROP TABLE IF EXISTS `craft_rackspaceaccess`;


--
-- Schema for table `craft_rackspaceaccess`
--
CREATE TABLE `craft_rackspaceaccess` (
  `id` int(11) NOT NULL AUTO_INCREMENT,
  `connectionKey` varchar(255) COLLATE utf8_unicode_ci NOT NULL,
  `token` varchar(255) COLLATE utf8_unicode_ci NOT NULL,
  `storageUrl` varchar(255) COLLATE utf8_unicode_ci NOT NULL,
  `cdnUrl` varchar(255) COLLATE utf8_unicode_ci NOT NULL,
  `dateCreated` datetime NOT NULL,
  `dateUpdated` datetime NOT NULL,
  `uid` char(36) COLLATE utf8_unicode_ci NOT NULL DEFAULT '0',
  PRIMARY KEY (`id`),
  UNIQUE KEY `craft_rackspaceaccess_connectionKey_unq_idx` (`connectionKey`)
) ENGINE=InnoDB DEFAULT CHARSET=utf8 COLLATE=utf8_unicode_ci;

DROP TABLE IF EXISTS `craft_relations`;


--
-- Schema for table `craft_relations`
--
CREATE TABLE `craft_relations` (
  `id` int(11) NOT NULL AUTO_INCREMENT,
  `fieldId` int(11) NOT NULL,
  `sourceId` int(11) NOT NULL,
  `sourceLocale` char(12) COLLATE utf8_unicode_ci DEFAULT NULL,
  `targetId` int(11) NOT NULL,
  `sortOrder` smallint(6) DEFAULT NULL,
  `dateCreated` datetime NOT NULL,
  `dateUpdated` datetime NOT NULL,
  `uid` char(36) COLLATE utf8_unicode_ci NOT NULL DEFAULT '0',
  PRIMARY KEY (`id`),
  UNIQUE KEY `craft_relations_fieldId_sourceId_sourceLocale_targetId_unq_idx` (`fieldId`,`sourceId`,`sourceLocale`,`targetId`),
  KEY `craft_relations_sourceId_fk` (`sourceId`),
  KEY `craft_relations_sourceLocale_fk` (`sourceLocale`),
  KEY `craft_relations_targetId_fk` (`targetId`)
) ENGINE=InnoDB AUTO_INCREMENT=325 DEFAULT CHARSET=utf8 COLLATE=utf8_unicode_ci;

--
-- Data for table `craft_relations`
--

INSERT INTO `craft_relations` (`id`, `fieldId`, `sourceId`, `sourceLocale`, `targetId`, `sortOrder`, `dateCreated`, `dateUpdated`, `uid`) VALUES
 ('89', '52', '2', NULL, '69', '1', '2017-09-06 13:41:49', '2017-09-06 13:41:49', '5dcf66f1-e2f3-45aa-a876-00e55530f950'),
 ('112', '24', '50', NULL, '45', '1', '2017-09-06 16:18:32', '2017-09-06 16:18:32', '4a7146b2-f00a-4f4e-8b19-8dc5ebd78b94'),
 ('113', '24', '50', NULL, '46', '2', '2017-09-06 16:18:32', '2017-09-06 16:18:32', 'ec4d0a38-484f-46cd-927b-841fc382b801'),
 ('114', '24', '50', NULL, '48', '3', '2017-09-06 16:18:32', '2017-09-06 16:18:32', '7def326b-d54a-440c-bb49-bf48b30dbf65'),
 ('115', '24', '50', NULL, '49', '4', '2017-09-06 16:18:32', '2017-09-06 16:18:32', '112f7cc1-660e-4871-bf3d-e733bcefa356'),
 ('223', '3', '103', NULL, '30', '1', '2017-09-11 11:59:05', '2017-09-11 11:59:05', '7d744f4a-dc2e-41cc-916e-6361045c08e6'),
 ('224', '4', '103', NULL, '80', '1', '2017-09-11 11:59:05', '2017-09-11 11:59:05', 'bd0edb0c-36eb-4fa1-a1e8-d78b8087859f'),
 ('225', '2', '103', NULL, '100', '1', '2017-09-11 11:59:05', '2017-09-11 11:59:05', 'bfce7bb8-6237-4c85-afdd-95cac964b6f4'),
 ('226', '2', '103', NULL, '85', '2', '2017-09-11 11:59:05', '2017-09-11 11:59:05', '9763d5a3-b3b7-48d7-b13d-9f99b3fb4038'),
 ('227', '2', '103', NULL, '101', '3', '2017-09-11 11:59:05', '2017-09-11 11:59:05', '61c1756a-411d-476f-a0a1-bfc9c521c22f'),
 ('228', '2', '103', NULL, '102', '4', '2017-09-11 11:59:05', '2017-09-11 11:59:05', 'd82b4982-3362-4d5a-9ea3-7d952389f9e3'),
 ('229', '3', '98', NULL, '31', '1', '2017-09-11 11:59:11', '2017-09-11 11:59:11', 'ce475e69-55d4-4f63-acfe-b35fe68ae121'),
 ('230', '4', '98', NULL, '83', '1', '2017-09-11 11:59:11', '2017-09-11 11:59:11', '69727a13-4668-4b89-ab2a-d537e5cb3d8a'),
 ('231', '2', '98', NULL, '95', '1', '2017-09-11 11:59:11', '2017-09-11 11:59:11', '06dcf779-94aa-4954-9915-4bab84184695'),
 ('232', '2', '98', NULL, '96', '2', '2017-09-11 11:59:11', '2017-09-11 11:59:11', 'd4affbf2-514e-4bb1-bb32-3bd77e3f9f80'),
 ('233', '2', '98', NULL, '97', '3', '2017-09-11 11:59:11', '2017-09-11 11:59:11', 'c6e80981-16f6-4106-9c86-edeb387e5dd4'),
 ('234', '3', '91', NULL, '32', '1', '2017-09-11 11:59:17', '2017-09-11 11:59:17', 'efc18118-2faa-4239-8528-f01aadb47470'),
 ('235', '4', '91', NULL, '22', '1', '2017-09-11 11:59:17', '2017-09-11 11:59:17', 'e332fde5-ae9c-46b7-a217-b18e927f337c'),
 ('236', '2', '91', NULL, '90', '1', '2017-09-11 11:59:17', '2017-09-11 11:59:17', 'b5fe7b7f-00ad-47bb-817f-ab49962d8fbe'),
 ('237', '2', '91', NULL, '35', '2', '2017-09-11 11:59:17', '2017-09-11 11:59:17', '2c36606d-9938-4201-9011-c4d15468c61b'),
 ('238', '2', '91', NULL, '72', '3', '2017-09-11 11:59:17', '2017-09-11 11:59:17', 'c6b59d63-a15b-4358-b764-f188fb23977d'),
 ('239', '3', '87', NULL, '30', '1', '2017-09-11 11:59:23', '2017-09-11 11:59:23', '07256d4f-df4e-4f35-a68e-b172c524ceba'),
 ('240', '4', '87', NULL, '89', '1', '2017-09-11 11:59:23', '2017-09-11 11:59:23', '4e985963-6cf9-4926-9e43-46ab7faa4c75'),
 ('241', '2', '87', NULL, '84', '1', '2017-09-11 11:59:23', '2017-09-11 11:59:23', '9e134ac7-6a3b-4443-829b-7805df557525'),
 ('242', '2', '87', NULL, '85', '2', '2017-09-11 11:59:23', '2017-09-11 11:59:23', '43b35ec5-307f-4d65-912e-9f7b49185f69'),
 ('243', '2', '87', NULL, '86', '3', '2017-09-11 11:59:23', '2017-09-11 11:59:23', '26cb896a-17aa-4dce-8f3e-849bec79b176'),
 ('244', '3', '79', NULL, '32', '1', '2017-09-11 11:59:28', '2017-09-11 11:59:28', '0ba191aa-da1f-49de-a7a0-e3a91f463f6e'),
 ('245', '4', '79', NULL, '21', '1', '2017-09-11 11:59:28', '2017-09-11 11:59:28', 'c2df6b34-b781-422a-bc21-2f07593d26f5'),
 ('246', '2', '79', NULL, '78', '1', '2017-09-11 11:59:28', '2017-09-11 11:59:28', '62c4a1de-d85c-46bb-a9a0-3a575deaabfd'),
 ('247', '2', '79', NULL, '35', '2', '2017-09-11 11:59:28', '2017-09-11 11:59:28', '039906b6-f569-4ef6-bc68-09c3c465e7c2'),
 ('248', '2', '79', NULL, '72', '3', '2017-09-11 11:59:28', '2017-09-11 11:59:28', '72bd5462-4f5f-4ab2-ba6d-8079bbcde312'),
 ('249', '2', '79', NULL, '71', '4', '2017-09-11 11:59:28', '2017-09-11 11:59:28', '375e5c94-f580-4471-9591-51f9aa1dff7c'),
 ('250', '3', '77', NULL, '32', '1', '2017-09-11 11:59:33', '2017-09-11 11:59:33', 'acf1cca3-fb61-4ac2-8a8f-06fa9aec7c23'),
 ('251', '4', '77', NULL, '20', '1', '2017-09-11 11:59:33', '2017-09-11 11:59:33', 'e27161b1-4805-4fd8-9e5d-ede6aad67e3f'),
 ('252', '2', '77', NULL, '76', '1', '2017-09-11 11:59:33', '2017-09-11 11:59:33', 'a1bd054d-4a48-46e3-9af9-ada19a2160ba'),
 ('253', '2', '77', NULL, '35', '2', '2017-09-11 11:59:33', '2017-09-11 11:59:33', '1bbd1084-509e-4e8f-adbc-3f5ee2927eaf'),
 ('254', '2', '77', NULL, '72', '3', '2017-09-11 11:59:33', '2017-09-11 11:59:33', '6840f49f-d0a7-4e08-9ab0-99dd0fd2b20c'),
 ('255', '2', '77', NULL, '71', '4', '2017-09-11 11:59:33', '2017-09-11 11:59:33', 'f22db974-2fb4-4d47-944a-cf6713af918c'),
 ('256', '3', '43', NULL, '32', '1', '2017-09-11 11:59:38', '2017-09-11 11:59:38', '4f8aac2c-03b2-43bc-88c5-7b5500cbd63c'),
 ('257', '4', '43', NULL, '19', '1', '2017-09-11 11:59:38', '2017-09-11 11:59:38', 'c3cf5cc6-7b7e-4484-bd36-f58630a48d8d'),
 ('258', '2', '43', NULL, '33', '1', '2017-09-11 11:59:38', '2017-09-11 11:59:38', '81a51eb2-58aa-42c0-9fba-7b9f9031def6'),
 ('259', '2', '43', NULL, '70', '2', '2017-09-11 11:59:38', '2017-09-11 11:59:38', '44c47dea-3d7e-484a-b4cf-866e0348f7ab'),
 ('260', '2', '43', NULL, '72', '3', '2017-09-11 11:59:38', '2017-09-11 11:59:38', '57d8cc48-e2e5-40d7-88cc-08a04b457f60'),
 ('266', '3', '94', NULL, '32', '1', '2017-09-11 14:14:42', '2017-09-11 14:14:42', '9838d48b-6a01-41ed-aebb-01f5823e5f17'),
 ('267', '4', '94', NULL, '93', '1', '2017-09-11 14:14:42', '2017-09-11 14:14:42', 'c3c06322-4df3-4c29-9c33-85e5c6f6d1d0'),
 ('268', '2', '94', NULL, '92', '1', '2017-09-11 14:14:42', '2017-09-11 14:14:42', 'b14f5f02-1cb8-404a-b700-4fca939c80e2'),
 ('269', '2', '94', NULL, '72', '2', '2017-09-11 14:14:42', '2017-09-11 14:14:42', 'ea558e55-eec2-4068-99b9-fda125a89e02'),
 ('270', '2', '94', NULL, '71', '3', '2017-09-11 14:14:42', '2017-09-11 14:14:42', 'bd32aa8e-cb48-4f13-b084-181f8bed896d'),
 ('280', '32', '56', NULL, '57', '1', '2017-09-12 11:50:38', '2017-09-12 11:50:38', 'fdb336b3-d04e-4124-abb0-7b1a8e1ca55d'),
 ('281', '32', '56', NULL, '58', '2', '2017-09-12 11:50:38', '2017-09-12 11:50:38', '21299680-8be0-4e8d-a50a-9d89ded21f54'),
 ('282', '32', '56', NULL, '59', '3', '2017-09-12 11:50:38', '2017-09-12 11:50:38', 'f7b60b8a-0885-4cf9-b4c1-390de48edbd1'),
 ('283', '8', '38', NULL, '104', '1', '2017-10-14 14:56:32', '2017-10-14 14:56:32', '4772d0ae-8033-4c81-beed-5d8040e8d125'),
 ('284', '3', '109', NULL, '32', '1', '2017-11-11 12:36:23', '2017-11-11 12:36:23', '671c611e-d9ca-4cc4-9d89-83031b04fb58'),
 ('285', '4', '109', NULL, '108', '1', '2017-11-11 12:36:23', '2017-11-11 12:36:23', '095a647f-b6ac-4d48-a645-8240b41530a6'),
 ('286', '2', '109', NULL, '105', '1', '2017-11-11 12:36:23', '2017-11-11 12:36:23', '3ed8cbaa-8096-4b02-bd83-e6b81e2dae9f'),
 ('287', '2', '109', NULL, '106', '2', '2017-11-11 12:36:23', '2017-11-11 12:36:23', 'cb7be717-9cb0-4b89-bc3d-7b75e115ed88'),
 ('288', '2', '109', NULL, '107', '3', '2017-11-11 12:36:23', '2017-11-11 12:36:23', '74cf1e38-9828-4a07-a480-220d0cc2d8d4'),
 ('289', '2', '109', NULL, '72', '4', '2017-11-11 12:36:23', '2017-11-11 12:36:23', '6f417c40-bbe7-46b9-99db-d3c0de15082d'),
 ('290', '2', '109', NULL, '71', '5', '2017-11-11 12:36:23', '2017-11-11 12:36:23', 'e55dcf61-4c5a-4f4b-be95-b71038917f3a'),
 ('298', '3', '114', NULL, '32', '1', '2017-11-11 12:44:48', '2017-11-11 12:44:48', '0f52b2be-7261-4f2b-9d8c-dbfb2c7e98d0'),
 ('299', '4', '114', NULL, '115', '1', '2017-11-11 12:44:48', '2017-11-11 12:44:48', 'a8baffac-2cf9-4b0f-ad03-3cf7349e2ac8'),
 ('300', '2', '114', NULL, '110', '1', '2017-11-11 12:44:48', '2017-11-11 12:44:48', '83721775-b0a5-4ce0-886d-c9b8f27cf1eb'),
 ('301', '2', '114', NULL, '111', '2', '2017-11-11 12:44:48', '2017-11-11 12:44:48', '40eb9976-8ba7-46c5-b406-9cc5ad7ed592'),
 ('302', '2', '114', NULL, '112', '3', '2017-11-11 12:44:48', '2017-11-11 12:44:48', '9ebff87c-f864-4c5f-a9ed-86010833749e'),
 ('303', '2', '114', NULL, '72', '4', '2017-11-11 12:44:48', '2017-11-11 12:44:48', '61f76a68-b8e1-4a82-a43a-51bae2171dfb'),
 ('304', '2', '114', NULL, '71', '5', '2017-11-11 12:44:48', '2017-11-11 12:44:48', '10ef020b-a767-42b1-9726-bc2ecf3eee35'),
 ('315', '3', '118', NULL, '32', '1', '2017-11-11 12:59:17', '2017-11-11 12:59:17', 'fb066725-82b6-4899-9cb7-790401551939'),
 ('316', '4', '118', NULL, '119', '1', '2017-11-11 12:59:17', '2017-11-11 12:59:17', '28e35cbb-a453-4a2a-bc0d-7dc4fcfb58cf'),
 ('317', '2', '118', NULL, '71', '1', '2017-11-11 12:59:17', '2017-11-11 12:59:17', '3392af70-2cf8-4136-8a09-6b434cc6aac6'),
 ('318', '2', '118', NULL, '72', '2', '2017-11-11 12:59:17', '2017-11-11 12:59:17', '886a75a8-06c4-41f0-a6a9-6c28485dc769'),
 ('319', '2', '118', NULL, '116', '3', '2017-11-11 12:59:17', '2017-11-11 12:59:17', 'c1a21a0c-c290-4d7d-8d42-db37fd283457'),
 ('320', '3', '123', NULL, '32', '1', '2017-11-16 13:16:50', '2017-11-16 13:16:50', '5d9c3fcf-4082-4dd5-97dd-9765b7a85315'),
 ('321', '4', '123', NULL, '122', '1', '2017-11-16 13:16:50', '2017-11-16 13:16:50', '79f42345-b418-4bde-8602-386932f0991f'),
 ('322', '2', '123', NULL, '120', '1', '2017-11-16 13:16:50', '2017-11-16 13:16:50', 'f5f81672-cfb5-4a0e-9ff8-a91b145af446'),
 ('323', '2', '123', NULL, '121', '2', '2017-11-16 13:16:50', '2017-11-16 13:16:50', '67d70b1a-c5fd-4208-a51e-47df71f59351'),
 ('324', '2', '123', NULL, '35', '3', '2017-11-16 13:16:50', '2017-11-16 13:16:50', 'b28422bf-d6cc-498c-8eb7-4d4c5aa0b793');



DROP TABLE IF EXISTS `craft_routes`;


--
-- Schema for table `craft_routes`
--
CREATE TABLE `craft_routes` (
  `id` int(11) NOT NULL AUTO_INCREMENT,
  `locale` char(12) COLLATE utf8_unicode_ci DEFAULT NULL,
  `urlParts` varchar(255) COLLATE utf8_unicode_ci NOT NULL,
  `urlPattern` varchar(255) COLLATE utf8_unicode_ci NOT NULL,
  `template` varchar(255) COLLATE utf8_unicode_ci NOT NULL,
  `sortOrder` smallint(6) unsigned DEFAULT NULL,
  `dateCreated` datetime NOT NULL,
  `dateUpdated` datetime NOT NULL,
  `uid` char(36) COLLATE utf8_unicode_ci NOT NULL DEFAULT '0',
  PRIMARY KEY (`id`),
  KEY `craft_routes_locale_idx` (`locale`),
  KEY `craft_routes_urlPattern_idx` (`urlPattern`)
) ENGINE=InnoDB DEFAULT CHARSET=utf8 COLLATE=utf8_unicode_ci;

DROP TABLE IF EXISTS `craft_searchindex`;


--
-- Schema for table `craft_searchindex`
--
CREATE TABLE `craft_searchindex` (
  `elementId` int(11) NOT NULL,
  `attribute` varchar(25) COLLATE utf8_unicode_ci NOT NULL,
  `fieldId` int(11) NOT NULL,
  `locale` char(12) COLLATE utf8_unicode_ci NOT NULL,
  `keywords` text COLLATE utf8_unicode_ci NOT NULL,
  PRIMARY KEY (`elementId`,`attribute`,`fieldId`,`locale`),
  FULLTEXT KEY `craft_searchindex_keywords_idx` (`keywords`)
) ENGINE=MyISAM DEFAULT CHARSET=utf8 COLLATE=utf8_unicode_ci;

--
-- Data for table `craft_searchindex`
--

INSERT INTO `craft_searchindex` (`elementId`, `attribute`, `fieldId`, `locale`, `keywords`) VALUES
 ('18', 'filename', '0', 'nl', ' almere png '),
 ('18', 'extension', '0', 'nl', ' png '),
 ('18', 'kind', '0', 'nl', ' image '),
 ('18', 'slug', '0', 'nl', ' almere '),
 ('18', 'title', '0', 'nl', ' almere '),
 ('20', 'filename', '0', 'nl', ' groenlinks png '),
 ('20', 'extension', '0', 'nl', ' png '),
 ('20', 'kind', '0', 'nl', ' image '),
 ('20', 'slug', '0', 'nl', ' groenlinks '),
 ('20', 'title', '0', 'nl', ' groenlinks '),
 ('21', 'filename', '0', 'nl', ' newskool png '),
 ('21', 'extension', '0', 'nl', ' png '),
 ('21', 'kind', '0', 'nl', ' image '),
 ('21', 'slug', '0', 'nl', ' newskool '),
 ('21', 'title', '0', 'nl', ' newskool '),
 ('19', 'filename', '0', 'nl', ' ghg png '),
 ('19', 'extension', '0', 'nl', ' png '),
 ('19', 'kind', '0', 'nl', ' image '),
 ('19', 'slug', '0', 'nl', ' ghg '),
 ('19', 'title', '0', 'nl', ' ghg '),
 ('22', 'filename', '0', 'nl', ' youshare png '),
 ('22', 'extension', '0', 'nl', ' png '),
 ('22', 'kind', '0', 'nl', ' image '),
 ('22', 'slug', '0', 'nl', ' youshare '),
 ('22', 'title', '0', 'nl', ' youshare '),
 ('26', 'filename', '0', 'nl', ' animation png '),
 ('26', 'extension', '0', 'nl', ' png '),
 ('26', 'kind', '0', 'nl', ' image '),
 ('26', 'slug', '0', 'nl', ' animation '),
 ('26', 'title', '0', 'nl', ' animation '),
 ('27', 'filename', '0', 'nl', ' sounddesign png '),
 ('27', 'extension', '0', 'nl', ' png '),
 ('27', 'kind', '0', 'nl', ' image '),
 ('27', 'slug', '0', 'nl', ' sounddesign '),
 ('27', 'title', '0', 'nl', ' sounddesign '),
 ('28', 'filename', '0', 'nl', ' webdevelopment png '),
 ('28', 'extension', '0', 'nl', ' png '),
 ('28', 'kind', '0', 'nl', ' image '),
 ('28', 'slug', '0', 'nl', ' webdevelopment '),
 ('28', 'title', '0', 'nl', ' webdevelopment '),
 ('104', 'slug', '0', 'nl', ' photo '),
 ('104', 'title', '0', 'nl', ' photo '),
 ('105', 'slug', '0', 'nl', ' nieuwe '),
 ('104', 'kind', '0', 'nl', ' image '),
 ('104', 'extension', '0', 'nl', ' jpg '),
 ('104', 'filename', '0', 'nl', ' photo jpg '),
 ('69', 'filename', '0', 'nl', ' r favicon png '),
 ('69', 'extension', '0', 'nl', ' png '),
 ('69', 'kind', '0', 'nl', ' image '),
 ('69', 'slug', '0', 'nl', ' r favicon '),
 ('69', 'title', '0', 'nl', ' r favicon '),
 ('80', 'filename', '0', 'nl', ' benvanderwal jpg '),
 ('80', 'extension', '0', 'nl', ' jpg '),
 ('80', 'kind', '0', 'nl', ' image '),
 ('80', 'slug', '0', 'nl', ' benvanderwal '),
 ('80', 'title', '0', 'nl', ' benvanderwal '),
 ('81', 'filename', '0', 'nl', ' indruk jpg '),
 ('81', 'extension', '0', 'nl', ' jpg '),
 ('81', 'kind', '0', 'nl', ' image '),
 ('81', 'slug', '0', 'nl', ' indruk '),
 ('81', 'title', '0', 'nl', ' indruk '),
 ('82', 'filename', '0', 'nl', ' tilburg jpg '),
 ('82', 'extension', '0', 'nl', ' jpg '),
 ('82', 'kind', '0', 'nl', ' image '),
 ('82', 'slug', '0', 'nl', ' tilburg '),
 ('82', 'title', '0', 'nl', ' tilburg '),
 ('83', 'filename', '0', 'nl', ' yes2web jpg '),
 ('83', 'extension', '0', 'nl', ' jpg '),
 ('83', 'kind', '0', 'nl', ' image '),
 ('83', 'slug', '0', 'nl', ' yes2web '),
 ('83', 'title', '0', 'nl', ' yes2web '),
 ('88', 'filename', '0', 'nl', ' screen shot 2017 09 07 at 01 06 16 png '),
 ('88', 'extension', '0', 'nl', ' png '),
 ('88', 'kind', '0', 'nl', ' image '),
 ('88', 'slug', '0', 'nl', ' screen shot 2017 09 07 at 01 06 16 '),
 ('88', 'title', '0', 'nl', ' screen shot 2017 09 07 at 01 06 16 '),
 ('89', 'filename', '0', 'nl', ' screen shot 2017 09 07 at 01 08 07 png '),
 ('89', 'extension', '0', 'nl', ' png '),
 ('89', 'kind', '0', 'nl', ' image '),
 ('89', 'slug', '0', 'nl', ' screen shot 2017 09 07 at 01 08 07 '),
 ('89', 'title', '0', 'nl', ' screen shot 2017 09 07 at 01 08 07 '),
 ('93', 'filename', '0', 'nl', ' jvdt jpg '),
 ('93', 'extension', '0', 'nl', ' jpg '),
 ('93', 'kind', '0', 'nl', ' image '),
 ('93', 'slug', '0', 'nl', ' jvdt '),
 ('93', 'title', '0', 'nl', ' jvdt '),
 ('30', 'slug', '0', 'nl', ' webdevelopment '),
 ('30', 'title', '0', 'nl', ' webdevelopment '),
 ('31', 'slug', '0', 'nl', ' sounddesign '),
 ('31', 'title', '0', 'nl', ' sounddesign '),
 ('32', 'slug', '0', 'nl', ' animation '),
 ('32', 'title', '0', 'nl', ' animation '),
 ('45', 'slug', '0', 'nl', ' adobe ae '),
 ('45', 'title', '0', 'nl', ' adobe ae '),
 ('45', 'field', '25', 'nl', ' 60 '),
 ('45', 'field', '27', 'nl', ' 1 '),
 ('46', 'slug', '0', 'nl', ' drupal 8 '),
 ('46', 'title', '0', 'nl', ' drupal 8 '),
 ('46', 'field', '25', 'nl', ' 50 '),
 ('46', 'field', '27', 'nl', ' 2 ');
INSERT INTO `craft_searchindex` (`elementId`, `attribute`, `fieldId`, `locale`, `keywords`) VALUES
 ('47', 'slug', '0', 'nl', ' drupal 7 '),
 ('47', 'title', '0', 'nl', ' drupal 7 '),
 ('47', 'field', '25', 'nl', ' 40 '),
 ('47', 'field', '27', 'nl', ' 0 '),
 ('48', 'slug', '0', 'nl', ' craft cms '),
 ('48', 'title', '0', 'nl', ' craft cms '),
 ('48', 'field', '25', 'nl', ' 50 '),
 ('48', 'field', '27', 'nl', ' 3 '),
 ('49', 'slug', '0', 'nl', ' ableton '),
 ('49', 'title', '0', 'nl', ' ableton '),
 ('49', 'field', '25', 'nl', ' 90 '),
 ('49', 'field', '27', 'nl', ' 4 '),
 ('57', 'slug', '0', 'nl', ' animator '),
 ('57', 'title', '0', 'nl', ' animator '),
 ('58', 'slug', '0', 'nl', ' sounddesigner '),
 ('58', 'title', '0', 'nl', ' sounddesigner '),
 ('59', 'slug', '0', 'nl', ' webdeveloper '),
 ('59', 'title', '0', 'nl', ' webdeveloper '),
 ('2', 'slug', '0', 'nl', ' homepage '),
 ('2', 'title', '0', 'nl', ' homepage '),
 ('2', 'field', '52', 'nl', ' r favicon '),
 ('38', 'slug', '0', 'nl', ' about '),
 ('38', 'title', '0', 'nl', ' remco hoeneveld '),
 ('38', 'field', '6', 'nl', ' animator sounddesigner webdeveloper '),
 ('38', 'field', '7', 'nl', ' my name is remco hoeneveld i am 23 years old and i am studying at the university of rotterdam i am studying media technology at an early age i taught myself to make music and work with ableton in addition i learned myself to make 2d animations and master after effects '),
 ('38', 'field', '8', 'nl', ' photo '),
 ('105', 'name', '0', 'nl', ' nieuwe '),
 ('38', 'field', '9', 'nl', ' https www facebook com rhoeneveld '),
 ('38', 'field', '12', 'nl', ' https www linkedin com in remcohoeneveld '),
 ('38', 'field', '10', 'nl', ' https twitter com remcohoeneveld '),
 ('38', 'field', '11', 'nl', ' https www youtube com user remcohoeneveld '),
 ('38', 'field', '13', 'nl', ' remco hoeneveld '),
 ('38', 'field', '14', 'nl', ' 26 april 1994 '),
 ('38', 'field', '16', 'nl', ' remcohoeneveld gmail com '),
 ('38', 'field', '15', 'nl', ' lumeystraat 20b rotterdam '),
 ('38', 'field', '17', 'nl', ' 316 4118 5118 '),
 ('38', 'field', '18', 'nl', ' dutch '),
 ('38', 'field', '19', 'nl', ' https www dropbox com s r1dgvtv89ja3b34 remcohoeneveldprofile pdf dl=0 '),
 ('43', 'slug', '0', 'nl', ' groothandelsgebouw animatie '),
 ('43', 'title', '0', 'nl', ' groothandelsgebouw '),
 ('43', 'field', '3', 'nl', ' animation '),
 ('43', 'field', '5', 'nl', ' i made this animation together with jvdt jongensvandetekeningen '),
 ('43', 'field', '4', 'nl', ' ghg '),
 ('43', 'field', '1', 'nl', ' me and willem created this animation for groothandelsgebouw they wanted something they could display on their website for some extra information about their products this animation was made in a couple of days and we are very happy with the end result '),
 ('43', 'field', '2', 'nl', ' groothandelsgebouw rotterdam jvdt '),
 ('43', 'field', '51', 'nl', ' nrn8hgf6mqe '),
 ('43', 'field', '50', 'nl', ' http groothandelsgebouw nl '),
 ('44', 'slug', '0', 'nl', ' statistic '),
 ('44', 'title', '0', 'nl', ' statistic '),
 ('44', 'field', '21', 'nl', ' 3 '),
 ('44', 'field', '22', 'nl', ' 52 '),
 ('44', 'field', '20', 'nl', ' 30 '),
 ('50', 'slug', '0', 'nl', ' skills '),
 ('50', 'title', '0', 'nl', ' my set of skills '),
 ('50', 'field', '24', 'nl', ' adobe ae drupal 8 craft cms ableton '),
 ('50', 'field', '1', 'nl', ' i create websites animations and also compose sounddesign for film web media wanna see how i put these skills to use look at my portfolio '),
 ('53', 'slug', '0', 'nl', ' hire me '),
 ('53', 'title', '0', 'nl', ' hire me '),
 ('53', 'field', '35', 'nl', ' contact me now '),
 ('53', 'field', '33', 'nl', ' wanna work toghether '),
 ('53', 'field', '34', 'nl', ' lets make some awsome projects '),
 ('54', 'slug', '0', 'nl', ' contact '),
 ('54', 'title', '0', 'nl', ' contact '),
 ('55', 'slug', '0', 'nl', ' footer '),
 ('55', 'title', '0', 'nl', ' footer '),
 ('56', 'slug', '0', 'nl', ' header '),
 ('56', 'title', '0', 'nl', ' remco hoeneveld '),
 ('56', 'field', '32', 'nl', ' animator sounddesigner webdeveloper '),
 ('56', 'field', '31', 'nl', ' hi i m '),
 ('56', 'field', '30', 'nl', ' https youtu be rppyjepwpbs '),
 ('61', 'slug', '0', 'nl', ' computer science '),
 ('61', 'title', '0', 'nl', ' thorbecke secondary education '),
 ('61', 'field', '37', 'nl', ' thorbecke secondary education '),
 ('61', 'field', '38', 'nl', ' havo economics management '),
 ('61', 'field', '39', 'nl', ' fadeinright '),
 ('61', 'field', '40', 'nl', ' fadeinleft '),
 ('61', 'field', '44', 'nl', ' 1994 2000 '),
 ('61', 'field', '36', 'nl', ' 2017 07 01 '),
 ('61', 'field', '41', 'nl', ' timeline reset '),
 ('61', 'field', '45', 'nl', ' 200ms '),
 ('61', 'field', '46', 'nl', ' 2s '),
 ('62', 'slug', '0', 'nl', ' mediatechnologie '),
 ('62', 'title', '0', 'nl', ' mediatechnologie '),
 ('62', 'field', '37', 'nl', ' mediatechnologie '),
 ('62', 'field', '38', 'nl', ' student mediatechnology at the rotterdam university of applied sciences '),
 ('62', 'field', '39', 'nl', ' fadeinleft '),
 ('62', 'field', '40', 'nl', ' fadeinright '),
 ('62', 'field', '44', 'nl', ' 2013 present '),
 ('62', 'field', '36', 'nl', ' 2018 06 01 '),
 ('62', 'field', '41', 'nl', ''),
 ('62', 'field', '45', 'nl', ' 200ms '),
 ('62', 'field', '46', 'nl', ' 2s '),
 ('63', 'slug', '0', 'nl', ' animator '),
 ('63', 'title', '0', 'nl', ' animator '),
 ('63', 'field', '37', 'nl', ' animator '),
 ('63', 'field', '38', 'nl', ' freelance animator at remcohoeneveld nl '),
 ('63', 'field', '39', 'nl', ' fadeinright '),
 ('63', 'field', '40', 'nl', ' fadeinleft '),
 ('63', 'field', '44', 'nl', ' august 2014 present '),
 ('63', 'field', '36', 'nl', ' 2017 09 30 ');
INSERT INTO `craft_searchindex` (`elementId`, `attribute`, `fieldId`, `locale`, `keywords`) VALUES
 ('63', 'field', '41', 'nl', ''),
 ('63', 'field', '45', 'nl', ' 200ms '),
 ('63', 'field', '46', 'nl', ' 2s '),
 ('64', 'slug', '0', 'nl', ' websites '),
 ('64', 'title', '0', 'nl', ' websites '),
 ('64', 'field', '47', 'nl', ' fully responsive '),
 ('64', 'field', '48', 'nl', ' i create full responsive websites for mobile and tablet devices '),
 ('64', 'field', '49', 'nl', ' fa mobile '),
 ('64', 'field', '45', 'nl', ' 200ms '),
 ('64', 'field', '46', 'nl', ' 8s '),
 ('65', 'slug', '0', 'nl', ' code '),
 ('65', 'title', '0', 'nl', ' sounddesign '),
 ('65', 'field', '47', 'nl', ' creating sounds '),
 ('65', 'field', '48', 'nl', ' i create sounds for animations movies applications '),
 ('65', 'field', '49', 'nl', ' fa music '),
 ('65', 'field', '45', 'nl', ' 200ms '),
 ('65', 'field', '46', 'nl', ' 8s '),
 ('66', 'slug', '0', 'nl', ' animation '),
 ('66', 'title', '0', 'nl', ' animation '),
 ('66', 'field', '47', 'nl', ' fresh animations '),
 ('66', 'field', '48', 'nl', ' i create animations in collaboration with great visual artists '),
 ('66', 'field', '49', 'nl', ' fa pencil '),
 ('66', 'field', '45', 'nl', ' 200ms '),
 ('66', 'field', '46', 'nl', ' 8s '),
 ('73', 'slug', '0', 'nl', ' junior drupal developer '),
 ('73', 'title', '0', 'nl', ' junior drupal developer '),
 ('73', 'field', '37', 'nl', ' junior drupal developer '),
 ('73', 'field', '38', 'nl', ' junior drupal developer at adfogroep '),
 ('73', 'field', '39', 'nl', ' fadeinright '),
 ('73', 'field', '40', 'nl', ' fadeinleft '),
 ('73', 'field', '44', 'nl', ' january 2017 present '),
 ('73', 'field', '36', 'nl', ' 2017 01 01 '),
 ('73', 'field', '41', 'nl', ''),
 ('73', 'field', '45', 'nl', ' 200ms '),
 ('73', 'field', '46', 'nl', ' 8s '),
 ('74', 'slug', '0', 'nl', ' sounddesigner '),
 ('74', 'title', '0', 'nl', ' sounddesigner '),
 ('74', 'field', '37', 'nl', ' sounddesigner '),
 ('74', 'field', '38', 'nl', ' freelance sounddesigner at remcohoeneveld nl '),
 ('74', 'field', '39', 'nl', ' fadeinleft '),
 ('74', 'field', '40', 'nl', ' fadeinright '),
 ('74', 'field', '44', 'nl', ' august 2014 present '),
 ('74', 'field', '36', 'nl', ' 2017 08 01 '),
 ('74', 'field', '41', 'nl', ''),
 ('74', 'field', '45', 'nl', ' 200ms '),
 ('74', 'field', '46', 'nl', ' 8s '),
 ('75', 'slug', '0', 'nl', ' webdeveloper '),
 ('75', 'title', '0', 'nl', ' webdeveloper '),
 ('75', 'field', '37', 'nl', ' webdeveloper '),
 ('75', 'field', '38', 'nl', ' freelance webdeveloper at remcohoeneveld nl '),
 ('75', 'field', '39', 'nl', ' fadeinleft '),
 ('75', 'field', '40', 'nl', ' fadeinright '),
 ('75', 'field', '44', 'nl', ' august 2014 present '),
 ('75', 'field', '36', 'nl', ' 2017 09 06 '),
 ('75', 'field', '41', 'nl', ''),
 ('75', 'field', '45', 'nl', ' 200ms '),
 ('75', 'field', '46', 'nl', ' 8s '),
 ('77', 'slug', '0', 'nl', ' groenlinks animation '),
 ('77', 'title', '0', 'nl', ' groenlinks '),
 ('77', 'field', '3', 'nl', ' animation '),
 ('77', 'field', '5', 'nl', ' i made this animation together with jvdt jongensvandetekeningen '),
 ('77', 'field', '4', 'nl', ' groenlinks '),
 ('77', 'field', '1', 'nl', ' me and willem created this animation for groenlinks they wanted something they could display on their facebook for some extra information about the topic economisme groenlinks was very happy with the end result '),
 ('77', 'field', '2', 'nl', ' groenlinks animation jvdt jongensvandetekeningen '),
 ('77', 'field', '51', 'nl', ' wugsc26gdam '),
 ('77', 'field', '50', 'nl', ' https groenlinks nl standpunten economisme '),
 ('79', 'slug', '0', 'nl', ' newskool animation '),
 ('79', 'title', '0', 'nl', ' newskool '),
 ('79', 'field', '3', 'nl', ' animation '),
 ('79', 'field', '5', 'nl', ' i made this animation together with jvdt jongensvandetekeningen '),
 ('79', 'field', '4', 'nl', ' newskool '),
 ('79', 'field', '1', 'nl', ' me and tomas created this animation for newskool they wanted something they could display on their website for some extra information about their work '),
 ('79', 'field', '2', 'nl', ' newskool animation jvdt jongensvandetekeningen '),
 ('79', 'field', '51', 'nl', ' 4 gzzio4qhw '),
 ('79', 'field', '50', 'nl', ' http www newskool nl '),
 ('87', 'slug', '0', 'nl', ' indruk webdevelopment '),
 ('87', 'title', '0', 'nl', ' indruk '),
 ('87', 'field', '3', 'nl', ' webdevelopment '),
 ('87', 'field', '5', 'nl', ' creating a website with my partner in crime tim visser sacrome '),
 ('87', 'field', '4', 'nl', ' screen shot 2017 09 07 at 01 08 07 '),
 ('87', 'field', '1', 'nl', ' creating the website for indruk front end development with my collegue tim visser '),
 ('87', 'field', '2', 'nl', ' indruk webdevelopment frontend '),
 ('87', 'field', '51', 'nl', ''),
 ('87', 'field', '50', 'nl', ' http indr uk​ '),
 ('91', 'slug', '0', 'nl', ' youshare animation '),
 ('91', 'title', '0', 'nl', ' youshare '),
 ('91', 'field', '3', 'nl', ' animation '),
 ('91', 'field', '5', 'nl', ' i made this animation together with jvdt jongensvandetekeningen '),
 ('91', 'field', '4', 'nl', ' youshare '),
 ('91', 'field', '1', 'nl', ' a animation made for youshare to explain what services they supply you with a set of solid building blocks that form the basis for your ideal digital work environment one the expertise and experience to realize the change with you in your organization '),
 ('91', 'field', '2', 'nl', ' youshare animation jvdt '),
 ('91', 'field', '51', 'nl', ' xn_zsuipqf8 '),
 ('91', 'field', '50', 'nl', ' https www youtube com watch v=xn_zsuipqf8 t=2s '),
 ('94', 'slug', '0', 'nl', ' showreel jongensvandetekeningen 2014 '),
 ('94', 'title', '0', 'nl', ' showreel jvdt 2014 '),
 ('94', 'field', '3', 'nl', ' animation '),
 ('94', 'field', '5', 'nl', ' showreel made for jvdt '),
 ('94', 'field', '4', 'nl', ' jvdt '),
 ('94', 'field', '1', 'nl', ' my first assignment for jvdt back in 2014 i was asked to create the showreel for the company they where very happy with the end result of this animation '),
 ('94', 'field', '2', 'nl', ' showreel jvdt jongensvandetekeningen ');
INSERT INTO `craft_searchindex` (`elementId`, `attribute`, `fieldId`, `locale`, `keywords`) VALUES
 ('94', 'field', '51', 'nl', ' 7sqqgtnb6fs '),
 ('94', 'field', '50', 'nl', ' http jongensvandetekeningen nl '),
 ('98', 'slug', '0', 'nl', ' yes2web sounddesign '),
 ('98', 'title', '0', 'nl', ' yes2web '),
 ('98', 'field', '3', 'nl', ' sounddesign '),
 ('98', 'field', '5', 'nl', ' in collaboration with former yes2web employee willem '),
 ('98', 'field', '4', 'nl', ' yes2web '),
 ('98', 'field', '1', 'nl', ' yes2web now known as burst digital asked me to create music for their showreel back in 2011 this song was created by me in a matter of days it was also one of my first sounddesign jobs '),
 ('98', 'field', '2', 'nl', ' sounddesign music yes2web '),
 ('98', 'field', '51', 'nl', ' _haajvlimo0 '),
 ('98', 'field', '50', 'nl', ' https www youtube com watch v=_haajvlimo0 '),
 ('103', 'slug', '0', 'nl', ' benvanderwal webdevelopment '),
 ('103', 'title', '0', 'nl', ' benvanderwal '),
 ('103', 'field', '3', 'nl', ' webdevelopment '),
 ('103', 'field', '5', 'nl', ' creating a website for artist benvanderwal to show off his amazing artwork '),
 ('103', 'field', '4', 'nl', ' benvanderwal '),
 ('103', 'field', '1', 'nl', ' creating the website for the briljant artist benvanderwal he wanted something to show of his impressive work i made him this website the website contains a installation of wordpress with a custom theme added some plugins to fulfill the clients needs '),
 ('103', 'field', '2', 'nl', ' benvanderwal webdevelopment website art '),
 ('103', 'field', '51', 'nl', ''),
 ('103', 'field', '50', 'nl', ' http benvanderwal nl '),
 ('33', 'name', '0', 'nl', ' groothandelsgebouw '),
 ('33', 'slug', '0', 'nl', ' groothandelsgebouw '),
 ('33', 'title', '0', 'nl', ' groothandelsgebouw '),
 ('34', 'name', '0', 'nl', ' new '),
 ('34', 'slug', '0', 'nl', ' new '),
 ('34', 'title', '0', 'nl', ' new '),
 ('35', 'name', '0', 'nl', ' animation '),
 ('35', 'slug', '0', 'nl', ' animation '),
 ('35', 'title', '0', 'nl', ' animation '),
 ('42', 'name', '0', 'nl', ' tag '),
 ('42', 'slug', '0', 'nl', ' tag '),
 ('42', 'title', '0', 'nl', ' tag '),
 ('67', 'name', '0', 'nl', ' style '),
 ('67', 'slug', '0', 'nl', ' style '),
 ('67', 'title', '0', 'nl', ' style '),
 ('68', 'name', '0', 'nl', ' epic '),
 ('68', 'slug', '0', 'nl', ' epic '),
 ('68', 'title', '0', 'nl', ' epic '),
 ('70', 'name', '0', 'nl', ' rotterdam '),
 ('70', 'slug', '0', 'nl', ' rotterdam '),
 ('70', 'title', '0', 'nl', ' rotterdam '),
 ('71', 'name', '0', 'nl', ' jongensvandetekeningen '),
 ('71', 'slug', '0', 'nl', ' jongensvandetekeningen '),
 ('71', 'title', '0', 'nl', ' jongensvandetekeningen '),
 ('72', 'name', '0', 'nl', ' jvdt '),
 ('72', 'slug', '0', 'nl', ' jvdt '),
 ('72', 'title', '0', 'nl', ' jvdt '),
 ('76', 'name', '0', 'nl', ' groenlinks '),
 ('76', 'slug', '0', 'nl', ' groenlinks '),
 ('76', 'title', '0', 'nl', ' groenlinks '),
 ('78', 'name', '0', 'nl', ' newskool '),
 ('78', 'slug', '0', 'nl', ' newskool '),
 ('78', 'title', '0', 'nl', ' newskool '),
 ('84', 'name', '0', 'nl', ' indruk '),
 ('84', 'slug', '0', 'nl', ' indruk '),
 ('84', 'title', '0', 'nl', ' indruk '),
 ('85', 'name', '0', 'nl', ' webdevelopment '),
 ('85', 'slug', '0', 'nl', ' webdevelopment '),
 ('85', 'title', '0', 'nl', ' webdevelopment '),
 ('86', 'name', '0', 'nl', ' frontend '),
 ('86', 'slug', '0', 'nl', ' frontend '),
 ('86', 'title', '0', 'nl', ' frontend '),
 ('90', 'name', '0', 'nl', ' youshare '),
 ('90', 'slug', '0', 'nl', ' youshare '),
 ('90', 'title', '0', 'nl', ' youshare '),
 ('92', 'name', '0', 'nl', ' showreel '),
 ('92', 'slug', '0', 'nl', ' showreel '),
 ('92', 'title', '0', 'nl', ' showreel '),
 ('95', 'name', '0', 'nl', ' sounddesign '),
 ('95', 'slug', '0', 'nl', ' sounddesign '),
 ('95', 'title', '0', 'nl', ' sounddesign '),
 ('96', 'name', '0', 'nl', ' music '),
 ('96', 'slug', '0', 'nl', ' music '),
 ('96', 'title', '0', 'nl', ' music '),
 ('97', 'name', '0', 'nl', ' yes2web '),
 ('97', 'slug', '0', 'nl', ' yes2web '),
 ('97', 'title', '0', 'nl', ' yes2web '),
 ('100', 'name', '0', 'nl', ' benvanderwal '),
 ('100', 'slug', '0', 'nl', ' benvanderwal '),
 ('100', 'title', '0', 'nl', ' benvanderwal '),
 ('101', 'name', '0', 'nl', ' website '),
 ('101', 'slug', '0', 'nl', ' website '),
 ('101', 'title', '0', 'nl', ' website '),
 ('102', 'name', '0', 'nl', ' art '),
 ('102', 'slug', '0', 'nl', ' art '),
 ('102', 'title', '0', 'nl', ' art '),
 ('1', 'username', '0', 'nl', ' remcohoeneveld '),
 ('1', 'firstname', '0', 'nl', ''),
 ('1', 'lastname', '0', 'nl', ''),
 ('1', 'fullname', '0', 'nl', ''),
 ('1', 'email', '0', 'nl', ' remcohoeneveld gmail com '),
 ('1', 'slug', '0', 'nl', ''),
 ('105', 'title', '0', 'nl', ' nieuwe '),
 ('106', 'name', '0', 'nl', ' werkwijze '),
 ('106', 'slug', '0', 'nl', ' werkwijze '),
 ('106', 'title', '0', 'nl', ' werkwijze '),
 ('107', 'name', '0', 'nl', ' axxicom '),
 ('107', 'slug', '0', 'nl', ' axxicom '),
 ('107', 'title', '0', 'nl', ' axxicom '),
 ('108', 'filename', '0', 'nl', ' screen shot 2017 11 11 at 13 31 19 png ');
INSERT INTO `craft_searchindex` (`elementId`, `attribute`, `fieldId`, `locale`, `keywords`) VALUES
 ('108', 'extension', '0', 'nl', ' png '),
 ('108', 'kind', '0', 'nl', ' image '),
 ('108', 'slug', '0', 'nl', ' screen shot 2017 11 11 at 13 31 19 '),
 ('108', 'title', '0', 'nl', ' screen shot 2017 11 11 at 13 31 19 '),
 ('109', 'field', '3', 'nl', ' animation '),
 ('109', 'field', '5', 'nl', ' i made this animation together with jvdt jongensvandetekeningen '),
 ('109', 'field', '4', 'nl', ' screen shot 2017 11 11 at 13 31 19 '),
 ('109', 'field', '1', 'nl', ' me and jongensvandetekeningen created this animation for axxicom they wanted a animation in combination with video this is what we delivered '),
 ('109', 'field', '2', 'nl', ' nieuwe werkwijze axxicom jvdt jongensvandetekeningen '),
 ('109', 'field', '51', 'nl', ' tiulyedbrcc '),
 ('109', 'field', '50', 'nl', ' https www youtube com watch v=tiulyedbrcc '),
 ('109', 'slug', '0', 'nl', ' axxicom '),
 ('109', 'title', '0', 'nl', ' axxicom '),
 ('110', 'name', '0', 'nl', ' antonius '),
 ('110', 'slug', '0', 'nl', ' antonius '),
 ('110', 'title', '0', 'nl', ' antonius '),
 ('111', 'name', '0', 'nl', ' ziekenhuis '),
 ('111', 'slug', '0', 'nl', ' ziekenhuis '),
 ('111', 'title', '0', 'nl', ' ziekenhuis '),
 ('112', 'name', '0', 'nl', ' hospital '),
 ('112', 'slug', '0', 'nl', ' hospital '),
 ('112', 'title', '0', 'nl', ' hospital '),
 ('113', 'filename', '0', 'nl', ' screen shot 2017 11 11 at 13 41 46 png '),
 ('113', 'extension', '0', 'nl', ' png '),
 ('113', 'kind', '0', 'nl', ' image '),
 ('113', 'slug', '0', 'nl', ' screen shot 2017 11 11 at 13 41 46 '),
 ('113', 'title', '0', 'nl', ' screen shot 2017 11 11 at 13 41 46 '),
 ('114', 'field', '3', 'nl', ' animation '),
 ('114', 'field', '5', 'nl', ' i made this animation together with jvdt jongensvandetekeningen '),
 ('114', 'field', '4', 'nl', ' screen shot 2017 11 11 at 13 44 01 '),
 ('114', 'field', '1', 'nl', ' me and jongensvandetekeningen created this animation for st antonius hospital '),
 ('114', 'field', '2', 'nl', ' antonius ziekenhuis hospital jvdt jongensvandetekeningen '),
 ('114', 'field', '51', 'nl', ' zeh1xqelmt8 '),
 ('114', 'field', '50', 'nl', ' https www youtube com watch v=zeh1xqelmt8 '),
 ('114', 'slug', '0', 'nl', ' st antonius '),
 ('114', 'title', '0', 'nl', ' st antonius '),
 ('115', 'filename', '0', 'nl', ' screen shot 2017 11 11 at 13 44 01 png '),
 ('115', 'extension', '0', 'nl', ' png '),
 ('115', 'kind', '0', 'nl', ' image '),
 ('115', 'slug', '0', 'nl', ' screen shot 2017 11 11 at 13 44 01 '),
 ('115', 'title', '0', 'nl', ' screen shot 2017 11 11 at 13 44 01 '),
 ('116', 'name', '0', 'nl', ' govertment '),
 ('116', 'slug', '0', 'nl', ' govertment '),
 ('116', 'title', '0', 'nl', ' govertment '),
 ('117', 'filename', '0', 'nl', ' screen shot 2017 11 11 at 13 52 38 png '),
 ('117', 'extension', '0', 'nl', ' png '),
 ('117', 'kind', '0', 'nl', ' image '),
 ('117', 'slug', '0', 'nl', ' screen shot 2017 11 11 at 13 52 38 '),
 ('117', 'title', '0', 'nl', ' screen shot 2017 11 11 at 13 52 38 '),
 ('118', 'field', '3', 'nl', ' animation '),
 ('118', 'field', '5', 'nl', ' i made this animation together with jvdt jongensvandetekeningen '),
 ('118', 'field', '4', 'nl', ' screen shot 2017 11 11 at 13 58 43 '),
 ('118', 'field', '1', 'nl', ' me and willem created this animation for the ministry of economic affairs they wanted a animation explaining their platform mijnoverheid for entrepreneurs '),
 ('118', 'field', '2', 'nl', ' jongensvandetekeningen jvdt govertment '),
 ('118', 'field', '51', 'nl', ' b5yrs1a4xyo '),
 ('118', 'field', '50', 'nl', ' https www youtube com watch v=b5yrs1a4xyo '),
 ('118', 'slug', '0', 'nl', ' ministerie ez '),
 ('118', 'title', '0', 'nl', ' ministerie ez '),
 ('119', 'filename', '0', 'nl', ' screen shot 2017 11 11 at 13 58 43 png '),
 ('119', 'extension', '0', 'nl', ' png '),
 ('119', 'kind', '0', 'nl', ' image '),
 ('119', 'slug', '0', 'nl', ' screen shot 2017 11 11 at 13 58 43 '),
 ('119', 'title', '0', 'nl', ' screen shot 2017 11 11 at 13 58 43 '),
 ('120', 'name', '0', 'nl', ' humanitas '),
 ('120', 'slug', '0', 'nl', ' humanitas '),
 ('120', 'title', '0', 'nl', ' humanitas '),
 ('121', 'name', '0', 'nl', ' animatie '),
 ('121', 'slug', '0', 'nl', ' animatie '),
 ('121', 'title', '0', 'nl', ' animatie '),
 ('122', 'filename', '0', 'nl', ' screen shot 2017 11 16 at 14 15 49 png '),
 ('122', 'extension', '0', 'nl', ' png '),
 ('122', 'kind', '0', 'nl', ' image '),
 ('122', 'slug', '0', 'nl', ' screen shot 2017 11 16 at 14 15 49 '),
 ('122', 'title', '0', 'nl', ' screen shot 2017 11 16 at 14 15 49 '),
 ('123', 'field', '3', 'nl', ' animation '),
 ('123', 'field', '5', 'nl', ' kinderopvang humanitas animation own assigment '),
 ('123', 'field', '4', 'nl', ' screen shot 2017 11 16 at 14 15 49 '),
 ('123', 'field', '1', 'nl', ' together with visualiser arno van doesburg i created this animation for humanitas explaining recycling to children '),
 ('123', 'field', '2', 'nl', ' humanitas animatie animation '),
 ('123', 'field', '51', 'nl', ' lfutvlq02yo '),
 ('123', 'field', '50', 'nl', ' https www youtube com watch v=lfutvlq02yo '),
 ('123', 'slug', '0', 'nl', ' kinderopvang humanitas '),
 ('123', 'title', '0', 'nl', ' kinderopvang humanitas '),
 ('124', 'filename', '0', 'nl', ' ordevandedag jpg '),
 ('124', 'extension', '0', 'nl', ' jpg '),
 ('124', 'kind', '0', 'nl', ' image '),
 ('124', 'slug', '0', 'nl', ' ordevandedag '),
 ('124', 'title', '0', 'nl', ' ordevandedag ');



DROP TABLE IF EXISTS `craft_sections`;


--
-- Schema for table `craft_sections`
--
CREATE TABLE `craft_sections` (
  `id` int(11) NOT NULL AUTO_INCREMENT,
  `structureId` int(11) DEFAULT NULL,
  `name` varchar(255) COLLATE utf8_unicode_ci NOT NULL,
  `handle` varchar(255) COLLATE utf8_unicode_ci NOT NULL,
  `type` enum('single','channel','structure') COLLATE utf8_unicode_ci NOT NULL DEFAULT 'channel',
  `hasUrls` tinyint(1) unsigned NOT NULL DEFAULT '1',
  `template` varchar(500) COLLATE utf8_unicode_ci DEFAULT NULL,
  `enableVersioning` tinyint(1) unsigned NOT NULL DEFAULT '0',
  `dateCreated` datetime NOT NULL,
  `dateUpdated` datetime NOT NULL,
  `uid` char(36) COLLATE utf8_unicode_ci NOT NULL DEFAULT '0',
  PRIMARY KEY (`id`),
  UNIQUE KEY `craft_sections_name_unq_idx` (`name`),
  UNIQUE KEY `craft_sections_handle_unq_idx` (`handle`),
  KEY `craft_sections_structureId_fk` (`structureId`)
) ENGINE=InnoDB AUTO_INCREMENT=21 DEFAULT CHARSET=utf8 COLLATE=utf8_unicode_ci;

--
-- Data for table `craft_sections`
--

INSERT INTO `craft_sections` (`id`, `structureId`, `name`, `handle`, `type`, `hasUrls`, `template`, `enableVersioning`, `dateCreated`, `dateUpdated`, `uid`) VALUES
 ('1', NULL, 'Homepage', 'homepage', 'single', '1', 'index', '1', '2017-08-25 21:30:03', '2017-08-25 21:30:03', 'aaad6803-6301-4af1-8b15-684ffe8b8ec1'),
 ('5', NULL, 'portfolio', 'portfolio', 'channel', '1', 'portfolio/_entry', '1', '2017-09-03 22:39:38', '2017-09-03 22:39:38', '5c36035f-6874-4570-a95a-ce1d770fe0b4'),
 ('8', NULL, 'about', 'about', 'single', '1', 'about', '1', '2017-09-03 22:40:48', '2017-09-03 22:40:48', 'b823905a-9327-4b0a-bbe4-1f5fdcd8fc3a'),
 ('9', NULL, ' statistic', 'statistic', 'single', '1', 'statistic', '1', '2017-09-04 11:05:05', '2017-09-04 11:05:05', '158ccb2c-ea9d-4601-93a7-b62489acf80d'),
 ('10', NULL, 'skills', 'skills', 'single', '1', 'skills', '1', '2017-09-04 12:41:41', '2017-09-04 12:41:41', 'dc5fdc2b-68fe-49cb-94d9-41cb51268857'),
 ('14', NULL, 'hire me', 'hireMe', 'single', '1', 'hire-me', '1', '2017-09-04 13:25:56', '2017-09-04 13:25:56', '5b9e7a52-94e2-4e0f-b98a-7a180f3280f1'),
 ('15', NULL, 'contact', 'contact', 'single', '1', 'contact', '1', '2017-09-04 13:26:11', '2017-09-04 13:26:11', '2374bfb3-0f75-4ccc-a465-a6d00514d1ac'),
 ('16', NULL, 'footer', 'footer', 'single', '1', 'footer', '1', '2017-09-04 13:26:27', '2017-09-04 13:26:27', 'b4238d52-4e5d-48e0-bb1f-a12f796053fc'),
 ('17', NULL, 'header', 'header', 'single', '1', 'header', '1', '2017-09-04 15:33:57', '2017-09-04 15:33:57', '47ca034c-6a40-4bb2-9ff2-3701141f64a3'),
 ('18', NULL, 'services', 'services', 'channel', '0', NULL, '1', '2017-09-06 08:25:56', '2017-09-06 08:25:56', 'b2a01483-94a8-4d75-8695-947497f68121'),
 ('19', NULL, 'resume education', 'resumeEducation', 'channel', '0', NULL, '1', '2017-09-06 08:27:08', '2017-09-06 08:27:08', '8da35322-fa7c-4ba1-b99e-767c56f58fce'),
 ('20', NULL, 'resume experience', 'resumeExperience', 'channel', '0', NULL, '1', '2017-09-06 08:27:21', '2017-09-06 08:27:32', '93da354d-5ad3-41b6-bf2a-2a2d529a4022');



DROP TABLE IF EXISTS `craft_sections_i18n`;


--
-- Schema for table `craft_sections_i18n`
--
CREATE TABLE `craft_sections_i18n` (
  `id` int(11) NOT NULL AUTO_INCREMENT,
  `sectionId` int(11) NOT NULL,
  `locale` char(12) COLLATE utf8_unicode_ci NOT NULL,
  `enabledByDefault` tinyint(1) unsigned NOT NULL DEFAULT '1',
  `urlFormat` text COLLATE utf8_unicode_ci,
  `nestedUrlFormat` text COLLATE utf8_unicode_ci,
  `dateCreated` datetime NOT NULL,
  `dateUpdated` datetime NOT NULL,
  `uid` char(36) COLLATE utf8_unicode_ci NOT NULL DEFAULT '0',
  PRIMARY KEY (`id`),
  UNIQUE KEY `craft_sections_i18n_sectionId_locale_unq_idx` (`sectionId`,`locale`),
  KEY `craft_sections_i18n_locale_fk` (`locale`)
) ENGINE=InnoDB AUTO_INCREMENT=21 DEFAULT CHARSET=utf8 COLLATE=utf8_unicode_ci;

--
-- Data for table `craft_sections_i18n`
--

INSERT INTO `craft_sections_i18n` (`id`, `sectionId`, `locale`, `enabledByDefault`, `urlFormat`, `nestedUrlFormat`, `dateCreated`, `dateUpdated`, `uid`) VALUES
 ('1', '1', 'nl', '1', '__home__', NULL, '2017-08-25 21:30:03', '2017-08-25 21:30:03', 'f2fdfaf5-1ff3-4a43-9d6f-21f761fd270f'),
 ('5', '5', 'nl', '1', 'portfolio/{slug}', NULL, '2017-09-03 22:39:38', '2017-09-03 22:39:38', 'f50f3380-e7c7-48e5-8174-55c65e0212ef'),
 ('8', '8', 'nl', '1', 'about', NULL, '2017-09-03 22:40:48', '2017-09-03 22:40:48', '30236bc3-b09a-4713-940e-2e45a0a483ef'),
 ('9', '9', 'nl', '1', 'statistic', NULL, '2017-09-04 11:05:05', '2017-09-04 11:05:05', '4387f40f-f2b5-4266-8856-4b2c27eabcbb'),
 ('10', '10', 'nl', '1', 'skills', NULL, '2017-09-04 12:41:41', '2017-09-04 12:41:41', 'd34695d7-540f-4fa8-a9b9-bfc95f472f25'),
 ('14', '14', 'nl', '1', 'hire-me', NULL, '2017-09-04 13:25:56', '2017-09-04 13:25:56', '1ceb125a-2ad4-46dd-9b84-28af7d3ce72a'),
 ('15', '15', 'nl', '1', 'contact', NULL, '2017-09-04 13:26:11', '2017-09-04 13:26:11', 'c836703d-0c01-48ce-bf89-f38e06f317c5'),
 ('16', '16', 'nl', '1', 'footer', NULL, '2017-09-04 13:26:27', '2017-09-04 13:26:27', 'f515cb2e-2d5d-4d76-9a42-1cdc46f9f487'),
 ('17', '17', 'nl', '1', 'header', NULL, '2017-09-04 15:33:57', '2017-09-04 15:33:57', '50634733-5f34-4813-8259-f833abaccdfc'),
 ('18', '18', 'nl', '1', NULL, NULL, '2017-09-06 08:25:56', '2017-09-06 08:25:56', '4eefc919-84b0-4d19-b6dc-47c84667fecc'),
 ('19', '19', 'nl', '1', NULL, NULL, '2017-09-06 08:27:08', '2017-09-06 08:27:08', 'da98d416-652d-4b6e-98e4-33d6c8759472'),
 ('20', '20', 'nl', '1', NULL, NULL, '2017-09-06 08:27:21', '2017-09-06 08:27:32', 'a375641d-2dda-4729-a3c4-528004494aa2');



DROP TABLE IF EXISTS `craft_sessions`;


--
-- Schema for table `craft_sessions`
--
CREATE TABLE `craft_sessions` (
  `id` int(11) NOT NULL AUTO_INCREMENT,
  `userId` int(11) NOT NULL,
  `token` char(100) COLLATE utf8_unicode_ci NOT NULL,
  `dateCreated` datetime NOT NULL,
  `dateUpdated` datetime NOT NULL,
  `uid` char(36) COLLATE utf8_unicode_ci NOT NULL DEFAULT '0',
  PRIMARY KEY (`id`),
  KEY `craft_sessions_uid_idx` (`uid`),
  KEY `craft_sessions_token_idx` (`token`),
  KEY `craft_sessions_dateUpdated_idx` (`dateUpdated`),
  KEY `craft_sessions_userId_fk` (`userId`)
) ENGINE=InnoDB AUTO_INCREMENT=37 DEFAULT CHARSET=utf8 COLLATE=utf8_unicode_ci;

DROP TABLE IF EXISTS `craft_shunnedmessages`;


--
-- Schema for table `craft_shunnedmessages`
--
CREATE TABLE `craft_shunnedmessages` (
  `id` int(11) NOT NULL AUTO_INCREMENT,
  `userId` int(11) NOT NULL,
  `message` varchar(255) COLLATE utf8_unicode_ci NOT NULL,
  `expiryDate` datetime DEFAULT NULL,
  `dateCreated` datetime NOT NULL,
  `dateUpdated` datetime NOT NULL,
  `uid` char(36) COLLATE utf8_unicode_ci NOT NULL DEFAULT '0',
  PRIMARY KEY (`id`),
  UNIQUE KEY `craft_shunnedmessages_userId_message_unq_idx` (`userId`,`message`)
) ENGINE=InnoDB DEFAULT CHARSET=utf8 COLLATE=utf8_unicode_ci;

DROP TABLE IF EXISTS `craft_structureelements`;


--
-- Schema for table `craft_structureelements`
--
CREATE TABLE `craft_structureelements` (
  `id` int(11) NOT NULL AUTO_INCREMENT,
  `structureId` int(11) NOT NULL,
  `elementId` int(11) DEFAULT NULL,
  `root` int(11) unsigned DEFAULT NULL,
  `lft` int(11) unsigned NOT NULL,
  `rgt` int(11) unsigned NOT NULL,
  `level` smallint(6) unsigned NOT NULL,
  `dateCreated` datetime NOT NULL,
  `dateUpdated` datetime NOT NULL,
  `uid` char(36) COLLATE utf8_unicode_ci NOT NULL DEFAULT '0',
  PRIMARY KEY (`id`),
  UNIQUE KEY `craft_structureelements_structureId_elementId_unq_idx` (`structureId`,`elementId`),
  KEY `craft_structureelements_root_idx` (`root`),
  KEY `craft_structureelements_lft_idx` (`lft`),
  KEY `craft_structureelements_rgt_idx` (`rgt`),
  KEY `craft_structureelements_level_idx` (`level`),
  KEY `craft_structureelements_elementId_fk` (`elementId`)
) ENGINE=InnoDB AUTO_INCREMENT=15 DEFAULT CHARSET=utf8 COLLATE=utf8_unicode_ci;

--
-- Data for table `craft_structureelements`
--

INSERT INTO `craft_structureelements` (`id`, `structureId`, `elementId`, `root`, `lft`, `rgt`, `level`, `dateCreated`, `dateUpdated`, `uid`) VALUES
 ('1', '1', NULL, '1', '1', '8', '0', '2017-09-03 21:04:56', '2017-09-03 21:04:56', '1aa0de70-ec65-46bc-8280-b5267607005e'),
 ('2', '1', '30', '1', '2', '3', '1', '2017-09-03 21:04:56', '2017-09-03 21:04:56', 'f59b6a9b-b7d0-4a7e-82c5-f17890a75502'),
 ('3', '1', '31', '1', '4', '5', '1', '2017-09-03 21:05:03', '2017-09-03 21:05:03', 'f770cc8f-41f6-48c3-be83-34fc6ac45245'),
 ('4', '1', '32', '1', '6', '7', '1', '2017-09-03 21:05:10', '2017-09-03 21:05:10', '2eac9c21-22d5-4a73-855b-cdeb3f3f6dc7'),
 ('5', '2', NULL, '5', '1', '12', '0', '2017-09-04 12:35:09', '2017-09-04 12:35:09', 'cdeb0b8f-2535-4160-9c1f-e53a6877051b'),
 ('6', '2', '45', '5', '2', '3', '1', '2017-09-04 12:35:09', '2017-09-04 12:35:09', '82fd4d19-4deb-4642-b604-0233b8e0a160'),
 ('7', '2', '46', '5', '4', '5', '1', '2017-09-04 12:35:18', '2017-09-04 12:35:18', '6b85d41f-8d43-416d-acaf-7908e07af7e9'),
 ('8', '2', '47', '5', '6', '7', '1', '2017-09-04 12:35:24', '2017-09-04 12:35:24', '4dc63f80-8056-4b39-b684-237c77a3e5d6'),
 ('9', '2', '48', '5', '8', '9', '1', '2017-09-04 12:35:31', '2017-09-04 12:35:31', 'd19477d4-ab70-4981-991c-0b907066c1ee'),
 ('10', '2', '49', '5', '10', '11', '1', '2017-09-04 12:35:40', '2017-09-04 12:35:40', '44315ce7-f4c0-4712-afba-8856b032ac0d'),
 ('11', '3', NULL, '11', '1', '8', '0', '2017-09-05 07:47:56', '2017-09-05 07:47:56', '901bfd3d-bfbb-4603-8cea-583457a4682d'),
 ('12', '3', '57', '11', '2', '3', '1', '2017-09-05 07:47:56', '2017-09-05 07:47:56', 'f8f2e870-fb32-47da-a9d5-dda98a6423be'),
 ('13', '3', '58', '11', '4', '5', '1', '2017-09-05 07:48:08', '2017-09-05 07:48:08', '9eb25132-872c-4cde-9a3d-17ceb6989f22'),
 ('14', '3', '59', '11', '6', '7', '1', '2017-09-05 07:48:15', '2017-09-05 07:48:15', 'ad16cd2e-89e4-40e3-ac93-27d824588150');



DROP TABLE IF EXISTS `craft_structures`;


--
-- Schema for table `craft_structures`
--
CREATE TABLE `craft_structures` (
  `id` int(11) NOT NULL AUTO_INCREMENT,
  `maxLevels` smallint(6) unsigned DEFAULT NULL,
  `dateCreated` datetime NOT NULL,
  `dateUpdated` datetime NOT NULL,
  `uid` char(36) COLLATE utf8_unicode_ci NOT NULL DEFAULT '0',
  PRIMARY KEY (`id`)
) ENGINE=InnoDB AUTO_INCREMENT=5 DEFAULT CHARSET=utf8 COLLATE=utf8_unicode_ci;

--
-- Data for table `craft_structures`
--

INSERT INTO `craft_structures` (`id`, `maxLevels`, `dateCreated`, `dateUpdated`, `uid`) VALUES
 ('1', NULL, '2017-09-03 21:04:25', '2017-09-03 21:04:25', '4dee0bd7-f8d2-4b12-8716-f317644d56da'),
 ('2', NULL, '2017-09-04 12:34:56', '2017-09-05 22:44:24', '2fac0fbc-0c64-414c-b424-f1031135f616'),
 ('3', NULL, '2017-09-05 07:47:41', '2017-09-05 07:47:41', 'ef907b70-26e6-4541-8cb3-dab26e08f59f'),
 ('4', NULL, '2017-09-05 22:44:38', '2017-09-05 22:44:38', '2e9c4d19-4f72-43e1-88f0-af658f6a8654');



DROP TABLE IF EXISTS `craft_systemsettings`;


--
-- Schema for table `craft_systemsettings`
--
CREATE TABLE `craft_systemsettings` (
  `id` int(11) NOT NULL AUTO_INCREMENT,
  `category` varchar(15) COLLATE utf8_unicode_ci NOT NULL,
  `settings` text COLLATE utf8_unicode_ci,
  `dateCreated` datetime NOT NULL,
  `dateUpdated` datetime NOT NULL,
  `uid` char(36) COLLATE utf8_unicode_ci NOT NULL DEFAULT '0',
  PRIMARY KEY (`id`),
  UNIQUE KEY `craft_systemsettings_category_unq_idx` (`category`)
) ENGINE=InnoDB AUTO_INCREMENT=2 DEFAULT CHARSET=utf8 COLLATE=utf8_unicode_ci;

--
-- Data for table `craft_systemsettings`
--

INSERT INTO `craft_systemsettings` (`id`, `category`, `settings`, `dateCreated`, `dateUpdated`, `uid`) VALUES
 ('1', 'email', '{\"protocol\":\"php\",\"emailAddress\":\"remcohoeneveld@gmail.com\",\"senderName\":\"remcohoeneveld\"}', '2017-08-25 21:30:03', '2017-08-25 21:30:03', '61d03ff1-a1dd-4ba1-b94c-6918132e6b93');



DROP TABLE IF EXISTS `craft_taggroups`;


--
-- Schema for table `craft_taggroups`
--
CREATE TABLE `craft_taggroups` (
  `id` int(11) NOT NULL AUTO_INCREMENT,
  `name` varchar(255) COLLATE utf8_unicode_ci NOT NULL,
  `handle` varchar(255) COLLATE utf8_unicode_ci NOT NULL,
  `fieldLayoutId` int(10) DEFAULT NULL,
  `dateCreated` datetime NOT NULL,
  `dateUpdated` datetime NOT NULL,
  `uid` char(36) COLLATE utf8_unicode_ci NOT NULL DEFAULT '0',
  PRIMARY KEY (`id`),
  UNIQUE KEY `craft_taggroups_name_unq_idx` (`name`),
  UNIQUE KEY `craft_taggroups_handle_unq_idx` (`handle`),
  KEY `craft_taggroups_fieldLayoutId_fk` (`fieldLayoutId`)
) ENGINE=InnoDB AUTO_INCREMENT=2 DEFAULT CHARSET=utf8 COLLATE=utf8_unicode_ci;

--
-- Data for table `craft_taggroups`
--

INSERT INTO `craft_taggroups` (`id`, `name`, `handle`, `fieldLayoutId`, `dateCreated`, `dateUpdated`, `uid`) VALUES
 ('1', 'Default', 'default', '1', '2017-08-25 21:30:03', '2017-08-25 21:30:03', 'ff0264ea-b687-422b-8778-d59af2017830');



DROP TABLE IF EXISTS `craft_tags`;


--
-- Schema for table `craft_tags`
--
CREATE TABLE `craft_tags` (
  `id` int(11) NOT NULL,
  `groupId` int(11) NOT NULL,
  `dateCreated` datetime NOT NULL,
  `dateUpdated` datetime NOT NULL,
  `uid` char(36) COLLATE utf8_unicode_ci NOT NULL DEFAULT '0',
  PRIMARY KEY (`id`),
  KEY `craft_tags_groupId_fk` (`groupId`)
) ENGINE=InnoDB DEFAULT CHARSET=utf8 COLLATE=utf8_unicode_ci;

--
-- Data for table `craft_tags`
--

INSERT INTO `craft_tags` (`id`, `groupId`, `dateCreated`, `dateUpdated`, `uid`) VALUES
 ('33', '1', '2017-09-03 21:11:30', '2017-09-03 21:11:30', 'a184e8de-8414-4f58-9baa-faeaff961ae4'),
 ('34', '1', '2017-09-03 21:11:32', '2017-09-03 21:11:32', '4e451003-4557-4752-abec-4483fd35f8a3'),
 ('35', '1', '2017-09-03 21:11:35', '2017-09-03 21:11:35', '6ddca940-16d3-410b-b8b5-4d7055b06abf'),
 ('42', '1', '2017-09-03 22:57:47', '2017-09-03 22:57:47', '3016abee-da29-4232-a6c6-fb5192ed8491'),
 ('67', '1', '2017-09-06 11:12:07', '2017-09-06 11:12:07', 'fc7311ba-7e3c-4847-af71-78a5436671f1'),
 ('68', '1', '2017-09-06 11:12:08', '2017-09-06 11:12:08', '62ff2772-50e9-4f40-9c7a-c0704d90f1e0'),
 ('70', '1', '2017-09-06 16:00:27', '2017-09-06 16:00:27', '37f1d498-73d3-46e4-a4d6-53eec693a38e'),
 ('71', '1', '2017-09-06 16:00:33', '2017-09-06 16:00:33', '1b22bac6-c4bb-4e23-aeb0-43bac8a9de54'),
 ('72', '1', '2017-09-06 16:00:37', '2017-09-06 16:00:37', 'e3fca98c-63ad-41f1-bb54-b3d3294bd6c6'),
 ('76', '1', '2017-09-06 19:18:09', '2017-09-06 19:18:09', 'a2a51c97-b325-4373-beb3-c9af45d94f64'),
 ('78', '1', '2017-09-06 19:23:37', '2017-09-06 19:23:37', '068ac1ca-f8e2-47ac-b07b-71c1be9b7787'),
 ('84', '1', '2017-09-06 23:04:51', '2017-09-06 23:04:51', '2dd38d56-75f0-4cf7-b1ea-92dd96a093b9'),
 ('85', '1', '2017-09-06 23:04:56', '2017-09-06 23:04:56', '0e18afd7-e32e-4b50-8fd4-3f882ee4ecb0'),
 ('86', '1', '2017-09-06 23:05:08', '2017-09-06 23:05:08', 'bded789c-56fd-4a63-bf17-35457b4b904d'),
 ('90', '1', '2017-09-07 14:38:32', '2017-09-07 14:38:32', '0de09824-68d0-4f97-937f-51ee4c912ab0'),
 ('92', '1', '2017-09-07 14:42:09', '2017-09-07 14:42:09', 'd27b9ac7-cc1a-4d81-b3d5-089107105186'),
 ('95', '1', '2017-09-07 14:46:46', '2017-09-07 14:46:46', 'b1eb42ce-9d40-4aed-9222-34886f4077ab'),
 ('96', '1', '2017-09-07 14:46:48', '2017-09-07 14:46:48', 'c280c683-5b57-460e-b898-048d719f81d5'),
 ('97', '1', '2017-09-07 14:46:51', '2017-09-07 14:46:51', '6324e5c2-c6ae-4641-b35d-bbbb7025c20f'),
 ('100', '1', '2017-09-11 10:10:45', '2017-09-11 10:10:45', '2c019c9d-a5c9-40a3-9cfe-12e344619ca1'),
 ('101', '1', '2017-09-11 10:10:53', '2017-09-11 10:10:53', 'e991af4b-ba33-4383-8790-dbd29a7bef15'),
 ('102', '1', '2017-09-11 10:10:56', '2017-09-11 10:10:56', 'e4f67e1f-b915-42e5-b223-d4858b94b9cd'),
 ('105', '1', '2017-11-11 12:32:47', '2017-11-11 12:32:47', '0189ea9d-ac29-4ef1-9850-3a68706ea938'),
 ('106', '1', '2017-11-11 12:32:50', '2017-11-11 12:32:50', 'c33f38ce-a044-4196-b204-56a9cb761ec4'),
 ('107', '1', '2017-11-11 12:32:56', '2017-11-11 12:32:56', 'd19be8d8-85d2-46ba-a231-7259fdfd135a'),
 ('110', '1', '2017-11-11 12:40:38', '2017-11-11 12:40:38', '260e2d77-aa05-47e2-841d-b9f99f190ae5'),
 ('111', '1', '2017-11-11 12:40:42', '2017-11-11 12:40:42', '9fecca4e-0ff1-4c89-b50e-7d98b41e4a2e'),
 ('112', '1', '2017-11-11 12:40:46', '2017-11-11 12:40:46', '7e1411a6-4276-42ac-88f1-f02c692af6be'),
 ('116', '1', '2017-11-11 12:56:40', '2017-11-11 12:56:40', '469029e2-0c32-4d83-82cf-4ece9445990d'),
 ('120', '1', '2017-11-16 13:14:42', '2017-11-16 13:14:42', 'dcb94043-de95-4736-a6d5-08d98c5478fc'),
 ('121', '1', '2017-11-16 13:14:45', '2017-11-16 13:14:45', '5d05fe98-d63a-46b8-82ed-08607326869a');



DROP TABLE IF EXISTS `craft_tasks`;


--
-- Schema for table `craft_tasks`
--
CREATE TABLE `craft_tasks` (
  `id` int(11) NOT NULL AUTO_INCREMENT,
  `root` int(11) unsigned DEFAULT NULL,
  `lft` int(11) unsigned NOT NULL,
  `rgt` int(11) unsigned NOT NULL,
  `level` smallint(6) unsigned NOT NULL,
  `currentStep` int(11) unsigned DEFAULT NULL,
  `totalSteps` int(11) unsigned DEFAULT NULL,
  `status` enum('pending','error','running') COLLATE utf8_unicode_ci DEFAULT NULL,
  `type` varchar(150) COLLATE utf8_unicode_ci NOT NULL,
  `description` varchar(255) COLLATE utf8_unicode_ci DEFAULT NULL,
  `settings` mediumtext COLLATE utf8_unicode_ci,
  `dateCreated` datetime NOT NULL,
  `dateUpdated` datetime NOT NULL,
  `uid` char(36) COLLATE utf8_unicode_ci NOT NULL DEFAULT '0',
  PRIMARY KEY (`id`),
  KEY `craft_tasks_root_idx` (`root`),
  KEY `craft_tasks_lft_idx` (`lft`),
  KEY `craft_tasks_rgt_idx` (`rgt`),
  KEY `craft_tasks_level_idx` (`level`)
) ENGINE=InnoDB DEFAULT CHARSET=utf8 COLLATE=utf8_unicode_ci;

DROP TABLE IF EXISTS `craft_templatecachecriteria`;


--
-- Schema for table `craft_templatecachecriteria`
--
CREATE TABLE `craft_templatecachecriteria` (
  `id` int(11) NOT NULL AUTO_INCREMENT,
  `cacheId` int(11) NOT NULL,
  `type` varchar(150) COLLATE utf8_unicode_ci NOT NULL,
  `criteria` text COLLATE utf8_unicode_ci NOT NULL,
  PRIMARY KEY (`id`),
  KEY `craft_templatecachecriteria_cacheId_fk` (`cacheId`),
  KEY `craft_templatecachecriteria_type_idx` (`type`)
) ENGINE=InnoDB DEFAULT CHARSET=utf8 COLLATE=utf8_unicode_ci;

DROP TABLE IF EXISTS `craft_templatecacheelements`;


--
-- Schema for table `craft_templatecacheelements`
--
CREATE TABLE `craft_templatecacheelements` (
  `cacheId` int(11) NOT NULL,
  `elementId` int(11) NOT NULL,
  KEY `craft_templatecacheelements_cacheId_fk` (`cacheId`),
  KEY `craft_templatecacheelements_elementId_fk` (`elementId`)
) ENGINE=InnoDB DEFAULT CHARSET=utf8 COLLATE=utf8_unicode_ci;

DROP TABLE IF EXISTS `craft_templatecaches`;


--
-- Schema for table `craft_templatecaches`
--
CREATE TABLE `craft_templatecaches` (
  `id` int(11) NOT NULL AUTO_INCREMENT,
  `cacheKey` varchar(255) COLLATE utf8_unicode_ci NOT NULL,
  `locale` char(12) COLLATE utf8_unicode_ci NOT NULL,
  `path` varchar(255) COLLATE utf8_unicode_ci DEFAULT NULL,
  `expiryDate` datetime NOT NULL,
  `body` mediumtext COLLATE utf8_unicode_ci NOT NULL,
  PRIMARY KEY (`id`),
  KEY `craft_templatecaches_expiryDate_cacheKey_locale_path_idx` (`expiryDate`,`cacheKey`,`locale`,`path`),
  KEY `craft_templatecaches_locale_fk` (`locale`),
  KEY `craft_templatecaches_expiryDate_cacheKey_locale_idx` (`expiryDate`,`cacheKey`,`locale`)
) ENGINE=InnoDB DEFAULT CHARSET=utf8 COLLATE=utf8_unicode_ci;

DROP TABLE IF EXISTS `craft_tokens`;


--
-- Schema for table `craft_tokens`
--
CREATE TABLE `craft_tokens` (
  `id` int(11) NOT NULL AUTO_INCREMENT,
  `token` char(32) COLLATE utf8_unicode_ci NOT NULL,
  `route` text COLLATE utf8_unicode_ci,
  `usageLimit` tinyint(3) unsigned DEFAULT NULL,
  `usageCount` tinyint(3) unsigned DEFAULT NULL,
  `expiryDate` datetime NOT NULL,
  `dateCreated` datetime NOT NULL,
  `dateUpdated` datetime NOT NULL,
  `uid` char(36) COLLATE utf8_unicode_ci NOT NULL DEFAULT '0',
  PRIMARY KEY (`id`),
  UNIQUE KEY `craft_tokens_token_unq_idx` (`token`),
  KEY `craft_tokens_expiryDate_idx` (`expiryDate`)
) ENGINE=InnoDB DEFAULT CHARSET=utf8 COLLATE=utf8_unicode_ci;

DROP TABLE IF EXISTS `craft_usergroups`;


--
-- Schema for table `craft_usergroups`
--
CREATE TABLE `craft_usergroups` (
  `id` int(11) NOT NULL AUTO_INCREMENT,
  `name` varchar(255) COLLATE utf8_unicode_ci NOT NULL,
  `handle` varchar(255) COLLATE utf8_unicode_ci NOT NULL,
  `dateCreated` datetime NOT NULL,
  `dateUpdated` datetime NOT NULL,
  `uid` char(36) COLLATE utf8_unicode_ci NOT NULL DEFAULT '0',
  PRIMARY KEY (`id`),
  UNIQUE KEY `craft_usergroups_name_unq_idx` (`name`),
  UNIQUE KEY `craft_usergroups_handle_unq_idx` (`handle`)
) ENGINE=InnoDB DEFAULT CHARSET=utf8 COLLATE=utf8_unicode_ci;

DROP TABLE IF EXISTS `craft_usergroups_users`;


--
-- Schema for table `craft_usergroups_users`
--
CREATE TABLE `craft_usergroups_users` (
  `id` int(11) NOT NULL AUTO_INCREMENT,
  `groupId` int(11) NOT NULL,
  `userId` int(11) NOT NULL,
  `dateCreated` datetime NOT NULL,
  `dateUpdated` datetime NOT NULL,
  `uid` char(36) COLLATE utf8_unicode_ci NOT NULL DEFAULT '0',
  PRIMARY KEY (`id`),
  UNIQUE KEY `craft_usergroups_users_groupId_userId_unq_idx` (`groupId`,`userId`),
  KEY `craft_usergroups_users_userId_fk` (`userId`)
) ENGINE=InnoDB DEFAULT CHARSET=utf8 COLLATE=utf8_unicode_ci;

DROP TABLE IF EXISTS `craft_userpermissions`;


--
-- Schema for table `craft_userpermissions`
--
CREATE TABLE `craft_userpermissions` (
  `id` int(11) NOT NULL AUTO_INCREMENT,
  `name` varchar(255) COLLATE utf8_unicode_ci NOT NULL,
  `dateCreated` datetime NOT NULL,
  `dateUpdated` datetime NOT NULL,
  `uid` char(36) COLLATE utf8_unicode_ci NOT NULL DEFAULT '0',
  PRIMARY KEY (`id`),
  UNIQUE KEY `craft_userpermissions_name_unq_idx` (`name`)
) ENGINE=InnoDB DEFAULT CHARSET=utf8 COLLATE=utf8_unicode_ci;

DROP TABLE IF EXISTS `craft_userpermissions_usergroups`;


--
-- Schema for table `craft_userpermissions_usergroups`
--
CREATE TABLE `craft_userpermissions_usergroups` (
  `id` int(11) NOT NULL AUTO_INCREMENT,
  `permissionId` int(11) NOT NULL,
  `groupId` int(11) NOT NULL,
  `dateCreated` datetime NOT NULL,
  `dateUpdated` datetime NOT NULL,
  `uid` char(36) COLLATE utf8_unicode_ci NOT NULL DEFAULT '0',
  PRIMARY KEY (`id`),
  UNIQUE KEY `craft_userpermissions_usergroups_permissionId_groupId_unq_idx` (`permissionId`,`groupId`),
  KEY `craft_userpermissions_usergroups_groupId_fk` (`groupId`)
) ENGINE=InnoDB DEFAULT CHARSET=utf8 COLLATE=utf8_unicode_ci;

DROP TABLE IF EXISTS `craft_userpermissions_users`;


--
-- Schema for table `craft_userpermissions_users`
--
CREATE TABLE `craft_userpermissions_users` (
  `id` int(11) NOT NULL AUTO_INCREMENT,
  `permissionId` int(11) NOT NULL,
  `userId` int(11) NOT NULL,
  `dateCreated` datetime NOT NULL,
  `dateUpdated` datetime NOT NULL,
  `uid` char(36) COLLATE utf8_unicode_ci NOT NULL DEFAULT '0',
  PRIMARY KEY (`id`),
  UNIQUE KEY `craft_userpermissions_users_permissionId_userId_unq_idx` (`permissionId`,`userId`),
  KEY `craft_userpermissions_users_userId_fk` (`userId`)
) ENGINE=InnoDB DEFAULT CHARSET=utf8 COLLATE=utf8_unicode_ci;

DROP TABLE IF EXISTS `craft_users`;


--
-- Schema for table `craft_users`
--
CREATE TABLE `craft_users` (
  `id` int(11) NOT NULL,
  `username` varchar(100) COLLATE utf8_unicode_ci NOT NULL,
  `photo` varchar(100) COLLATE utf8_unicode_ci DEFAULT NULL,
  `firstName` varchar(100) COLLATE utf8_unicode_ci DEFAULT NULL,
  `lastName` varchar(100) COLLATE utf8_unicode_ci DEFAULT NULL,
  `email` varchar(255) COLLATE utf8_unicode_ci NOT NULL,
  `password` char(255) COLLATE utf8_unicode_ci DEFAULT NULL,
  `preferredLocale` char(12) COLLATE utf8_unicode_ci DEFAULT NULL,
  `weekStartDay` tinyint(1) unsigned NOT NULL DEFAULT '0',
  `admin` tinyint(1) unsigned NOT NULL DEFAULT '0',
  `client` tinyint(1) unsigned NOT NULL DEFAULT '0',
  `locked` tinyint(1) unsigned NOT NULL DEFAULT '0',
  `suspended` tinyint(1) unsigned NOT NULL DEFAULT '0',
  `pending` tinyint(1) unsigned NOT NULL DEFAULT '0',
  `archived` tinyint(1) unsigned NOT NULL DEFAULT '0',
  `lastLoginDate` datetime DEFAULT NULL,
  `lastLoginAttemptIPAddress` varchar(45) COLLATE utf8_unicode_ci DEFAULT NULL,
  `invalidLoginWindowStart` datetime DEFAULT NULL,
  `invalidLoginCount` tinyint(4) unsigned DEFAULT NULL,
  `lastInvalidLoginDate` datetime DEFAULT NULL,
  `lockoutDate` datetime DEFAULT NULL,
  `verificationCode` char(100) COLLATE utf8_unicode_ci DEFAULT NULL,
  `verificationCodeIssuedDate` datetime DEFAULT NULL,
  `unverifiedEmail` varchar(255) COLLATE utf8_unicode_ci DEFAULT NULL,
  `passwordResetRequired` tinyint(1) unsigned NOT NULL DEFAULT '0',
  `lastPasswordChangeDate` datetime DEFAULT NULL,
  `dateCreated` datetime NOT NULL,
  `dateUpdated` datetime NOT NULL,
  `uid` char(36) COLLATE utf8_unicode_ci NOT NULL DEFAULT '0',
  PRIMARY KEY (`id`),
  UNIQUE KEY `craft_users_username_unq_idx` (`username`),
  UNIQUE KEY `craft_users_email_unq_idx` (`email`),
  KEY `craft_users_verificationCode_idx` (`verificationCode`),
  KEY `craft_users_uid_idx` (`uid`),
  KEY `craft_users_preferredLocale_fk` (`preferredLocale`)
) ENGINE=InnoDB DEFAULT CHARSET=utf8 COLLATE=utf8_unicode_ci;

--
-- Data for table `craft_users`
--

INSERT INTO `craft_users` (`id`, `username`, `photo`, `firstName`, `lastName`, `email`, `password`, `preferredLocale`, `weekStartDay`, `admin`, `client`, `locked`, `suspended`, `pending`, `archived`, `lastLoginDate`, `lastLoginAttemptIPAddress`, `invalidLoginWindowStart`, `invalidLoginCount`, `lastInvalidLoginDate`, `lockoutDate`, `verificationCode`, `verificationCodeIssuedDate`, `unverifiedEmail`, `passwordResetRequired`, `lastPasswordChangeDate`, `dateCreated`, `dateUpdated`, `uid`) VALUES
 ('1', 'remcohoeneveld', NULL, NULL, NULL, 'remcohoeneveld@gmail.com', '$2y$13$xTQzsSuBOtSC88RKL8AWPeSMnu4Z5AqR4qQ3E78jt6/QoIMWXLn0m', NULL, '0', '1', '0', '0', '0', '0', '0', '2018-03-07 09:01:03', '192.168.33.1', NULL, NULL, '2017-11-11 12:31:42', NULL, NULL, NULL, NULL, '0', '2017-08-25 21:30:00', '2017-08-25 21:30:00', '2018-03-07 09:01:03', 'bcc07909-5f64-4cfc-aeac-abe59eee2ae3');



DROP TABLE IF EXISTS `craft_widgets`;


--
-- Schema for table `craft_widgets`
--
CREATE TABLE `craft_widgets` (
  `id` int(11) NOT NULL AUTO_INCREMENT,
  `userId` int(11) NOT NULL,
  `type` varchar(150) COLLATE utf8_unicode_ci NOT NULL,
  `sortOrder` smallint(6) unsigned DEFAULT NULL,
  `colspan` tinyint(4) unsigned DEFAULT NULL,
  `settings` text COLLATE utf8_unicode_ci,
  `enabled` tinyint(1) unsigned NOT NULL DEFAULT '1',
  `dateCreated` datetime NOT NULL,
  `dateUpdated` datetime NOT NULL,
  `uid` char(36) COLLATE utf8_unicode_ci NOT NULL DEFAULT '0',
  PRIMARY KEY (`id`),
  KEY `craft_widgets_userId_fk` (`userId`)
) ENGINE=InnoDB AUTO_INCREMENT=5 DEFAULT CHARSET=utf8 COLLATE=utf8_unicode_ci;

--
-- Data for table `craft_widgets`
--

INSERT INTO `craft_widgets` (`id`, `userId`, `type`, `sortOrder`, `colspan`, `settings`, `enabled`, `dateCreated`, `dateUpdated`, `uid`) VALUES
 ('1', '1', 'RecentEntries', '1', NULL, NULL, '1', '2017-08-25 21:30:05', '2017-08-25 21:30:05', 'a43ba9af-b4d2-4a1a-a79a-c1c5dc66d026'),
 ('2', '1', 'GetHelp', '2', NULL, NULL, '1', '2017-08-25 21:30:05', '2017-08-25 21:30:05', 'a3ab3348-d7f5-4cbc-bdc2-aef1333f8b2c'),
 ('3', '1', 'Updates', '3', NULL, NULL, '1', '2017-08-25 21:30:05', '2017-08-25 21:30:05', '54f16c05-e0d9-4552-929d-a1749d69f747'),
 ('4', '1', 'Feed', '4', NULL, '{\"url\":\"https:\\/\\/craftcms.com\\/news.rss\",\"title\":\"Craft News\"}', '1', '2017-08-25 21:30:05', '2017-08-25 21:30:05', '23739e95-5810-4d7b-a6f4-4ac65a3f4815');


--
-- Constraints for tables
--


--
-- Constraints for table `craft_assetfiles`
--
ALTER TABLE `craft_assetfiles`
	ADD CONSTRAINT `craft_assetfiles_folderId_fk` FOREIGN KEY (`folderId`) REFERENCES `craft_assetfolders` (`id`) ON DELETE CASCADE,
	ADD CONSTRAINT `craft_assetfiles_id_fk` FOREIGN KEY (`id`) REFERENCES `craft_elements` (`id`) ON DELETE CASCADE,
	ADD CONSTRAINT `craft_assetfiles_sourceId_fk` FOREIGN KEY (`sourceId`) REFERENCES `craft_assetsources` (`id`) ON DELETE CASCADE;

--
-- Constraints for table `craft_assetfolders`
--
ALTER TABLE `craft_assetfolders`
	ADD CONSTRAINT `craft_assetfolders_parentId_fk` FOREIGN KEY (`parentId`) REFERENCES `craft_assetfolders` (`id`) ON DELETE CASCADE,
	ADD CONSTRAINT `craft_assetfolders_sourceId_fk` FOREIGN KEY (`sourceId`) REFERENCES `craft_assetsources` (`id`) ON DELETE CASCADE;

--
-- Constraints for table `craft_assetindexdata`
--
ALTER TABLE `craft_assetindexdata`
	ADD CONSTRAINT `craft_assetindexdata_sourceId_fk` FOREIGN KEY (`sourceId`) REFERENCES `craft_assetsources` (`id`) ON DELETE CASCADE;

--
-- Constraints for table `craft_assetsources`
--
ALTER TABLE `craft_assetsources`
	ADD CONSTRAINT `craft_assetsources_fieldLayoutId_fk` FOREIGN KEY (`fieldLayoutId`) REFERENCES `craft_fieldlayouts` (`id`) ON DELETE SET NULL;

--
-- Constraints for table `craft_categories`
--
ALTER TABLE `craft_categories`
	ADD CONSTRAINT `craft_categories_groupId_fk` FOREIGN KEY (`groupId`) REFERENCES `craft_categorygroups` (`id`) ON DELETE CASCADE,
	ADD CONSTRAINT `craft_categories_id_fk` FOREIGN KEY (`id`) REFERENCES `craft_elements` (`id`) ON DELETE CASCADE;

--
-- Constraints for table `craft_categorygroups`
--
ALTER TABLE `craft_categorygroups`
	ADD CONSTRAINT `craft_categorygroups_fieldLayoutId_fk` FOREIGN KEY (`fieldLayoutId`) REFERENCES `craft_fieldlayouts` (`id`) ON DELETE SET NULL,
	ADD CONSTRAINT `craft_categorygroups_structureId_fk` FOREIGN KEY (`structureId`) REFERENCES `craft_structures` (`id`) ON DELETE CASCADE;

--
-- Constraints for table `craft_categorygroups_i18n`
--
ALTER TABLE `craft_categorygroups_i18n`
	ADD CONSTRAINT `craft_categorygroups_i18n_groupId_fk` FOREIGN KEY (`groupId`) REFERENCES `craft_categorygroups` (`id`) ON DELETE CASCADE,
	ADD CONSTRAINT `craft_categorygroups_i18n_locale_fk` FOREIGN KEY (`locale`) REFERENCES `craft_locales` (`locale`) ON DELETE CASCADE ON UPDATE CASCADE;

--
-- Constraints for table `craft_content`
--
ALTER TABLE `craft_content`
	ADD CONSTRAINT `craft_content_elementId_fk` FOREIGN KEY (`elementId`) REFERENCES `craft_elements` (`id`) ON DELETE CASCADE,
	ADD CONSTRAINT `craft_content_locale_fk` FOREIGN KEY (`locale`) REFERENCES `craft_locales` (`locale`) ON DELETE CASCADE ON UPDATE CASCADE;

--
-- Constraints for table `craft_elements_i18n`
--
ALTER TABLE `craft_elements_i18n`
	ADD CONSTRAINT `craft_elements_i18n_elementId_fk` FOREIGN KEY (`elementId`) REFERENCES `craft_elements` (`id`) ON DELETE CASCADE,
	ADD CONSTRAINT `craft_elements_i18n_locale_fk` FOREIGN KEY (`locale`) REFERENCES `craft_locales` (`locale`) ON DELETE CASCADE ON UPDATE CASCADE;

--
-- Constraints for table `craft_emailmessages`
--
ALTER TABLE `craft_emailmessages`
	ADD CONSTRAINT `craft_emailmessages_locale_fk` FOREIGN KEY (`locale`) REFERENCES `craft_locales` (`locale`) ON DELETE CASCADE ON UPDATE CASCADE;

--
-- Constraints for table `craft_entries`
--
ALTER TABLE `craft_entries`
	ADD CONSTRAINT `craft_entries_authorId_fk` FOREIGN KEY (`authorId`) REFERENCES `craft_users` (`id`) ON DELETE CASCADE,
	ADD CONSTRAINT `craft_entries_id_fk` FOREIGN KEY (`id`) REFERENCES `craft_elements` (`id`) ON DELETE CASCADE,
	ADD CONSTRAINT `craft_entries_sectionId_fk` FOREIGN KEY (`sectionId`) REFERENCES `craft_sections` (`id`) ON DELETE CASCADE,
	ADD CONSTRAINT `craft_entries_typeId_fk` FOREIGN KEY (`typeId`) REFERENCES `craft_entrytypes` (`id`) ON DELETE CASCADE;

--
-- Constraints for table `craft_entrydrafts`
--
ALTER TABLE `craft_entrydrafts`
	ADD CONSTRAINT `craft_entrydrafts_creatorId_fk` FOREIGN KEY (`creatorId`) REFERENCES `craft_users` (`id`) ON DELETE CASCADE,
	ADD CONSTRAINT `craft_entrydrafts_entryId_fk` FOREIGN KEY (`entryId`) REFERENCES `craft_entries` (`id`) ON DELETE CASCADE,
	ADD CONSTRAINT `craft_entrydrafts_locale_fk` FOREIGN KEY (`locale`) REFERENCES `craft_locales` (`locale`) ON DELETE CASCADE ON UPDATE CASCADE,
	ADD CONSTRAINT `craft_entrydrafts_sectionId_fk` FOREIGN KEY (`sectionId`) REFERENCES `craft_sections` (`id`) ON DELETE CASCADE;

--
-- Constraints for table `craft_entrytypes`
--
ALTER TABLE `craft_entrytypes`
	ADD CONSTRAINT `craft_entrytypes_fieldLayoutId_fk` FOREIGN KEY (`fieldLayoutId`) REFERENCES `craft_fieldlayouts` (`id`) ON DELETE SET NULL,
	ADD CONSTRAINT `craft_entrytypes_sectionId_fk` FOREIGN KEY (`sectionId`) REFERENCES `craft_sections` (`id`) ON DELETE CASCADE;

--
-- Constraints for table `craft_entryversions`
--
ALTER TABLE `craft_entryversions`
	ADD CONSTRAINT `craft_entryversions_creatorId_fk` FOREIGN KEY (`creatorId`) REFERENCES `craft_users` (`id`) ON DELETE SET NULL,
	ADD CONSTRAINT `craft_entryversions_entryId_fk` FOREIGN KEY (`entryId`) REFERENCES `craft_entries` (`id`) ON DELETE CASCADE,
	ADD CONSTRAINT `craft_entryversions_locale_fk` FOREIGN KEY (`locale`) REFERENCES `craft_locales` (`locale`) ON DELETE CASCADE ON UPDATE CASCADE,
	ADD CONSTRAINT `craft_entryversions_sectionId_fk` FOREIGN KEY (`sectionId`) REFERENCES `craft_sections` (`id`) ON DELETE CASCADE;

--
-- Constraints for table `craft_fieldlayoutfields`
--
ALTER TABLE `craft_fieldlayoutfields`
	ADD CONSTRAINT `craft_fieldlayoutfields_fieldId_fk` FOREIGN KEY (`fieldId`) REFERENCES `craft_fields` (`id`) ON DELETE CASCADE,
	ADD CONSTRAINT `craft_fieldlayoutfields_layoutId_fk` FOREIGN KEY (`layoutId`) REFERENCES `craft_fieldlayouts` (`id`) ON DELETE CASCADE,
	ADD CONSTRAINT `craft_fieldlayoutfields_tabId_fk` FOREIGN KEY (`tabId`) REFERENCES `craft_fieldlayouttabs` (`id`) ON DELETE CASCADE;

--
-- Constraints for table `craft_fieldlayouttabs`
--
ALTER TABLE `craft_fieldlayouttabs`
	ADD CONSTRAINT `craft_fieldlayouttabs_layoutId_fk` FOREIGN KEY (`layoutId`) REFERENCES `craft_fieldlayouts` (`id`) ON DELETE CASCADE;

--
-- Constraints for table `craft_fields`
--
ALTER TABLE `craft_fields`
	ADD CONSTRAINT `craft_fields_groupId_fk` FOREIGN KEY (`groupId`) REFERENCES `craft_fieldgroups` (`id`) ON DELETE CASCADE;

--
-- Constraints for table `craft_globalsets`
--
ALTER TABLE `craft_globalsets`
	ADD CONSTRAINT `craft_globalsets_fieldLayoutId_fk` FOREIGN KEY (`fieldLayoutId`) REFERENCES `craft_fieldlayouts` (`id`) ON DELETE SET NULL,
	ADD CONSTRAINT `craft_globalsets_id_fk` FOREIGN KEY (`id`) REFERENCES `craft_elements` (`id`) ON DELETE CASCADE;

--
-- Constraints for table `craft_matrixblocks`
--
ALTER TABLE `craft_matrixblocks`
	ADD CONSTRAINT `craft_matrixblocks_fieldId_fk` FOREIGN KEY (`fieldId`) REFERENCES `craft_fields` (`id`) ON DELETE CASCADE,
	ADD CONSTRAINT `craft_matrixblocks_id_fk` FOREIGN KEY (`id`) REFERENCES `craft_elements` (`id`) ON DELETE CASCADE,
	ADD CONSTRAINT `craft_matrixblocks_ownerId_fk` FOREIGN KEY (`ownerId`) REFERENCES `craft_elements` (`id`) ON DELETE CASCADE,
	ADD CONSTRAINT `craft_matrixblocks_ownerLocale_fk` FOREIGN KEY (`ownerLocale`) REFERENCES `craft_locales` (`locale`) ON DELETE CASCADE ON UPDATE CASCADE,
	ADD CONSTRAINT `craft_matrixblocks_typeId_fk` FOREIGN KEY (`typeId`) REFERENCES `craft_matrixblocktypes` (`id`) ON DELETE CASCADE;

--
-- Constraints for table `craft_matrixblocktypes`
--
ALTER TABLE `craft_matrixblocktypes`
	ADD CONSTRAINT `craft_matrixblocktypes_fieldId_fk` FOREIGN KEY (`fieldId`) REFERENCES `craft_fields` (`id`) ON DELETE CASCADE,
	ADD CONSTRAINT `craft_matrixblocktypes_fieldLayoutId_fk` FOREIGN KEY (`fieldLayoutId`) REFERENCES `craft_fieldlayouts` (`id`) ON DELETE SET NULL;

--
-- Constraints for table `craft_migrations`
--
ALTER TABLE `craft_migrations`
	ADD CONSTRAINT `craft_migrations_pluginId_fk` FOREIGN KEY (`pluginId`) REFERENCES `craft_plugins` (`id`) ON DELETE CASCADE;

--
-- Constraints for table `craft_relations`
--
ALTER TABLE `craft_relations`
	ADD CONSTRAINT `craft_relations_fieldId_fk` FOREIGN KEY (`fieldId`) REFERENCES `craft_fields` (`id`) ON DELETE CASCADE,
	ADD CONSTRAINT `craft_relations_sourceId_fk` FOREIGN KEY (`sourceId`) REFERENCES `craft_elements` (`id`) ON DELETE CASCADE,
	ADD CONSTRAINT `craft_relations_sourceLocale_fk` FOREIGN KEY (`sourceLocale`) REFERENCES `craft_locales` (`locale`) ON DELETE CASCADE ON UPDATE CASCADE,
	ADD CONSTRAINT `craft_relations_targetId_fk` FOREIGN KEY (`targetId`) REFERENCES `craft_elements` (`id`) ON DELETE CASCADE;

--
-- Constraints for table `craft_routes`
--
ALTER TABLE `craft_routes`
	ADD CONSTRAINT `craft_routes_locale_fk` FOREIGN KEY (`locale`) REFERENCES `craft_locales` (`locale`) ON DELETE CASCADE ON UPDATE CASCADE;

--
-- Constraints for table `craft_sections`
--
ALTER TABLE `craft_sections`
	ADD CONSTRAINT `craft_sections_structureId_fk` FOREIGN KEY (`structureId`) REFERENCES `craft_structures` (`id`) ON DELETE SET NULL;

--
-- Constraints for table `craft_sections_i18n`
--
ALTER TABLE `craft_sections_i18n`
	ADD CONSTRAINT `craft_sections_i18n_locale_fk` FOREIGN KEY (`locale`) REFERENCES `craft_locales` (`locale`) ON DELETE CASCADE ON UPDATE CASCADE,
	ADD CONSTRAINT `craft_sections_i18n_sectionId_fk` FOREIGN KEY (`sectionId`) REFERENCES `craft_sections` (`id`) ON DELETE CASCADE;

--
-- Constraints for table `craft_sessions`
--
ALTER TABLE `craft_sessions`
	ADD CONSTRAINT `craft_sessions_userId_fk` FOREIGN KEY (`userId`) REFERENCES `craft_users` (`id`) ON DELETE CASCADE;

--
-- Constraints for table `craft_shunnedmessages`
--
ALTER TABLE `craft_shunnedmessages`
	ADD CONSTRAINT `craft_shunnedmessages_userId_fk` FOREIGN KEY (`userId`) REFERENCES `craft_users` (`id`) ON DELETE CASCADE;

--
-- Constraints for table `craft_structureelements`
--
ALTER TABLE `craft_structureelements`
	ADD CONSTRAINT `craft_structureelements_elementId_fk` FOREIGN KEY (`elementId`) REFERENCES `craft_elements` (`id`) ON DELETE CASCADE,
	ADD CONSTRAINT `craft_structureelements_structureId_fk` FOREIGN KEY (`structureId`) REFERENCES `craft_structures` (`id`) ON DELETE CASCADE;

--
-- Constraints for table `craft_taggroups`
--
ALTER TABLE `craft_taggroups`
	ADD CONSTRAINT `craft_taggroups_fieldLayoutId_fk` FOREIGN KEY (`fieldLayoutId`) REFERENCES `craft_fieldlayouts` (`id`) ON DELETE SET NULL;

--
-- Constraints for table `craft_tags`
--
ALTER TABLE `craft_tags`
	ADD CONSTRAINT `craft_tags_groupId_fk` FOREIGN KEY (`groupId`) REFERENCES `craft_taggroups` (`id`) ON DELETE CASCADE,
	ADD CONSTRAINT `craft_tags_id_fk` FOREIGN KEY (`id`) REFERENCES `craft_elements` (`id`) ON DELETE CASCADE;

--
-- Constraints for table `craft_templatecachecriteria`
--
ALTER TABLE `craft_templatecachecriteria`
	ADD CONSTRAINT `craft_templatecachecriteria_cacheId_fk` FOREIGN KEY (`cacheId`) REFERENCES `craft_templatecaches` (`id`) ON DELETE CASCADE;

--
-- Constraints for table `craft_templatecacheelements`
--
ALTER TABLE `craft_templatecacheelements`
	ADD CONSTRAINT `craft_templatecacheelements_cacheId_fk` FOREIGN KEY (`cacheId`) REFERENCES `craft_templatecaches` (`id`) ON DELETE CASCADE,
	ADD CONSTRAINT `craft_templatecacheelements_elementId_fk` FOREIGN KEY (`elementId`) REFERENCES `craft_elements` (`id`) ON DELETE CASCADE;

--
-- Constraints for table `craft_templatecaches`
--
ALTER TABLE `craft_templatecaches`
	ADD CONSTRAINT `craft_templatecaches_locale_fk` FOREIGN KEY (`locale`) REFERENCES `craft_locales` (`locale`) ON DELETE CASCADE ON UPDATE CASCADE;

--
-- Constraints for table `craft_usergroups_users`
--
ALTER TABLE `craft_usergroups_users`
	ADD CONSTRAINT `craft_usergroups_users_groupId_fk` FOREIGN KEY (`groupId`) REFERENCES `craft_usergroups` (`id`) ON DELETE CASCADE,
	ADD CONSTRAINT `craft_usergroups_users_userId_fk` FOREIGN KEY (`userId`) REFERENCES `craft_users` (`id`) ON DELETE CASCADE;

--
-- Constraints for table `craft_userpermissions_usergroups`
--
ALTER TABLE `craft_userpermissions_usergroups`
	ADD CONSTRAINT `craft_userpermissions_usergroups_groupId_fk` FOREIGN KEY (`groupId`) REFERENCES `craft_usergroups` (`id`) ON DELETE CASCADE,
	ADD CONSTRAINT `craft_userpermissions_usergroups_permissionId_fk` FOREIGN KEY (`permissionId`) REFERENCES `craft_userpermissions` (`id`) ON DELETE CASCADE;

--
-- Constraints for table `craft_userpermissions_users`
--
ALTER TABLE `craft_userpermissions_users`
	ADD CONSTRAINT `craft_userpermissions_users_permissionId_fk` FOREIGN KEY (`permissionId`) REFERENCES `craft_userpermissions` (`id`) ON DELETE CASCADE,
	ADD CONSTRAINT `craft_userpermissions_users_userId_fk` FOREIGN KEY (`userId`) REFERENCES `craft_users` (`id`) ON DELETE CASCADE;

--
-- Constraints for table `craft_users`
--
ALTER TABLE `craft_users`
	ADD CONSTRAINT `craft_users_id_fk` FOREIGN KEY (`id`) REFERENCES `craft_elements` (`id`) ON DELETE CASCADE,
	ADD CONSTRAINT `craft_users_preferredLocale_fk` FOREIGN KEY (`preferredLocale`) REFERENCES `craft_locales` (`locale`) ON DELETE SET NULL ON UPDATE CASCADE;

--
-- Constraints for table `craft_widgets`
--
ALTER TABLE `craft_widgets`
	ADD CONSTRAINT `craft_widgets_userId_fk` FOREIGN KEY (`userId`) REFERENCES `craft_users` (`id`) ON DELETE CASCADE;

SET FOREIGN_KEY_CHECKS = 1;
